DEBUG 2025-04-25 02:44:25,226 views 6368 7284 Debug message
DEBUG 2025-04-25 02:44:34,568 views 8096 10508 Debug message
INFO 2025-04-25 02:44:34,569 views 8096 10508 User logged in
WARNING 2025-04-25 02:44:34,570 views 8096 10508 API response slow
ERROR 2025-04-25 02:44:34,570 views 8096 10508 Payment failed
CRITICAL 2025-04-25 02:44:34,571 views 8096 10508 Database down
DEBUG 2025-04-25 02:46:20,136 views 6192 10068 Debug message
INFO 2025-04-25 02:46:20,136 views 6192 10068 User logged in
WARNING 2025-04-25 02:46:20,137 views 6192 10068 API response slow
ERROR 2025-04-25 02:46:20,138 views 6192 10068 Payment failed
CRITICAL 2025-04-25 02:46:20,139 views 6192 10068 Database down
DEBUG 2025-04-25 02:48:44,153 views 8028 8120 Debug message
INFO 2025-04-25 02:48:44,155 views 8028 8120 User logged in
WARNING 2025-04-25 02:48:44,155 views 8028 8120 API response slow
ERROR 2025-04-25 02:48:44,155 views 8028 8120 Payment failed
CRITICAL 2025-04-25 02:48:44,156 views 8028 8120 Database down
DEBUG 2025-04-25 02:49:23,403 views 384 9204 Debug message
INFO 2025-04-25 02:49:23,404 views 384 9204 User logged in
WARNING 2025-04-25 02:49:23,404 views 384 9204 API response slow
ERROR 2025-04-25 02:49:23,405 views 384 9204 Payment failed
CRITICAL 2025-04-25 02:49:23,405 views 384 9204 Database down
DEBUG 2025-04-25 02:53:33,730 views 4244 10508 Debug message
INFO 2025-04-25 02:53:33,730 views 4244 10508 User logged in
WARNING 2025-04-25 02:53:33,730 views 4244 10508 API response slow
ERROR 2025-04-25 02:53:33,730 views 4244 10508 Payment failed
CRITICAL 2025-04-25 02:53:33,730 views 4244 10508 Database down
DEBUG 2025-04-25 02:53:53,989 views 4244 10664 Login page accessed
INFO 2025-04-25 02:53:53,990 views 4244 10664 User AnonymousUser logged in
DEBUG 2025-04-25 02:54:08,067 views 4244 1708 Login page accessed
INFO 2025-04-25 02:54:08,068 views 4244 1708 User AnonymousUser logged in
DEBUG 2025-04-25 02:54:19,281 views 4244 8752 Login page accessed
INFO 2025-04-25 02:54:19,281 views 4244 8752 User AnonymousUser logged in
DEBUG 2025-04-25 03:05:55,791 views 9644 2984 Debug message
INFO 2025-04-25 03:05:55,791 views 9644 2984 User logged in
WARNING 2025-04-25 03:05:55,792 views 9644 2984 API response slow
ERROR 2025-04-25 03:05:55,794 views 9644 2984 Payment failed
CRITICAL 2025-04-25 03:05:55,795 views 9644 2984 Database down
DEBUG 2025-04-25 03:06:18,277 views 4580 7080 Debug message
INFO 2025-04-25 03:06:18,278 views 4580 7080 User logged in
WARNING 2025-04-25 03:06:18,279 views 4580 7080 API response slow
ERROR 2025-04-25 03:06:18,282 views 4580 7080 Payment failed
CRITICAL 2025-04-25 03:06:18,282 views 4580 7080 Database down
DEBUG 2025-04-25 20:43:42,147 views 8020 10036 Debug message
INFO 2025-04-25 20:43:42,191 views 8020 10036 User logged in
WARNING 2025-04-25 20:43:42,191 views 8020 10036 API response slow
ERROR 2025-04-25 20:43:42,191 views 8020 10036 Payment failed
CRITICAL 2025-04-25 20:43:42,191 views 8020 10036 Database down
DEBUG 2025-04-25 20:45:43,436 views 8632 9284 Debug message
INFO 2025-04-25 20:45:43,436 views 8632 9284 User logged in
WARNING 2025-04-25 20:45:43,436 views 8632 9284 API response slow
ERROR 2025-04-25 20:45:43,446 views 8632 9284 Payment failed
CRITICAL 2025-04-25 20:45:43,446 views 8632 9284 Database down
DEBUG 2025-04-25 20:45:58,816 views 3052 3332 Debug message
INFO 2025-04-25 20:45:58,816 views 3052 3332 User logged in
WARNING 2025-04-25 20:45:58,816 views 3052 3332 API response slow
ERROR 2025-04-25 20:45:58,826 views 3052 3332 Payment failed
CRITICAL 2025-04-25 20:45:58,826 views 3052 3332 Database down
DEBUG 2025-04-25 20:47:02,046 views 9728 8336 Debug message
INFO 2025-04-25 20:47:02,047 views 9728 8336 User logged in
WARNING 2025-04-25 20:47:02,049 views 9728 8336 API response slow
ERROR 2025-04-25 20:47:02,051 views 9728 8336 Payment failed
CRITICAL 2025-04-25 20:47:02,052 views 9728 8336 Database down
DEBUG 2025-04-25 20:48:35,665 views 7036 4688 Debug message
INFO 2025-04-25 20:48:35,665 views 7036 4688 User logged in
WARNING 2025-04-25 20:48:35,675 views 7036 4688 API response slow
ERROR 2025-04-25 20:48:35,675 views 7036 4688 Payment failed
CRITICAL 2025-04-25 20:48:35,675 views 7036 4688 Database down
DEBUG 2025-04-25 20:48:54,538 views 8516 9996 Debug message
INFO 2025-04-25 20:48:54,538 views 8516 9996 User logged in
WARNING 2025-04-25 20:48:54,538 views 8516 9996 API response slow
ERROR 2025-04-25 20:48:54,538 views 8516 9996 Payment failed
CRITICAL 2025-04-25 20:48:54,538 views 8516 9996 Database down
DEBUG 2025-04-25 20:49:06,642 views 9692 2252 Debug message
INFO 2025-04-25 20:49:06,642 views 9692 2252 User logged in
WARNING 2025-04-25 20:49:06,644 views 9692 2252 API response slow
ERROR 2025-04-25 20:49:06,645 views 9692 2252 Payment failed
CRITICAL 2025-04-25 20:49:06,646 views 9692 2252 Database down
DEBUG 2025-04-25 20:49:30,044 views 3444 8664 Debug message
INFO 2025-04-25 20:49:30,045 views 3444 8664 User logged in
WARNING 2025-04-25 20:49:30,045 views 3444 8664 API response slow
ERROR 2025-04-25 20:49:30,045 views 3444 8664 Payment failed
CRITICAL 2025-04-25 20:49:30,045 views 3444 8664 Database down
DEBUG 2025-04-25 21:00:42,910 views 11164 9272 Debug message
INFO 2025-04-25 21:00:42,910 views 11164 9272 User logged in
WARNING 2025-04-25 21:00:42,910 views 11164 9272 API response slow
ERROR 2025-04-25 21:00:42,910 views 11164 9272 Payment failed
CRITICAL 2025-04-25 21:00:42,910 views 11164 9272 Database down
DEBUG 2025-04-25 21:01:13,881 views 1360 284 Debug message
INFO 2025-04-25 21:01:13,881 views 1360 284 User logged in
WARNING 2025-04-25 21:01:13,881 views 1360 284 API response slow
ERROR 2025-04-25 21:01:13,881 views 1360 284 Payment failed
CRITICAL 2025-04-25 21:01:13,881 views 1360 284 Database down
DEBUG 2025-04-25 21:01:20,030 views 10532 10560 Debug message
INFO 2025-04-25 21:01:20,039 views 10532 10560 User logged in
WARNING 2025-04-25 21:01:20,043 views 10532 10560 API response slow
ERROR 2025-04-25 21:01:20,043 views 10532 10560 Payment failed
CRITICAL 2025-04-25 21:01:20,044 views 10532 10560 Database down
DEBUG 2025-04-25 21:05:22,913 views 11064 6188 Debug message
INFO 2025-04-25 21:05:22,914 views 11064 6188 User logged in
WARNING 2025-04-25 21:05:22,918 views 11064 6188 API response slow
ERROR 2025-04-25 21:05:22,918 views 11064 6188 Payment failed
CRITICAL 2025-04-25 21:05:22,919 views 11064 6188 Database down
DEBUG 2025-04-25 21:15:34,467 views 9600 11120 Debug message
INFO 2025-04-25 21:15:34,468 views 9600 11120 User logged in
WARNING 2025-04-25 21:15:34,469 views 9600 11120 API response slow
ERROR 2025-04-25 21:15:34,471 views 9600 11120 Payment failed
CRITICAL 2025-04-25 21:15:34,472 views 9600 11120 Database down
DEBUG 2025-04-25 21:16:10,519 views 10216 7576 Debug message
INFO 2025-04-25 21:16:10,519 views 10216 7576 User logged in
WARNING 2025-04-25 21:16:10,519 views 10216 7576 API response slow
ERROR 2025-04-25 21:16:10,519 views 10216 7576 Payment failed
CRITICAL 2025-04-25 21:16:10,519 views 10216 7576 Database down
DEBUG 2025-04-25 21:17:41,729 views 10468 10172 Debug message
INFO 2025-04-25 21:17:41,731 views 10468 10172 User logged in
WARNING 2025-04-25 21:17:41,731 views 10468 10172 API response slow
ERROR 2025-04-25 21:17:41,731 views 10468 10172 Payment failed
CRITICAL 2025-04-25 21:17:41,731 views 10468 10172 Database down
DEBUG 2025-04-25 21:18:28,222 views 10696 3664 Debug message
INFO 2025-04-25 21:18:28,223 views 10696 3664 User logged in
WARNING 2025-04-25 21:18:28,224 views 10696 3664 API response slow
ERROR 2025-04-25 21:18:28,226 views 10696 3664 Payment failed
CRITICAL 2025-04-25 21:18:28,227 views 10696 3664 Database down
DEBUG 2025-04-25 21:18:56,040 views 8892 9312 Debug message
INFO 2025-04-25 21:18:56,041 views 8892 9312 User logged in
WARNING 2025-04-25 21:18:56,044 views 8892 9312 API response slow
ERROR 2025-04-25 21:18:56,045 views 8892 9312 Payment failed
CRITICAL 2025-04-25 21:18:56,048 views 8892 9312 Database down
DEBUG 2025-04-25 21:19:57,956 views 5536 10648 Debug message
INFO 2025-04-25 21:19:57,956 views 5536 10648 User logged in
WARNING 2025-04-25 21:19:57,959 views 5536 10648 API response slow
ERROR 2025-04-25 21:19:57,959 views 5536 10648 Payment failed
CRITICAL 2025-04-25 21:19:57,962 views 5536 10648 Database down
DEBUG 2025-04-25 21:35:05,959 views 9500 9504 Debug message
INFO 2025-04-25 21:35:05,959 views 9500 9504 User logged in
WARNING 2025-04-25 21:35:05,959 views 9500 9504 API response slow
ERROR 2025-04-25 21:35:05,959 views 9500 9504 Payment failed
CRITICAL 2025-04-25 21:35:05,959 views 9500 9504 Database down
DEBUG 2025-04-26 20:52:37,914 views 5768 9852 Debug message
INFO 2025-04-26 20:52:37,934 views 5768 9852 User logged in
WARNING 2025-04-26 20:52:37,934 views 5768 9852 API response slow
ERROR 2025-04-26 20:52:37,934 views 5768 9852 Payment failed
CRITICAL 2025-04-26 20:52:37,937 views 5768 9852 Database down
DEBUG 2025-04-28 23:57:02,451 views 124 5100 Debug message
INFO 2025-04-28 23:57:02,452 views 124 5100 User logged in
WARNING 2025-04-28 23:57:02,453 views 124 5100 API response slow
ERROR 2025-04-28 23:57:02,453 views 124 5100 Payment failed
CRITICAL 2025-04-28 23:57:02,453 views 124 5100 Database down
DEBUG 2025-04-29 00:30:24,522 views 9668 5976 Debug message
INFO 2025-04-29 00:30:24,540 views 9668 5976 User logged in
WARNING 2025-04-29 00:30:24,541 views 9668 5976 API response slow
ERROR 2025-04-29 00:30:24,543 views 9668 5976 Payment failed
CRITICAL 2025-04-29 00:30:24,546 views 9668 5976 Database down
DEBUG 2025-04-29 00:35:35,495 views 9668 2916 Login page accessed
INFO 2025-04-29 00:35:35,497 views 9668 2916 User AnonymousUser logged in
DEBUG 2025-04-29 00:35:46,456 views 9668 4660 Login page accessed
INFO 2025-04-29 00:35:46,457 views 9668 4660 User AnonymousUser logged in
DEBUG 2025-04-29 00:38:23,631 views 9668 6264 Login page accessed
INFO 2025-04-29 00:38:23,730 views 9668 6264 User ADMIN logged in
DEBUG 2025-04-29 00:40:34,822 views 9452 10672 Debug message
INFO 2025-04-29 00:40:34,823 views 9452 10672 User logged in
WARNING 2025-04-29 00:40:34,825 views 9452 10672 API response slow
ERROR 2025-04-29 00:40:34,826 views 9452 10672 Payment failed
CRITICAL 2025-04-29 00:40:34,826 views 9452 10672 Database down
DEBUG 2025-04-29 00:48:56,546 views 9628 4556 Debug message
INFO 2025-04-29 00:48:56,546 views 9628 4556 User logged in
WARNING 2025-04-29 00:48:56,548 views 9628 4556 API response slow
ERROR 2025-04-29 00:48:56,550 views 9628 4556 Payment failed
CRITICAL 2025-04-29 00:48:56,550 views 9628 4556 Database down
DEBUG 2025-04-29 00:54:08,748 views 8780 11660 Debug message
INFO 2025-04-29 00:54:08,749 views 8780 11660 User logged in
WARNING 2025-04-29 00:54:08,752 views 8780 11660 API response slow
ERROR 2025-04-29 00:54:08,753 views 8780 11660 Payment failed
CRITICAL 2025-04-29 00:54:08,755 views 8780 11660 Database down
DEBUG 2025-04-29 00:56:27,872 views 9368 3924 Debug message
INFO 2025-04-29 00:56:27,873 views 9368 3924 User logged in
WARNING 2025-04-29 00:56:27,875 views 9368 3924 API response slow
ERROR 2025-04-29 00:56:27,877 views 9368 3924 Payment failed
CRITICAL 2025-04-29 00:56:27,878 views 9368 3924 Database down
DEBUG 2025-04-29 01:04:21,054 views 6788 10544 Debug message
INFO 2025-04-29 01:04:21,054 views 6788 10544 User logged in
WARNING 2025-04-29 01:04:21,056 views 6788 10544 API response slow
ERROR 2025-04-29 01:04:21,058 views 6788 10544 Payment failed
CRITICAL 2025-04-29 01:04:21,058 views 6788 10544 Database down
DEBUG 2025-04-29 01:05:05,221 views 10440 11728 Debug message
INFO 2025-04-29 01:05:05,222 views 10440 11728 User logged in
WARNING 2025-04-29 01:05:05,224 views 10440 11728 API response slow
ERROR 2025-04-29 01:05:05,225 views 10440 11728 Payment failed
CRITICAL 2025-04-29 01:05:05,227 views 10440 11728 Database down
DEBUG 2025-04-29 01:05:23,417 views 4928 11960 Debug message
INFO 2025-04-29 01:05:23,418 views 4928 11960 User logged in
WARNING 2025-04-29 01:05:23,420 views 4928 11960 API response slow
ERROR 2025-04-29 01:05:23,422 views 4928 11960 Payment failed
CRITICAL 2025-04-29 01:05:23,423 views 4928 11960 Database down
DEBUG 2025-04-29 01:06:53,611 views 7088 12000 Debug message
INFO 2025-04-29 01:06:53,612 views 7088 12000 User logged in
WARNING 2025-04-29 01:06:53,614 views 7088 12000 API response slow
ERROR 2025-04-29 01:06:53,615 views 7088 12000 Payment failed
CRITICAL 2025-04-29 01:06:53,616 views 7088 12000 Database down
DEBUG 2025-04-29 01:06:58,124 views 8496 2656 Debug message
INFO 2025-04-29 01:06:58,124 views 8496 2656 User logged in
WARNING 2025-04-29 01:06:58,126 views 8496 2656 API response slow
ERROR 2025-04-29 01:06:58,128 views 8496 2656 Payment failed
CRITICAL 2025-04-29 01:06:58,129 views 8496 2656 Database down
DEBUG 2025-04-29 01:08:27,419 views 11728 9860 Debug message
INFO 2025-04-29 01:08:27,420 views 11728 9860 User logged in
WARNING 2025-04-29 01:08:27,421 views 11728 9860 API response slow
ERROR 2025-04-29 01:08:27,423 views 11728 9860 Payment failed
CRITICAL 2025-04-29 01:08:27,424 views 11728 9860 Database down
DEBUG 2025-04-29 01:08:37,383 views 8896 10608 Debug message
INFO 2025-04-29 01:08:37,383 views 8896 10608 User logged in
WARNING 2025-04-29 01:08:37,385 views 8896 10608 API response slow
ERROR 2025-04-29 01:08:37,386 views 8896 10608 Payment failed
CRITICAL 2025-04-29 01:08:37,387 views 8896 10608 Database down
DEBUG 2025-04-29 01:08:51,013 views 12108 10228 Debug message
INFO 2025-04-29 01:08:51,013 views 12108 10228 User logged in
WARNING 2025-04-29 01:08:51,015 views 12108 10228 API response slow
ERROR 2025-04-29 01:08:51,017 views 12108 10228 Payment failed
CRITICAL 2025-04-29 01:08:51,018 views 12108 10228 Database down
DEBUG 2025-04-29 01:28:34,370 views 12076 11920 Debug message
INFO 2025-04-29 01:28:34,370 views 12076 11920 User logged in
WARNING 2025-04-29 01:28:34,370 views 12076 11920 API response slow
ERROR 2025-04-29 01:28:34,370 views 12076 11920 Payment failed
CRITICAL 2025-04-29 01:28:34,370 views 12076 11920 Database down
DEBUG 2025-04-29 01:28:42,014 views 3200 4148 Debug message
INFO 2025-04-29 01:28:42,015 views 3200 4148 User logged in
WARNING 2025-04-29 01:28:42,017 views 3200 4148 API response slow
ERROR 2025-04-29 01:28:42,018 views 3200 4148 Payment failed
CRITICAL 2025-04-29 01:28:42,019 views 3200 4148 Database down
DEBUG 2025-04-29 01:28:46,398 views 11740 10672 Debug message
INFO 2025-04-29 01:28:46,398 views 11740 10672 User logged in
WARNING 2025-04-29 01:28:46,398 views 11740 10672 API response slow
ERROR 2025-04-29 01:28:46,398 views 11740 10672 Payment failed
CRITICAL 2025-04-29 01:28:46,398 views 11740 10672 Database down
DEBUG 2025-04-29 01:28:51,721 views 5900 2572 Debug message
INFO 2025-04-29 01:28:51,721 views 5900 2572 User logged in
WARNING 2025-04-29 01:28:51,721 views 5900 2572 API response slow
ERROR 2025-04-29 01:28:51,721 views 5900 2572 Payment failed
CRITICAL 2025-04-29 01:28:51,721 views 5900 2572 Database down
DEBUG 2025-04-29 01:29:04,390 views 8140 11428 Debug message
INFO 2025-04-29 01:29:04,391 views 8140 11428 User logged in
WARNING 2025-04-29 01:29:04,392 views 8140 11428 API response slow
ERROR 2025-04-29 01:29:04,392 views 8140 11428 Payment failed
CRITICAL 2025-04-29 01:29:04,392 views 8140 11428 Database down
DEBUG 2025-04-29 01:32:39,689 views 11124 4588 Debug message
INFO 2025-04-29 01:32:39,689 views 11124 4588 User logged in
WARNING 2025-04-29 01:32:39,705 views 11124 4588 API response slow
ERROR 2025-04-29 01:32:39,705 views 11124 4588 Payment failed
CRITICAL 2025-04-29 01:32:39,705 views 11124 4588 Database down
DEBUG 2025-04-29 01:32:46,547 views 3768 11040 Debug message
INFO 2025-04-29 01:32:46,547 views 3768 11040 User logged in
WARNING 2025-04-29 01:32:46,547 views 3768 11040 API response slow
ERROR 2025-04-29 01:32:46,547 views 3768 11040 Payment failed
CRITICAL 2025-04-29 01:32:46,547 views 3768 11040 Database down
DEBUG 2025-04-29 01:32:53,961 views 10008 8432 Debug message
INFO 2025-04-29 01:32:53,961 views 10008 8432 User logged in
WARNING 2025-04-29 01:32:53,961 views 10008 8432 API response slow
ERROR 2025-04-29 01:32:53,961 views 10008 8432 Payment failed
CRITICAL 2025-04-29 01:32:53,961 views 10008 8432 Database down
DEBUG 2025-04-29 01:34:21,279 views 7492 3452 Debug message
INFO 2025-04-29 01:34:21,281 views 7492 3452 User logged in
WARNING 2025-04-29 01:34:21,282 views 7492 3452 API response slow
ERROR 2025-04-29 01:34:21,283 views 7492 3452 Payment failed
CRITICAL 2025-04-29 01:34:21,284 views 7492 3452 Database down
DEBUG 2025-04-29 01:34:48,433 views 11960 10772 Debug message
INFO 2025-04-29 01:34:48,434 views 11960 10772 User logged in
WARNING 2025-04-29 01:34:48,435 views 11960 10772 API response slow
ERROR 2025-04-29 01:34:48,437 views 11960 10772 Payment failed
CRITICAL 2025-04-29 01:34:48,438 views 11960 10772 Database down
DEBUG 2025-04-29 01:35:19,139 views 9488 12076 Debug message
INFO 2025-04-29 01:35:19,140 views 9488 12076 User logged in
WARNING 2025-04-29 01:35:19,141 views 9488 12076 API response slow
ERROR 2025-04-29 01:35:19,144 views 9488 12076 Payment failed
CRITICAL 2025-04-29 01:35:19,145 views 9488 12076 Database down
DEBUG 2025-04-29 01:35:32,145 views 11124 11740 Debug message
INFO 2025-04-29 01:35:32,145 views 11124 11740 User logged in
WARNING 2025-04-29 01:35:32,147 views 11124 11740 API response slow
ERROR 2025-04-29 01:35:32,149 views 11124 11740 Payment failed
CRITICAL 2025-04-29 01:35:32,150 views 11124 11740 Database down
DEBUG 2025-04-29 01:35:38,019 views 11044 9012 Debug message
INFO 2025-04-29 01:35:38,019 views 11044 9012 User logged in
WARNING 2025-04-29 01:35:38,021 views 11044 9012 API response slow
ERROR 2025-04-29 01:35:38,022 views 11044 9012 Payment failed
CRITICAL 2025-04-29 01:35:38,023 views 11044 9012 Database down
DEBUG 2025-04-29 01:35:42,551 views 7660 6792 Debug message
INFO 2025-04-29 01:35:42,552 views 7660 6792 User logged in
WARNING 2025-04-29 01:35:42,553 views 7660 6792 API response slow
ERROR 2025-04-29 01:35:42,555 views 7660 6792 Payment failed
CRITICAL 2025-04-29 01:35:42,556 views 7660 6792 Database down
DEBUG 2025-04-29 01:57:29,527 views 9576 4588 Debug message
INFO 2025-04-29 01:57:29,528 views 9576 4588 User logged in
WARNING 2025-04-29 01:57:29,528 views 9576 4588 API response slow
ERROR 2025-04-29 01:57:29,528 views 9576 4588 Payment failed
CRITICAL 2025-04-29 01:57:29,529 views 9576 4588 Database down
DEBUG 2025-04-29 02:02:08,924 views 11308 11916 Debug message
INFO 2025-04-29 02:02:08,925 views 11308 11916 User logged in
WARNING 2025-04-29 02:02:08,928 views 11308 11916 API response slow
ERROR 2025-04-29 02:02:08,929 views 11308 11916 Payment failed
CRITICAL 2025-04-29 02:02:08,929 views 11308 11916 Database down
DEBUG 2025-04-29 02:06:47,098 views 11728 7448 Debug message
INFO 2025-04-29 02:06:47,098 views 11728 7448 User logged in
WARNING 2025-04-29 02:06:47,100 views 11728 7448 API response slow
ERROR 2025-04-29 02:06:47,102 views 11728 7448 Payment failed
CRITICAL 2025-04-29 02:06:47,103 views 11728 7448 Database down
DEBUG 2025-04-29 02:06:58,781 views 7232 9860 Debug message
INFO 2025-04-29 02:06:58,781 views 7232 9860 User logged in
WARNING 2025-04-29 02:06:58,784 views 7232 9860 API response slow
ERROR 2025-04-29 02:06:58,786 views 7232 9860 Payment failed
CRITICAL 2025-04-29 02:06:58,786 views 7232 9860 Database down
DEBUG 2025-04-29 02:07:13,884 views 10788 9592 Debug message
INFO 2025-04-29 02:07:13,884 views 10788 9592 User logged in
WARNING 2025-04-29 02:07:13,886 views 10788 9592 API response slow
ERROR 2025-04-29 02:07:13,887 views 10788 9592 Payment failed
CRITICAL 2025-04-29 02:07:13,888 views 10788 9592 Database down
DEBUG 2025-04-29 02:07:18,887 views 8548 7644 Debug message
INFO 2025-04-29 02:07:18,888 views 8548 7644 User logged in
WARNING 2025-04-29 02:07:18,888 views 8548 7644 API response slow
ERROR 2025-04-29 02:07:18,890 views 8548 7644 Payment failed
CRITICAL 2025-04-29 02:07:18,891 views 8548 7644 Database down
DEBUG 2025-04-29 02:07:27,855 views 6892 5900 Debug message
INFO 2025-04-29 02:07:27,855 views 6892 5900 User logged in
WARNING 2025-04-29 02:07:27,857 views 6892 5900 API response slow
ERROR 2025-04-29 02:07:27,858 views 6892 5900 Payment failed
CRITICAL 2025-04-29 02:07:27,859 views 6892 5900 Database down
DEBUG 2025-04-29 02:10:16,706 views 1868 11732 Debug message
INFO 2025-04-29 02:10:16,706 views 1868 11732 User logged in
WARNING 2025-04-29 02:10:16,709 views 1868 11732 API response slow
ERROR 2025-04-29 02:10:16,711 views 1868 11732 Payment failed
CRITICAL 2025-04-29 02:10:16,712 views 1868 11732 Database down
DEBUG 2025-04-29 02:13:13,823 views 9300 6880 Debug message
INFO 2025-04-29 02:13:13,823 views 9300 6880 User logged in
WARNING 2025-04-29 02:13:13,825 views 9300 6880 API response slow
ERROR 2025-04-29 02:13:13,827 views 9300 6880 Payment failed
CRITICAL 2025-04-29 02:13:13,828 views 9300 6880 Database down
DEBUG 2025-04-29 02:16:38,319 views 8416 11536 Debug message
INFO 2025-04-29 02:16:38,319 views 8416 11536 User logged in
WARNING 2025-04-29 02:16:38,321 views 8416 11536 API response slow
ERROR 2025-04-29 02:16:38,323 views 8416 11536 Payment failed
CRITICAL 2025-04-29 02:16:38,324 views 8416 11536 Database down
DEBUG 2025-04-29 02:16:46,137 views 11184 1396 Debug message
INFO 2025-04-29 02:16:46,138 views 11184 1396 User logged in
WARNING 2025-04-29 02:16:46,140 views 11184 1396 API response slow
ERROR 2025-04-29 02:16:46,141 views 11184 1396 Payment failed
CRITICAL 2025-04-29 02:16:46,142 views 11184 1396 Database down
DEBUG 2025-04-29 02:18:37,066 views 8892 9528 Debug message
INFO 2025-04-29 02:18:37,066 views 8892 9528 User logged in
WARNING 2025-04-29 02:18:37,067 views 8892 9528 API response slow
ERROR 2025-04-29 02:18:37,070 views 8892 9528 Payment failed
CRITICAL 2025-04-29 02:18:37,070 views 8892 9528 Database down
DEBUG 2025-04-29 02:18:44,856 views 9032 11864 Debug message
INFO 2025-04-29 02:18:44,856 views 9032 11864 User logged in
WARNING 2025-04-29 02:18:44,858 views 9032 11864 API response slow
ERROR 2025-04-29 02:18:44,860 views 9032 11864 Payment failed
CRITICAL 2025-04-29 02:18:44,860 views 9032 11864 Database down
DEBUG 2025-04-29 02:18:53,997 views 8704 11884 Debug message
INFO 2025-04-29 02:18:53,998 views 8704 11884 User logged in
WARNING 2025-04-29 02:18:53,999 views 8704 11884 API response slow
ERROR 2025-04-29 02:18:54,000 views 8704 11884 Payment failed
CRITICAL 2025-04-29 02:18:54,001 views 8704 11884 Database down
DEBUG 2025-04-29 02:21:12,903 views 11268 1876 Debug message
INFO 2025-04-29 02:21:12,904 views 11268 1876 User logged in
WARNING 2025-04-29 02:21:12,904 views 11268 1876 API response slow
ERROR 2025-04-29 02:21:12,904 views 11268 1876 Payment failed
CRITICAL 2025-04-29 02:21:12,906 views 11268 1876 Database down
DEBUG 2025-04-29 02:21:24,509 views 10300 3768 Debug message
INFO 2025-04-29 02:21:24,509 views 10300 3768 User logged in
WARNING 2025-04-29 02:21:24,510 views 10300 3768 API response slow
ERROR 2025-04-29 02:21:24,511 views 10300 3768 Payment failed
CRITICAL 2025-04-29 02:21:24,511 views 10300 3768 Database down
DEBUG 2025-04-29 02:21:32,392 views 6916 1724 Debug message
INFO 2025-04-29 02:21:32,392 views 6916 1724 User logged in
WARNING 2025-04-29 02:21:32,393 views 6916 1724 API response slow
ERROR 2025-04-29 02:21:32,393 views 6916 1724 Payment failed
CRITICAL 2025-04-29 02:21:32,393 views 6916 1724 Database down
DEBUG 2025-04-29 02:22:26,035 views 1920 5836 Debug message
INFO 2025-04-29 02:22:26,035 views 1920 5836 User logged in
WARNING 2025-04-29 02:22:26,036 views 1920 5836 API response slow
ERROR 2025-04-29 02:22:26,036 views 1920 5836 Payment failed
CRITICAL 2025-04-29 02:22:26,037 views 1920 5836 Database down
DEBUG 2025-04-29 02:22:31,183 views 10788 10196 Debug message
INFO 2025-04-29 02:22:31,184 views 10788 10196 User logged in
WARNING 2025-04-29 02:22:31,184 views 10788 10196 API response slow
ERROR 2025-04-29 02:22:31,185 views 10788 10196 Payment failed
CRITICAL 2025-04-29 02:22:31,185 views 10788 10196 Database down
DEBUG 2025-04-29 02:22:35,494 views 10228 11440 Debug message
INFO 2025-04-29 02:22:35,494 views 10228 11440 User logged in
WARNING 2025-04-29 02:22:35,495 views 10228 11440 API response slow
ERROR 2025-04-29 02:22:35,495 views 10228 11440 Payment failed
CRITICAL 2025-04-29 02:22:35,496 views 10228 11440 Database down
DEBUG 2025-04-29 02:22:41,534 views 8728 5984 Debug message
INFO 2025-04-29 02:22:41,535 views 8728 5984 User logged in
WARNING 2025-04-29 02:22:41,535 views 8728 5984 API response slow
ERROR 2025-04-29 02:22:41,536 views 8728 5984 Payment failed
CRITICAL 2025-04-29 02:22:41,536 views 8728 5984 Database down
DEBUG 2025-04-29 02:23:21,795 views 5728 1972 Debug message
INFO 2025-04-29 02:23:21,796 views 5728 1972 User logged in
WARNING 2025-04-29 02:23:21,796 views 5728 1972 API response slow
ERROR 2025-04-29 02:23:21,797 views 5728 1972 Payment failed
CRITICAL 2025-04-29 02:23:21,797 views 5728 1972 Database down
DEBUG 2025-04-29 02:23:27,528 views 992 7096 Debug message
INFO 2025-04-29 02:23:27,529 views 992 7096 User logged in
WARNING 2025-04-29 02:23:27,530 views 992 7096 API response slow
ERROR 2025-04-29 02:23:27,532 views 992 7096 Payment failed
CRITICAL 2025-04-29 02:23:27,532 views 992 7096 Database down
DEBUG 2025-04-29 02:23:33,623 views 7044 4204 Debug message
INFO 2025-04-29 02:23:33,624 views 7044 4204 User logged in
WARNING 2025-04-29 02:23:33,626 views 7044 4204 API response slow
ERROR 2025-04-29 02:23:33,628 views 7044 4204 Payment failed
CRITICAL 2025-04-29 02:23:33,630 views 7044 4204 Database down
DEBUG 2025-04-29 02:24:18,727 views 10820 852 Debug message
INFO 2025-04-29 02:24:18,728 views 10820 852 User logged in
WARNING 2025-04-29 02:24:18,729 views 10820 852 API response slow
ERROR 2025-04-29 02:24:18,732 views 10820 852 Payment failed
CRITICAL 2025-04-29 02:24:18,732 views 10820 852 Database down
DEBUG 2025-04-29 02:24:29,160 views 11184 2336 Debug message
INFO 2025-04-29 02:24:29,160 views 11184 2336 User logged in
WARNING 2025-04-29 02:24:29,176 views 11184 2336 API response slow
ERROR 2025-04-29 02:24:29,176 views 11184 2336 Payment failed
CRITICAL 2025-04-29 02:24:29,176 views 11184 2336 Database down
DEBUG 2025-04-29 02:25:05,231 views 11316 10496 Debug message
INFO 2025-04-29 02:25:05,232 views 11316 10496 User logged in
WARNING 2025-04-29 02:25:05,232 views 11316 10496 API response slow
ERROR 2025-04-29 02:25:05,232 views 11316 10496 Payment failed
CRITICAL 2025-04-29 02:25:05,232 views 11316 10496 Database down
DEBUG 2025-04-29 02:25:36,941 views 7288 7204 Debug message
INFO 2025-04-29 02:25:36,941 views 7288 7204 User logged in
WARNING 2025-04-29 02:25:36,941 views 7288 7204 API response slow
ERROR 2025-04-29 02:25:36,941 views 7288 7204 Payment failed
CRITICAL 2025-04-29 02:25:36,941 views 7288 7204 Database down
DEBUG 2025-04-29 02:25:51,367 views 284 10788 Debug message
INFO 2025-04-29 02:25:51,367 views 284 10788 User logged in
WARNING 2025-04-29 02:25:51,367 views 284 10788 API response slow
ERROR 2025-04-29 02:25:51,367 views 284 10788 Payment failed
CRITICAL 2025-04-29 02:25:51,367 views 284 10788 Database down
DEBUG 2025-04-29 02:26:00,685 views 9300 2084 Debug message
INFO 2025-04-29 02:26:00,685 views 9300 2084 User logged in
WARNING 2025-04-29 02:26:00,685 views 9300 2084 API response slow
ERROR 2025-04-29 02:26:00,685 views 9300 2084 Payment failed
CRITICAL 2025-04-29 02:26:00,685 views 9300 2084 Database down
DEBUG 2025-04-29 02:26:06,751 views 1444 10016 Debug message
INFO 2025-04-29 02:26:06,751 views 1444 10016 User logged in
WARNING 2025-04-29 02:26:06,751 views 1444 10016 API response slow
ERROR 2025-04-29 02:26:06,751 views 1444 10016 Payment failed
CRITICAL 2025-04-29 02:26:06,751 views 1444 10016 Database down
DEBUG 2025-04-29 02:26:19,664 views 2256 7280 Debug message
INFO 2025-04-29 02:26:19,664 views 2256 7280 User logged in
WARNING 2025-04-29 02:26:19,664 views 2256 7280 API response slow
ERROR 2025-04-29 02:26:19,664 views 2256 7280 Payment failed
CRITICAL 2025-04-29 02:26:19,664 views 2256 7280 Database down
DEBUG 2025-04-29 02:26:29,345 views 11360 8744 Debug message
INFO 2025-04-29 02:26:29,345 views 11360 8744 User logged in
WARNING 2025-04-29 02:26:29,347 views 11360 8744 API response slow
ERROR 2025-04-29 02:26:29,348 views 11360 8744 Payment failed
CRITICAL 2025-04-29 02:26:29,348 views 11360 8744 Database down
DEBUG 2025-04-29 02:26:44,218 views 7936 10760 Debug message
INFO 2025-04-29 02:26:44,218 views 7936 10760 User logged in
WARNING 2025-04-29 02:26:44,218 views 7936 10760 API response slow
ERROR 2025-04-29 02:26:44,218 views 7936 10760 Payment failed
CRITICAL 2025-04-29 02:26:44,218 views 7936 10760 Database down
DEBUG 2025-04-29 02:27:24,026 views 10744 11092 Debug message
INFO 2025-04-29 02:27:24,027 views 10744 11092 User logged in
WARNING 2025-04-29 02:27:24,027 views 10744 11092 API response slow
ERROR 2025-04-29 02:27:24,028 views 10744 11092 Payment failed
CRITICAL 2025-04-29 02:27:24,028 views 10744 11092 Database down
DEBUG 2025-04-29 02:27:28,330 views 1636 8644 Debug message
INFO 2025-04-29 02:27:28,330 views 1636 8644 User logged in
WARNING 2025-04-29 02:27:28,330 views 1636 8644 API response slow
ERROR 2025-04-29 02:27:28,330 views 1636 8644 Payment failed
CRITICAL 2025-04-29 02:27:28,330 views 1636 8644 Database down
DEBUG 2025-04-29 02:27:43,044 views 5644 8292 Debug message
INFO 2025-04-29 02:27:43,044 views 5644 8292 User logged in
WARNING 2025-04-29 02:27:43,044 views 5644 8292 API response slow
ERROR 2025-04-29 02:27:43,044 views 5644 8292 Payment failed
CRITICAL 2025-04-29 02:27:43,044 views 5644 8292 Database down
DEBUG 2025-04-29 02:27:51,050 views 9256 11616 Debug message
INFO 2025-04-29 02:27:51,050 views 9256 11616 User logged in
WARNING 2025-04-29 02:27:51,050 views 9256 11616 API response slow
ERROR 2025-04-29 02:27:51,050 views 9256 11616 Payment failed
CRITICAL 2025-04-29 02:27:51,050 views 9256 11616 Database down
DEBUG 2025-04-29 02:27:59,520 views 8376 5392 Debug message
INFO 2025-04-29 02:27:59,520 views 8376 5392 User logged in
WARNING 2025-04-29 02:27:59,520 views 8376 5392 API response slow
ERROR 2025-04-29 02:27:59,520 views 8376 5392 Payment failed
CRITICAL 2025-04-29 02:27:59,535 views 8376 5392 Database down
DEBUG 2025-04-29 02:28:05,692 views 8648 12068 Debug message
INFO 2025-04-29 02:28:05,693 views 8648 12068 User logged in
WARNING 2025-04-29 02:28:05,695 views 8648 12068 API response slow
ERROR 2025-04-29 02:28:05,696 views 8648 12068 Payment failed
CRITICAL 2025-04-29 02:28:05,697 views 8648 12068 Database down
DEBUG 2025-04-29 02:41:40,595 views 11572 8828 Debug message
INFO 2025-04-29 02:41:40,595 views 11572 8828 User logged in
WARNING 2025-04-29 02:41:40,595 views 11572 8828 API response slow
ERROR 2025-04-29 02:41:40,595 views 11572 8828 Payment failed
CRITICAL 2025-04-29 02:41:40,595 views 11572 8828 Database down
ERROR 2025-04-29 02:51:01,741 seed 3300 9592 Error creating recipe 1: unsupported operand type(s) for +: 'NoneType' and 'int'
ERROR 2025-04-29 02:51:01,745 seed 3300 9592 Error creating recipe 2: unsupported operand type(s) for +: 'NoneType' and 'int'
ERROR 2025-04-29 02:51:01,749 seed 3300 9592 Error creating recipe 3: unsupported operand type(s) for +: 'NoneType' and 'int'
ERROR 2025-04-29 02:51:01,753 seed 3300 9592 Error creating recipe 4: unsupported operand type(s) for +: 'NoneType' and 'int'
ERROR 2025-04-29 02:51:01,756 seed 3300 9592 Error creating recipe 5: unsupported operand type(s) for +: 'NoneType' and 'int'
ERROR 2025-04-29 02:51:01,760 seed 3300 9592 Error creating recipe 6: unsupported operand type(s) for +: 'NoneType' and 'int'
ERROR 2025-04-29 02:51:01,764 seed 3300 9592 Error creating recipe 7: unsupported operand type(s) for +: 'NoneType' and 'int'
ERROR 2025-04-29 02:51:01,768 seed 3300 9592 Error creating recipe 8: unsupported operand type(s) for +: 'NoneType' and 'int'
ERROR 2025-04-29 02:51:01,771 seed 3300 9592 Error creating recipe 9: unsupported operand type(s) for +: 'NoneType' and 'int'
ERROR 2025-04-29 02:51:01,774 seed 3300 9592 Error creating recipe 10: unsupported operand type(s) for +: 'NoneType' and 'int'
INFO 2025-04-29 02:51:01,774 seed 3300 9592 Seeding process completed
ERROR 2025-04-29 02:51:16,865 seed 3300 9592 Error creating recipe 1: unsupported operand type(s) for +: 'NoneType' and 'int'
ERROR 2025-04-29 02:51:16,868 seed 3300 9592 Error creating recipe 2: unsupported operand type(s) for +: 'NoneType' and 'int'
ERROR 2025-04-29 02:51:16,871 seed 3300 9592 Error creating recipe 3: unsupported operand type(s) for +: 'NoneType' and 'int'
ERROR 2025-04-29 02:51:16,876 seed 3300 9592 Error creating recipe 4: unsupported operand type(s) for +: 'NoneType' and 'int'
ERROR 2025-04-29 02:51:16,880 seed 3300 9592 Error creating recipe 5: unsupported operand type(s) for +: 'NoneType' and 'int'
ERROR 2025-04-29 02:51:16,884 seed 3300 9592 Error creating recipe 6: unsupported operand type(s) for +: 'NoneType' and 'int'
ERROR 2025-04-29 02:51:16,888 seed 3300 9592 Error creating recipe 7: unsupported operand type(s) for +: 'NoneType' and 'int'
ERROR 2025-04-29 02:51:16,893 seed 3300 9592 Error creating recipe 8: unsupported operand type(s) for +: 'NoneType' and 'int'
ERROR 2025-04-29 02:51:16,897 seed 3300 9592 Error creating recipe 9: unsupported operand type(s) for +: 'NoneType' and 'int'
ERROR 2025-04-29 02:51:16,900 seed 3300 9592 Error creating recipe 10: unsupported operand type(s) for +: 'NoneType' and 'int'
ERROR 2025-04-29 02:51:16,904 seed 3300 9592 Error creating recipe 11: unsupported operand type(s) for +: 'NoneType' and 'int'
ERROR 2025-04-29 02:51:16,910 seed 3300 9592 Error creating recipe 12: unsupported operand type(s) for +: 'NoneType' and 'int'
ERROR 2025-04-29 02:51:16,913 seed 3300 9592 Error creating recipe 13: unsupported operand type(s) for +: 'NoneType' and 'int'
ERROR 2025-04-29 02:51:16,917 seed 3300 9592 Error creating recipe 14: unsupported operand type(s) for +: 'NoneType' and 'int'
ERROR 2025-04-29 02:51:16,922 seed 3300 9592 Error creating recipe 15: unsupported operand type(s) for +: 'NoneType' and 'int'
ERROR 2025-04-29 02:51:16,926 seed 3300 9592 Error creating recipe 16: unsupported operand type(s) for +: 'NoneType' and 'int'
ERROR 2025-04-29 02:51:16,930 seed 3300 9592 Error creating recipe 17: unsupported operand type(s) for +: 'NoneType' and 'int'
ERROR 2025-04-29 02:51:16,934 seed 3300 9592 Error creating recipe 18: unsupported operand type(s) for +: 'NoneType' and 'int'
ERROR 2025-04-29 02:51:16,939 seed 3300 9592 Error creating recipe 19: unsupported operand type(s) for +: 'NoneType' and 'int'
ERROR 2025-04-29 02:51:16,943 seed 3300 9592 Error creating recipe 20: unsupported operand type(s) for +: 'NoneType' and 'int'
INFO 2025-04-29 02:51:16,944 seed 3300 9592 Seeding process completed
DEBUG 2025-04-29 02:56:42,623 views 10532 9544 Debug message
INFO 2025-04-29 02:56:42,624 views 10532 9544 User logged in
WARNING 2025-04-29 02:56:42,625 views 10532 9544 API response slow
ERROR 2025-04-29 02:56:42,627 views 10532 9544 Payment failed
CRITICAL 2025-04-29 02:56:42,628 views 10532 9544 Database down
DEBUG 2025-04-29 20:13:44,527 views 8936 3332 Debug message
INFO 2025-04-29 20:13:44,555 views 8936 3332 User logged in
WARNING 2025-04-29 20:13:44,555 views 8936 3332 API response slow
ERROR 2025-04-29 20:13:44,555 views 8936 3332 Payment failed
CRITICAL 2025-04-29 20:13:44,556 views 8936 3332 Database down
DEBUG 2025-04-29 22:34:49,480 views 8936 10520 Login page accessed
INFO 2025-04-29 22:34:49,513 views 8936 10520 User AnonymousUser logged in
DEBUG 2025-04-29 22:41:05,553 views 10460 120 Debug message
INFO 2025-04-29 22:41:05,553 views 10460 120 User logged in
WARNING 2025-04-29 22:41:05,553 views 10460 120 API response slow
ERROR 2025-04-29 22:41:05,553 views 10460 120 Payment failed
CRITICAL 2025-04-29 22:41:05,553 views 10460 120 Database down
DEBUG 2025-04-29 22:42:33,224 views 8948 3620 Debug message
INFO 2025-04-29 22:42:33,225 views 8948 3620 User logged in
WARNING 2025-04-29 22:42:33,226 views 8948 3620 API response slow
ERROR 2025-04-29 22:42:33,226 views 8948 3620 Payment failed
CRITICAL 2025-04-29 22:42:33,229 views 8948 3620 Database down
DEBUG 2025-04-29 22:43:04,953 views 10272 10424 Debug message
INFO 2025-04-29 22:43:04,953 views 10272 10424 User logged in
WARNING 2025-04-29 22:43:04,953 views 10272 10424 API response slow
ERROR 2025-04-29 22:43:04,953 views 10272 10424 Payment failed
CRITICAL 2025-04-29 22:43:04,953 views 10272 10424 Database down
DEBUG 2025-04-29 22:43:36,553 views 11112 9032 Debug message
INFO 2025-04-29 22:43:36,553 views 11112 9032 User logged in
WARNING 2025-04-29 22:43:36,553 views 11112 9032 API response slow
ERROR 2025-04-29 22:43:36,553 views 11112 9032 Payment failed
CRITICAL 2025-04-29 22:43:36,553 views 11112 9032 Database down
DEBUG 2025-04-29 22:45:12,255 views 8664 4988 Debug message
INFO 2025-04-29 22:45:12,255 views 8664 4988 User logged in
WARNING 2025-04-29 22:45:12,258 views 8664 4988 API response slow
ERROR 2025-04-29 22:45:12,258 views 8664 4988 Payment failed
CRITICAL 2025-04-29 22:45:12,258 views 8664 4988 Database down
DEBUG 2025-04-29 22:45:31,592 views 3568 8680 Debug message
INFO 2025-04-29 22:45:31,593 views 3568 8680 User logged in
WARNING 2025-04-29 22:45:31,595 views 3568 8680 API response slow
ERROR 2025-04-29 22:45:31,596 views 3568 8680 Payment failed
CRITICAL 2025-04-29 22:45:31,597 views 3568 8680 Database down
DEBUG 2025-04-29 22:45:50,435 views 8904 200 Debug message
INFO 2025-04-29 22:45:50,436 views 8904 200 User logged in
WARNING 2025-04-29 22:45:50,437 views 8904 200 API response slow
ERROR 2025-04-29 22:45:50,440 views 8904 200 Payment failed
CRITICAL 2025-04-29 22:45:50,441 views 8904 200 Database down
DEBUG 2025-04-29 22:46:41,387 views 4308 5596 Debug message
INFO 2025-04-29 22:46:41,387 views 4308 5596 User logged in
WARNING 2025-04-29 22:46:41,389 views 4308 5596 API response slow
ERROR 2025-04-29 22:46:41,390 views 4308 5596 Payment failed
CRITICAL 2025-04-29 22:46:41,391 views 4308 5596 Database down
DEBUG 2025-04-29 22:47:02,700 views 11124 9852 Debug message
INFO 2025-04-29 22:47:02,701 views 11124 9852 User logged in
WARNING 2025-04-29 22:47:02,704 views 11124 9852 API response slow
ERROR 2025-04-29 22:47:02,706 views 11124 9852 Payment failed
CRITICAL 2025-04-29 22:47:02,708 views 11124 9852 Database down
DEBUG 2025-04-29 22:47:28,291 views 10832 2860 Debug message
INFO 2025-04-29 22:47:28,292 views 10832 2860 User logged in
WARNING 2025-04-29 22:47:28,293 views 10832 2860 API response slow
ERROR 2025-04-29 22:47:28,295 views 10832 2860 Payment failed
CRITICAL 2025-04-29 22:47:28,296 views 10832 2860 Database down
DEBUG 2025-04-29 22:48:37,685 views 7940 1440 Debug message
INFO 2025-04-29 22:48:37,685 views 7940 1440 User logged in
WARNING 2025-04-29 22:48:37,687 views 7940 1440 API response slow
ERROR 2025-04-29 22:48:37,687 views 7940 1440 Payment failed
CRITICAL 2025-04-29 22:48:37,689 views 7940 1440 Database down
DEBUG 2025-04-29 22:49:01,843 views 2820 8092 Debug message
INFO 2025-04-29 22:49:01,844 views 2820 8092 User logged in
WARNING 2025-04-29 22:49:01,845 views 2820 8092 API response slow
ERROR 2025-04-29 22:49:01,845 views 2820 8092 Payment failed
CRITICAL 2025-04-29 22:49:01,847 views 2820 8092 Database down
DEBUG 2025-04-29 22:49:31,806 views 7900 7764 Debug message
INFO 2025-04-29 22:49:31,806 views 7900 7764 User logged in
WARNING 2025-04-29 22:49:31,808 views 7900 7764 API response slow
ERROR 2025-04-29 22:49:31,808 views 7900 7764 Payment failed
CRITICAL 2025-04-29 22:49:31,810 views 7900 7764 Database down
DEBUG 2025-04-29 22:50:00,343 views 9396 10532 Debug message
INFO 2025-04-29 22:50:00,343 views 9396 10532 User logged in
WARNING 2025-04-29 22:50:00,345 views 9396 10532 API response slow
ERROR 2025-04-29 22:50:00,347 views 9396 10532 Payment failed
CRITICAL 2025-04-29 22:50:00,347 views 9396 10532 Database down
DEBUG 2025-04-29 22:51:07,774 views 4228 10324 Debug message
INFO 2025-04-29 22:51:07,775 views 4228 10324 User logged in
WARNING 2025-04-29 22:51:07,776 views 4228 10324 API response slow
ERROR 2025-04-29 22:51:07,777 views 4228 10324 Payment failed
CRITICAL 2025-04-29 22:51:07,779 views 4228 10324 Database down
DEBUG 2025-04-29 22:52:01,681 views 8080 9476 Debug message
INFO 2025-04-29 22:52:01,681 views 8080 9476 User logged in
WARNING 2025-04-29 22:52:01,681 views 8080 9476 API response slow
ERROR 2025-04-29 22:52:01,681 views 8080 9476 Payment failed
CRITICAL 2025-04-29 22:52:01,681 views 8080 9476 Database down
DEBUG 2025-04-29 22:53:08,868 views 1400 2128 Debug message
INFO 2025-04-29 22:53:08,868 views 1400 2128 User logged in
WARNING 2025-04-29 22:53:08,868 views 1400 2128 API response slow
ERROR 2025-04-29 22:53:08,868 views 1400 2128 Payment failed
CRITICAL 2025-04-29 22:53:08,868 views 1400 2128 Database down
DEBUG 2025-04-29 22:54:18,584 views 6840 3408 Debug message
INFO 2025-04-29 22:54:18,584 views 6840 3408 User logged in
WARNING 2025-04-29 22:54:18,584 views 6840 3408 API response slow
ERROR 2025-04-29 22:54:18,584 views 6840 3408 Payment failed
CRITICAL 2025-04-29 22:54:18,584 views 6840 3408 Database down
DEBUG 2025-04-29 22:55:03,621 views 11168 5364 Debug message
INFO 2025-04-29 22:55:03,621 views 11168 5364 User logged in
WARNING 2025-04-29 22:55:03,623 views 11168 5364 API response slow
ERROR 2025-04-29 22:55:03,623 views 11168 5364 Payment failed
CRITICAL 2025-04-29 22:55:03,623 views 11168 5364 Database down
DEBUG 2025-04-29 22:59:21,091 views 6068 9408 Debug message
INFO 2025-04-29 22:59:21,091 views 6068 9408 User logged in
WARNING 2025-04-29 22:59:21,091 views 6068 9408 API response slow
ERROR 2025-04-29 22:59:21,091 views 6068 9408 Payment failed
CRITICAL 2025-04-29 22:59:21,107 views 6068 9408 Database down
DEBUG 2025-04-29 22:59:40,742 views 6892 5076 Debug message
INFO 2025-04-29 22:59:40,742 views 6892 5076 User logged in
WARNING 2025-04-29 22:59:40,758 views 6892 5076 API response slow
ERROR 2025-04-29 22:59:40,758 views 6892 5076 Payment failed
CRITICAL 2025-04-29 22:59:40,758 views 6892 5076 Database down
DEBUG 2025-04-29 23:01:24,673 views 10500 2876 Debug message
INFO 2025-04-29 23:01:24,674 views 10500 2876 User logged in
WARNING 2025-04-29 23:01:24,676 views 10500 2876 API response slow
ERROR 2025-04-29 23:01:24,678 views 10500 2876 Payment failed
CRITICAL 2025-04-29 23:01:24,679 views 10500 2876 Database down
DEBUG 2025-04-29 23:03:33,911 views 9884 10292 Debug message
INFO 2025-04-29 23:03:33,911 views 9884 10292 User logged in
WARNING 2025-04-29 23:03:33,913 views 9884 10292 API response slow
ERROR 2025-04-29 23:03:33,914 views 9884 10292 Payment failed
CRITICAL 2025-04-29 23:03:33,916 views 9884 10292 Database down
DEBUG 2025-04-29 23:03:56,781 views 2216 10516 Debug message
INFO 2025-04-29 23:03:56,781 views 2216 10516 User logged in
WARNING 2025-04-29 23:03:56,796 views 2216 10516 API response slow
ERROR 2025-04-29 23:03:56,801 views 2216 10516 Payment failed
CRITICAL 2025-04-29 23:03:56,802 views 2216 10516 Database down
DEBUG 2025-04-29 23:05:07,427 views 10488 1276 Debug message
INFO 2025-04-29 23:05:07,427 views 10488 1276 User logged in
WARNING 2025-04-29 23:05:07,429 views 10488 1276 API response slow
ERROR 2025-04-29 23:05:07,432 views 10488 1276 Payment failed
CRITICAL 2025-04-29 23:05:07,433 views 10488 1276 Database down
DEBUG 2025-04-29 23:06:20,186 views 200 1236 Debug message
INFO 2025-04-29 23:06:20,186 views 200 1236 User logged in
WARNING 2025-04-29 23:06:20,189 views 200 1236 API response slow
ERROR 2025-04-29 23:06:20,189 views 200 1236 Payment failed
CRITICAL 2025-04-29 23:06:20,191 views 200 1236 Database down
DEBUG 2025-04-30 00:08:37,772 views 11912 12372 Debug message
INFO 2025-04-30 00:08:37,772 views 11912 12372 User logged in
WARNING 2025-04-30 00:08:37,772 views 11912 12372 API response slow
ERROR 2025-04-30 00:08:37,772 views 11912 12372 Payment failed
CRITICAL 2025-04-30 00:08:37,772 views 11912 12372 Database down
DEBUG 2025-04-30 00:11:57,047 views 9476 11128 Debug message
INFO 2025-04-30 00:11:57,047 views 9476 11128 User logged in
WARNING 2025-04-30 00:11:57,051 views 9476 11128 API response slow
ERROR 2025-04-30 00:11:57,052 views 9476 11128 Payment failed
CRITICAL 2025-04-30 00:11:57,053 views 9476 11128 Database down
DEBUG 2025-04-30 00:12:27,060 views 1868 10232 Debug message
INFO 2025-04-30 00:12:27,060 views 1868 10232 User logged in
WARNING 2025-04-30 00:12:27,060 views 1868 10232 API response slow
ERROR 2025-04-30 00:12:27,060 views 1868 10232 Payment failed
CRITICAL 2025-04-30 00:12:27,060 views 1868 10232 Database down
DEBUG 2025-04-30 00:14:13,383 views 10368 9060 Debug message
INFO 2025-04-30 00:14:13,383 views 10368 9060 User logged in
WARNING 2025-04-30 00:14:13,383 views 10368 9060 API response slow
ERROR 2025-04-30 00:14:13,383 views 10368 9060 Payment failed
CRITICAL 2025-04-30 00:14:13,383 views 10368 9060 Database down
DEBUG 2025-04-30 00:14:43,925 views 7828 1592 Debug message
INFO 2025-04-30 00:14:43,925 views 7828 1592 User logged in
WARNING 2025-04-30 00:14:43,925 views 7828 1592 API response slow
ERROR 2025-04-30 00:14:43,925 views 7828 1592 Payment failed
CRITICAL 2025-04-30 00:14:43,925 views 7828 1592 Database down
DEBUG 2025-04-30 00:16:36,078 views 11832 12092 Debug message
INFO 2025-04-30 00:16:36,079 views 11832 12092 User logged in
WARNING 2025-04-30 00:16:36,080 views 11832 12092 API response slow
ERROR 2025-04-30 00:16:36,084 views 11832 12092 Payment failed
CRITICAL 2025-04-30 00:16:36,085 views 11832 12092 Database down
DEBUG 2025-04-30 00:17:00,142 views 12840 3780 Debug message
INFO 2025-04-30 00:17:00,142 views 12840 3780 User logged in
WARNING 2025-04-30 00:17:00,145 views 12840 3780 API response slow
ERROR 2025-04-30 00:17:00,145 views 12840 3780 Payment failed
CRITICAL 2025-04-30 00:17:00,148 views 12840 3780 Database down
DEBUG 2025-04-30 00:18:19,752 views 12824 12932 Debug message
INFO 2025-04-30 00:18:19,752 views 12824 12932 User logged in
WARNING 2025-04-30 00:18:19,754 views 12824 12932 API response slow
ERROR 2025-04-30 00:18:19,755 views 12824 12932 Payment failed
CRITICAL 2025-04-30 00:18:19,756 views 12824 12932 Database down
DEBUG 2025-04-30 00:20:03,100 views 11836 4608 Debug message
INFO 2025-04-30 00:20:03,100 views 11836 4608 User logged in
WARNING 2025-04-30 00:20:03,100 views 11836 4608 API response slow
ERROR 2025-04-30 00:20:03,100 views 11836 4608 Payment failed
CRITICAL 2025-04-30 00:20:03,100 views 11836 4608 Database down
DEBUG 2025-04-30 00:20:50,239 views 3304 11136 Debug message
INFO 2025-04-30 00:20:50,240 views 3304 11136 User logged in
WARNING 2025-04-30 00:20:50,242 views 3304 11136 API response slow
ERROR 2025-04-30 00:20:50,242 views 3304 11136 Payment failed
CRITICAL 2025-04-30 00:20:50,245 views 3304 11136 Database down
DEBUG 2025-04-30 00:21:14,633 views 6608 4824 Debug message
INFO 2025-04-30 00:21:14,633 views 6608 4824 User logged in
WARNING 2025-04-30 00:21:14,633 views 6608 4824 API response slow
ERROR 2025-04-30 00:21:14,633 views 6608 4824 Payment failed
CRITICAL 2025-04-30 00:21:14,633 views 6608 4824 Database down
DEBUG 2025-04-30 00:56:53,705 views 11028 11252 Debug message
INFO 2025-04-30 00:56:53,707 views 11028 11252 User logged in
WARNING 2025-04-30 00:56:53,709 views 11028 11252 API response slow
ERROR 2025-04-30 00:56:53,710 views 11028 11252 Payment failed
CRITICAL 2025-04-30 00:56:53,711 views 11028 11252 Database down
DEBUG 2025-04-30 01:42:18,587 views 6196 13156 Debug message
INFO 2025-04-30 01:42:18,607 views 6196 13156 User logged in
WARNING 2025-04-30 01:42:18,607 views 6196 13156 API response slow
ERROR 2025-04-30 01:42:18,607 views 6196 13156 Payment failed
CRITICAL 2025-04-30 01:42:18,607 views 6196 13156 Database down
DEBUG 2025-04-30 01:42:28,506 views 12628 10396 Debug message
INFO 2025-04-30 01:42:28,506 views 12628 10396 User logged in
WARNING 2025-04-30 01:42:28,507 views 12628 10396 API response slow
ERROR 2025-04-30 01:42:28,507 views 12628 10396 Payment failed
CRITICAL 2025-04-30 01:42:28,508 views 12628 10396 Database down
DEBUG 2025-04-30 01:42:37,827 views 6108 5356 Debug message
INFO 2025-04-30 01:42:37,827 views 6108 5356 User logged in
WARNING 2025-04-30 01:42:37,827 views 6108 5356 API response slow
ERROR 2025-04-30 01:42:37,827 views 6108 5356 Payment failed
CRITICAL 2025-04-30 01:42:37,827 views 6108 5356 Database down
DEBUG 2025-04-30 01:43:56,437 views 4888 11396 Debug message
INFO 2025-04-30 01:43:56,437 views 4888 11396 User logged in
WARNING 2025-04-30 01:43:56,439 views 4888 11396 API response slow
ERROR 2025-04-30 01:43:56,442 views 4888 11396 Payment failed
CRITICAL 2025-04-30 01:43:56,443 views 4888 11396 Database down
DEBUG 2025-04-30 23:42:28,136 views 8244 7956 Debug message
INFO 2025-04-30 23:42:28,154 views 8244 7956 User logged in
WARNING 2025-04-30 23:42:28,154 views 8244 7956 API response slow
ERROR 2025-04-30 23:42:28,166 views 8244 7956 Payment failed
CRITICAL 2025-04-30 23:42:28,166 views 8244 7956 Database down
DEBUG 2025-05-01 00:01:06,739 views 8244 10360 Login page accessed
INFO 2025-05-01 00:01:06,740 views 8244 10360 User AnonymousUser logged in
DEBUG 2025-05-01 00:01:25,328 views 8244 6664 Login page accessed
INFO 2025-05-01 00:01:25,328 views 8244 6664 User AnonymousUser logged in
DEBUG 2025-05-01 00:16:35,223 views 8244 440 Login page accessed
INFO 2025-05-01 00:16:35,223 views 8244 440 User AnonymousUser logged in
DEBUG 2025-05-01 00:18:02,922 views 10544 9424 Debug message
INFO 2025-05-01 00:18:02,923 views 10544 9424 User logged in
WARNING 2025-05-01 00:18:02,924 views 10544 9424 API response slow
ERROR 2025-05-01 00:18:02,926 views 10544 9424 Payment failed
CRITICAL 2025-05-01 00:18:02,927 views 10544 9424 Database down
DEBUG 2025-05-01 00:19:54,307 views 2160 5920 Debug message
INFO 2025-05-01 00:19:54,307 views 2160 5920 User logged in
WARNING 2025-05-01 00:19:54,307 views 2160 5920 API response slow
ERROR 2025-05-01 00:19:54,307 views 2160 5920 Payment failed
CRITICAL 2025-05-01 00:19:54,307 views 2160 5920 Database down
DEBUG 2025-05-01 00:25:10,023 views 3472 7000 Debug message
INFO 2025-05-01 00:25:10,023 views 3472 7000 User logged in
WARNING 2025-05-01 00:25:10,024 views 3472 7000 API response slow
ERROR 2025-05-01 00:25:10,025 views 3472 7000 Payment failed
CRITICAL 2025-05-01 00:25:10,028 views 3472 7000 Database down
DEBUG 2025-05-01 00:26:12,744 views 8272 11076 Debug message
INFO 2025-05-01 00:26:12,744 views 8272 11076 User logged in
WARNING 2025-05-01 00:26:12,744 views 8272 11076 API response slow
ERROR 2025-05-01 00:26:12,744 views 8272 11076 Payment failed
CRITICAL 2025-05-01 00:26:12,744 views 8272 11076 Database down
DEBUG 2025-05-01 00:27:26,633 views 7940 8380 Debug message
INFO 2025-05-01 00:27:26,633 views 7940 8380 User logged in
WARNING 2025-05-01 00:27:26,635 views 7940 8380 API response slow
ERROR 2025-05-01 00:27:26,638 views 7940 8380 Payment failed
CRITICAL 2025-05-01 00:27:26,639 views 7940 8380 Database down
DEBUG 2025-05-01 00:27:34,912 views 6720 4332 Debug message
INFO 2025-05-01 00:27:34,913 views 6720 4332 User logged in
WARNING 2025-05-01 00:27:34,914 views 6720 4332 API response slow
ERROR 2025-05-01 00:27:34,917 views 6720 4332 Payment failed
CRITICAL 2025-05-01 00:27:34,918 views 6720 4332 Database down
DEBUG 2025-05-01 00:30:32,459 views 10520 5068 Debug message
INFO 2025-05-01 00:30:32,459 views 10520 5068 User logged in
WARNING 2025-05-01 00:30:32,470 views 10520 5068 API response slow
ERROR 2025-05-01 00:30:32,470 views 10520 5068 Payment failed
CRITICAL 2025-05-01 00:30:32,473 views 10520 5068 Database down
DEBUG 2025-05-01 00:32:54,714 views 10888 10264 Debug message
INFO 2025-05-01 00:32:54,714 views 10888 10264 User logged in
WARNING 2025-05-01 00:32:54,724 views 10888 10264 API response slow
ERROR 2025-05-01 00:32:54,726 views 10888 10264 Payment failed
CRITICAL 2025-05-01 00:32:54,726 views 10888 10264 Database down
DEBUG 2025-05-01 00:32:54,731 views 10888 9984 Debug message
INFO 2025-05-01 00:32:54,731 views 10888 9984 User logged in
WARNING 2025-05-01 00:32:54,732 views 10888 9984 API response slow
ERROR 2025-05-01 00:32:54,732 views 10888 9984 Payment failed
CRITICAL 2025-05-01 00:32:54,734 views 10888 9984 Database down
DEBUG 2025-05-01 00:33:03,319 views 11260 10664 Debug message
INFO 2025-05-01 00:33:03,319 views 11260 10664 User logged in
WARNING 2025-05-01 00:33:03,320 views 11260 10664 API response slow
ERROR 2025-05-01 00:33:03,322 views 11260 10664 Payment failed
CRITICAL 2025-05-01 00:33:03,324 views 11260 10664 Database down
DEBUG 2025-05-01 00:33:09,072 views 700 8752 Debug message
INFO 2025-05-01 00:33:09,073 views 700 8752 User logged in
WARNING 2025-05-01 00:33:09,073 views 700 8752 API response slow
ERROR 2025-05-01 00:33:09,074 views 700 8752 Payment failed
CRITICAL 2025-05-01 00:33:09,076 views 700 8752 Database down
DEBUG 2025-05-01 00:34:57,997 views 8800 9468 Debug message
INFO 2025-05-01 00:34:57,997 views 8800 9468 User logged in
WARNING 2025-05-01 00:34:57,999 views 8800 9468 API response slow
ERROR 2025-05-01 00:34:58,001 views 8800 9468 Payment failed
CRITICAL 2025-05-01 00:34:58,001 views 8800 9468 Database down
DEBUG 2025-05-01 00:36:16,935 views 10236 9900 Debug message
INFO 2025-05-01 00:36:16,937 views 10236 9900 User logged in
WARNING 2025-05-01 00:36:16,938 views 10236 9900 API response slow
ERROR 2025-05-01 00:36:16,939 views 10236 9900 Payment failed
CRITICAL 2025-05-01 00:36:16,941 views 10236 9900 Database down
DEBUG 2025-05-01 00:46:35,341 views 10004 4236 Debug message
INFO 2025-05-01 00:46:35,341 views 10004 4236 User logged in
WARNING 2025-05-01 00:46:35,341 views 10004 4236 API response slow
ERROR 2025-05-01 00:46:35,341 views 10004 4236 Payment failed
CRITICAL 2025-05-01 00:46:35,341 views 10004 4236 Database down
DEBUG 2025-05-01 00:47:05,319 views 2596 2544 Debug message
INFO 2025-05-01 00:47:05,319 views 2596 2544 User logged in
WARNING 2025-05-01 00:47:05,319 views 2596 2544 API response slow
ERROR 2025-05-01 00:47:05,319 views 2596 2544 Payment failed
CRITICAL 2025-05-01 00:47:05,319 views 2596 2544 Database down
DEBUG 2025-05-01 00:47:05,393 accounts_views_imports 2596 2544 Debug message
INFO 2025-05-01 00:47:05,394 accounts_views_imports 2596 2544 User logged in
WARNING 2025-05-01 00:47:05,394 accounts_views_imports 2596 2544 API response slow
ERROR 2025-05-01 00:47:05,394 accounts_views_imports 2596 2544 Payment failed
CRITICAL 2025-05-01 00:47:05,395 accounts_views_imports 2596 2544 Database down
DEBUG 2025-05-01 00:47:40,109 views 3700 9696 Debug message
INFO 2025-05-01 00:47:40,109 views 3700 9696 User logged in
WARNING 2025-05-01 00:47:40,109 views 3700 9696 API response slow
ERROR 2025-05-01 00:47:40,110 views 3700 9696 Payment failed
CRITICAL 2025-05-01 00:47:40,110 views 3700 9696 Database down
DEBUG 2025-05-01 00:47:40,121 accounts_views_imports 3700 9696 Debug message
INFO 2025-05-01 00:47:40,123 accounts_views_imports 3700 9696 User logged in
WARNING 2025-05-01 00:47:40,125 accounts_views_imports 3700 9696 API response slow
ERROR 2025-05-01 00:47:40,126 accounts_views_imports 3700 9696 Payment failed
CRITICAL 2025-05-01 00:47:40,127 accounts_views_imports 3700 9696 Database down
DEBUG 2025-05-01 00:47:48,187 views 2220 10508 Debug message
INFO 2025-05-01 00:47:48,187 views 2220 10508 User logged in
WARNING 2025-05-01 00:47:48,187 views 2220 10508 API response slow
ERROR 2025-05-01 00:47:48,187 views 2220 10508 Payment failed
CRITICAL 2025-05-01 00:47:48,187 views 2220 10508 Database down
DEBUG 2025-05-01 00:47:48,199 accounts_views_imports 2220 10508 Debug message
INFO 2025-05-01 00:47:48,199 accounts_views_imports 2220 10508 User logged in
WARNING 2025-05-01 00:47:48,199 accounts_views_imports 2220 10508 API response slow
ERROR 2025-05-01 00:47:48,199 accounts_views_imports 2220 10508 Payment failed
CRITICAL 2025-05-01 00:47:48,199 accounts_views_imports 2220 10508 Database down
DEBUG 2025-05-01 00:48:08,733 views 696 4312 Debug message
INFO 2025-05-01 00:48:08,733 views 696 4312 User logged in
WARNING 2025-05-01 00:48:08,733 views 696 4312 API response slow
ERROR 2025-05-01 00:48:08,737 views 696 4312 Payment failed
CRITICAL 2025-05-01 00:48:08,738 views 696 4312 Database down
DEBUG 2025-05-01 00:48:08,738 accounts_views_imports 696 4312 Debug message
INFO 2025-05-01 00:48:08,738 accounts_views_imports 696 4312 User logged in
WARNING 2025-05-01 00:48:08,752 accounts_views_imports 696 4312 API response slow
ERROR 2025-05-01 00:48:08,754 accounts_views_imports 696 4312 Payment failed
CRITICAL 2025-05-01 00:48:08,754 accounts_views_imports 696 4312 Database down
DEBUG 2025-05-01 00:48:57,816 views 11220 7040 Debug message
INFO 2025-05-01 00:48:57,816 views 11220 7040 User logged in
WARNING 2025-05-01 00:48:57,816 views 11220 7040 API response slow
ERROR 2025-05-01 00:48:57,816 views 11220 7040 Payment failed
CRITICAL 2025-05-01 00:48:57,816 views 11220 7040 Database down
DEBUG 2025-05-01 00:48:57,831 accounts_views_imports 11220 7040 Debug message
INFO 2025-05-01 00:48:57,831 accounts_views_imports 11220 7040 User logged in
WARNING 2025-05-01 00:48:57,831 accounts_views_imports 11220 7040 API response slow
ERROR 2025-05-01 00:48:57,831 accounts_views_imports 11220 7040 Payment failed
CRITICAL 2025-05-01 00:48:57,831 accounts_views_imports 11220 7040 Database down
DEBUG 2025-05-01 00:53:06,674 views 7696 10528 Debug message
INFO 2025-05-01 00:53:06,674 views 7696 10528 User logged in
WARNING 2025-05-01 00:53:06,674 views 7696 10528 API response slow
ERROR 2025-05-01 00:53:06,674 views 7696 10528 Payment failed
CRITICAL 2025-05-01 00:53:06,674 views 7696 10528 Database down
DEBUG 2025-05-01 00:53:06,692 accounts_views_imports 7696 10528 Debug message
INFO 2025-05-01 00:53:06,692 accounts_views_imports 7696 10528 User logged in
WARNING 2025-05-01 00:53:06,692 accounts_views_imports 7696 10528 API response slow
ERROR 2025-05-01 00:53:06,692 accounts_views_imports 7696 10528 Payment failed
CRITICAL 2025-05-01 00:53:06,692 accounts_views_imports 7696 10528 Database down
DEBUG 2025-05-01 00:56:18,236 views 3160 1004 Debug message
INFO 2025-05-01 00:56:18,236 views 3160 1004 User logged in
WARNING 2025-05-01 00:56:18,238 views 3160 1004 API response slow
ERROR 2025-05-01 00:56:18,240 views 3160 1004 Payment failed
CRITICAL 2025-05-01 00:56:18,241 views 3160 1004 Database down
DEBUG 2025-05-01 00:56:18,277 accounts_views_imports 3160 1004 Debug message
INFO 2025-05-01 00:56:18,278 accounts_views_imports 3160 1004 User logged in
WARNING 2025-05-01 00:56:18,280 accounts_views_imports 3160 1004 API response slow
ERROR 2025-05-01 00:56:18,280 accounts_views_imports 3160 1004 Payment failed
CRITICAL 2025-05-01 00:56:18,284 accounts_views_imports 3160 1004 Database down
DEBUG 2025-05-01 00:56:45,989 views 5368 8028 Debug message
INFO 2025-05-01 00:56:45,989 views 5368 8028 User logged in
WARNING 2025-05-01 00:56:45,991 views 5368 8028 API response slow
ERROR 2025-05-01 00:56:45,993 views 5368 8028 Payment failed
CRITICAL 2025-05-01 00:56:45,993 views 5368 8028 Database down
DEBUG 2025-05-01 00:56:46,021 accounts_views_imports 5368 8028 Debug message
INFO 2025-05-01 00:56:46,021 accounts_views_imports 5368 8028 User logged in
WARNING 2025-05-01 00:56:46,023 accounts_views_imports 5368 8028 API response slow
ERROR 2025-05-01 00:56:46,025 accounts_views_imports 5368 8028 Payment failed
CRITICAL 2025-05-01 00:56:46,026 accounts_views_imports 5368 8028 Database down
DEBUG 2025-05-01 00:57:46,404 views 4412 3444 Debug message
INFO 2025-05-01 00:57:46,405 views 4412 3444 User logged in
WARNING 2025-05-01 00:57:46,406 views 4412 3444 API response slow
ERROR 2025-05-01 00:57:46,409 views 4412 3444 Payment failed
CRITICAL 2025-05-01 00:57:46,410 views 4412 3444 Database down
DEBUG 2025-05-01 00:57:46,480 accounts_views_imports 4412 3444 Debug message
INFO 2025-05-01 00:57:46,480 accounts_views_imports 4412 3444 User logged in
WARNING 2025-05-01 00:57:46,482 accounts_views_imports 4412 3444 API response slow
ERROR 2025-05-01 00:57:46,485 accounts_views_imports 4412 3444 Payment failed
CRITICAL 2025-05-01 00:57:46,485 accounts_views_imports 4412 3444 Database down
DEBUG 2025-05-01 00:58:07,694 views 4908 8564 Debug message
INFO 2025-05-01 00:58:07,694 views 4908 8564 User logged in
WARNING 2025-05-01 00:58:07,695 views 4908 8564 API response slow
ERROR 2025-05-01 00:58:07,699 views 4908 8564 Payment failed
CRITICAL 2025-05-01 00:58:07,700 views 4908 8564 Database down
DEBUG 2025-05-01 00:58:07,714 accounts_views_imports 4908 8564 Debug message
INFO 2025-05-01 00:58:07,714 accounts_views_imports 4908 8564 User logged in
WARNING 2025-05-01 00:58:07,715 accounts_views_imports 4908 8564 API response slow
ERROR 2025-05-01 00:58:07,717 accounts_views_imports 4908 8564 Payment failed
CRITICAL 2025-05-01 00:58:07,718 accounts_views_imports 4908 8564 Database down
DEBUG 2025-05-01 00:58:12,306 views 10396 10860 Debug message
INFO 2025-05-01 00:58:12,306 views 10396 10860 User logged in
WARNING 2025-05-01 00:58:12,307 views 10396 10860 API response slow
ERROR 2025-05-01 00:58:12,309 views 10396 10860 Payment failed
CRITICAL 2025-05-01 00:58:12,309 views 10396 10860 Database down
DEBUG 2025-05-01 00:58:12,323 accounts_views_imports 10396 10860 Debug message
INFO 2025-05-01 00:58:12,323 accounts_views_imports 10396 10860 User logged in
WARNING 2025-05-01 00:58:12,324 accounts_views_imports 10396 10860 API response slow
ERROR 2025-05-01 00:58:12,325 accounts_views_imports 10396 10860 Payment failed
CRITICAL 2025-05-01 00:58:12,326 accounts_views_imports 10396 10860 Database down
DEBUG 2025-05-01 00:59:29,634 views 10396 9804 Login page accessed
INFO 2025-05-01 00:59:29,634 views 10396 9804 User AnonymousUser logged in
DEBUG 2025-05-01 00:59:32,990 views 10396 8608 Login page accessed
INFO 2025-05-01 00:59:32,990 views 10396 8608 User AnonymousUser logged in
DEBUG 2025-05-01 01:08:00,137 views 9764 11248 Debug message
INFO 2025-05-01 01:08:00,137 views 9764 11248 User logged in
WARNING 2025-05-01 01:08:00,137 views 9764 11248 API response slow
ERROR 2025-05-01 01:08:00,137 views 9764 11248 Payment failed
CRITICAL 2025-05-01 01:08:00,137 views 9764 11248 Database down
DEBUG 2025-05-01 01:08:00,174 accounts_views_imports 9764 11248 Debug message
INFO 2025-05-01 01:08:00,175 accounts_views_imports 9764 11248 User logged in
WARNING 2025-05-01 01:08:00,176 accounts_views_imports 9764 11248 API response slow
ERROR 2025-05-01 01:08:00,177 accounts_views_imports 9764 11248 Payment failed
CRITICAL 2025-05-01 01:08:00,178 accounts_views_imports 9764 11248 Database down
DEBUG 2025-05-01 01:08:05,041 views 11028 10836 Debug message
INFO 2025-05-01 01:08:05,041 views 11028 10836 User logged in
WARNING 2025-05-01 01:08:05,041 views 11028 10836 API response slow
ERROR 2025-05-01 01:08:05,041 views 11028 10836 Payment failed
CRITICAL 2025-05-01 01:08:05,041 views 11028 10836 Database down
DEBUG 2025-05-01 01:08:05,074 accounts_views_imports 11028 10836 Debug message
INFO 2025-05-01 01:08:05,077 accounts_views_imports 11028 10836 User logged in
WARNING 2025-05-01 01:08:05,078 accounts_views_imports 11028 10836 API response slow
ERROR 2025-05-01 01:08:05,079 accounts_views_imports 11028 10836 Payment failed
CRITICAL 2025-05-01 01:08:05,080 accounts_views_imports 11028 10836 Database down
DEBUG 2025-05-01 01:08:36,484 views 5016 7456 Debug message
INFO 2025-05-01 01:08:36,485 views 5016 7456 User logged in
WARNING 2025-05-01 01:08:36,485 views 5016 7456 API response slow
ERROR 2025-05-01 01:08:36,485 views 5016 7456 Payment failed
CRITICAL 2025-05-01 01:08:36,485 views 5016 7456 Database down
DEBUG 2025-05-01 01:08:36,521 accounts_views_imports 5016 7456 Debug message
INFO 2025-05-01 01:08:36,525 accounts_views_imports 5016 7456 User logged in
WARNING 2025-05-01 01:08:36,528 accounts_views_imports 5016 7456 API response slow
ERROR 2025-05-01 01:08:36,529 accounts_views_imports 5016 7456 Payment failed
CRITICAL 2025-05-01 01:08:36,529 accounts_views_imports 5016 7456 Database down
DEBUG 2025-05-01 01:10:46,964 views 8544 7648 Debug message
INFO 2025-05-01 01:10:46,964 views 8544 7648 User logged in
WARNING 2025-05-01 01:10:46,966 views 8544 7648 API response slow
ERROR 2025-05-01 01:10:46,966 views 8544 7648 Payment failed
CRITICAL 2025-05-01 01:10:46,967 views 8544 7648 Database down
DEBUG 2025-05-01 01:10:46,998 accounts_views_imports 8544 7648 Debug message
INFO 2025-05-01 01:10:46,998 accounts_views_imports 8544 7648 User logged in
WARNING 2025-05-01 01:10:47,000 accounts_views_imports 8544 7648 API response slow
ERROR 2025-05-01 01:10:47,002 accounts_views_imports 8544 7648 Payment failed
CRITICAL 2025-05-01 01:10:47,003 accounts_views_imports 8544 7648 Database down
DEBUG 2025-05-01 01:15:04,435 views 8544 8344 Login page accessed
INFO 2025-05-01 01:15:04,551 views 8544 8344 User ADMIN logged in
DEBUG 2025-05-01 01:16:33,302 views 7744 1100 Debug message
INFO 2025-05-01 01:16:33,302 views 7744 1100 User logged in
WARNING 2025-05-01 01:16:33,304 views 7744 1100 API response slow
ERROR 2025-05-01 01:16:33,305 views 7744 1100 Payment failed
CRITICAL 2025-05-01 01:16:33,306 views 7744 1100 Database down
DEBUG 2025-05-01 01:16:33,321 accounts_views_imports 7744 1100 Debug message
INFO 2025-05-01 01:16:33,321 accounts_views_imports 7744 1100 User logged in
WARNING 2025-05-01 01:16:33,321 accounts_views_imports 7744 1100 API response slow
ERROR 2025-05-01 01:16:33,321 accounts_views_imports 7744 1100 Payment failed
CRITICAL 2025-05-01 01:16:33,321 accounts_views_imports 7744 1100 Database down
DEBUG 2025-05-01 01:16:35,183 views 7744 10800 Login page accessed
INFO 2025-05-01 01:16:35,184 views 7744 10800 User AnonymousUser logged in
DEBUG 2025-05-01 01:20:08,033 views 4064 8260 Debug message
INFO 2025-05-01 01:20:08,034 views 4064 8260 User logged in
WARNING 2025-05-01 01:20:08,035 views 4064 8260 API response slow
ERROR 2025-05-01 01:20:08,036 views 4064 8260 Payment failed
CRITICAL 2025-05-01 01:20:08,038 views 4064 8260 Database down
DEBUG 2025-05-01 01:20:08,081 accounts_views_imports 4064 8260 Debug message
INFO 2025-05-01 01:20:08,082 accounts_views_imports 4064 8260 User logged in
WARNING 2025-05-01 01:20:08,084 accounts_views_imports 4064 8260 API response slow
ERROR 2025-05-01 01:20:08,087 accounts_views_imports 4064 8260 Payment failed
CRITICAL 2025-05-01 01:20:08,088 accounts_views_imports 4064 8260 Database down
DEBUG 2025-05-01 01:20:18,464 views 10860 3248 Debug message
INFO 2025-05-01 01:20:18,465 views 10860 3248 User logged in
WARNING 2025-05-01 01:20:18,467 views 10860 3248 API response slow
ERROR 2025-05-01 01:20:18,467 views 10860 3248 Payment failed
CRITICAL 2025-05-01 01:20:18,470 views 10860 3248 Database down
DEBUG 2025-05-01 01:20:18,541 accounts_views_imports 10860 3248 Debug message
INFO 2025-05-01 01:20:18,542 accounts_views_imports 10860 3248 User logged in
WARNING 2025-05-01 01:20:18,544 accounts_views_imports 10860 3248 API response slow
ERROR 2025-05-01 01:20:18,547 accounts_views_imports 10860 3248 Payment failed
CRITICAL 2025-05-01 01:20:18,547 accounts_views_imports 10860 3248 Database down
DEBUG 2025-05-01 01:20:43,603 views 10348 11016 Debug message
INFO 2025-05-01 01:20:43,603 views 10348 11016 User logged in
WARNING 2025-05-01 01:20:43,605 views 10348 11016 API response slow
ERROR 2025-05-01 01:20:43,607 views 10348 11016 Payment failed
CRITICAL 2025-05-01 01:20:43,607 views 10348 11016 Database down
DEBUG 2025-05-01 01:20:43,638 accounts_views_imports 10348 11016 Debug message
INFO 2025-05-01 01:20:43,638 accounts_views_imports 10348 11016 User logged in
WARNING 2025-05-01 01:20:43,640 accounts_views_imports 10348 11016 API response slow
ERROR 2025-05-01 01:20:43,643 accounts_views_imports 10348 11016 Payment failed
CRITICAL 2025-05-01 01:20:43,643 accounts_views_imports 10348 11016 Database down
DEBUG 2025-05-01 01:20:48,743 views 10444 4848 Debug message
INFO 2025-05-01 01:20:48,743 views 10444 4848 User logged in
WARNING 2025-05-01 01:20:48,745 views 10444 4848 API response slow
ERROR 2025-05-01 01:20:48,745 views 10444 4848 Payment failed
CRITICAL 2025-05-01 01:20:48,747 views 10444 4848 Database down
DEBUG 2025-05-01 01:20:48,785 accounts_views_imports 10444 4848 Debug message
INFO 2025-05-01 01:20:48,787 accounts_views_imports 10444 4848 User logged in
WARNING 2025-05-01 01:20:48,789 accounts_views_imports 10444 4848 API response slow
ERROR 2025-05-01 01:20:48,791 accounts_views_imports 10444 4848 Payment failed
CRITICAL 2025-05-01 01:20:48,792 accounts_views_imports 10444 4848 Database down
DEBUG 2025-05-01 01:20:55,727 views 7204 6664 Debug message
INFO 2025-05-01 01:20:55,727 views 7204 6664 User logged in
WARNING 2025-05-01 01:20:55,728 views 7204 6664 API response slow
ERROR 2025-05-01 01:20:55,730 views 7204 6664 Payment failed
CRITICAL 2025-05-01 01:20:55,731 views 7204 6664 Database down
DEBUG 2025-05-01 01:20:55,768 accounts_views_imports 7204 6664 Debug message
INFO 2025-05-01 01:20:55,768 accounts_views_imports 7204 6664 User logged in
WARNING 2025-05-01 01:20:55,772 accounts_views_imports 7204 6664 API response slow
ERROR 2025-05-01 01:20:55,773 accounts_views_imports 7204 6664 Payment failed
CRITICAL 2025-05-01 01:20:55,773 accounts_views_imports 7204 6664 Database down
DEBUG 2025-05-01 01:21:03,210 views 9800 6088 Debug message
INFO 2025-05-01 01:21:03,210 views 9800 6088 User logged in
WARNING 2025-05-01 01:21:03,213 views 9800 6088 API response slow
ERROR 2025-05-01 01:21:03,215 views 9800 6088 Payment failed
CRITICAL 2025-05-01 01:21:03,216 views 9800 6088 Database down
DEBUG 2025-05-01 01:21:03,254 accounts_views_imports 9800 6088 Debug message
INFO 2025-05-01 01:21:03,254 accounts_views_imports 9800 6088 User logged in
WARNING 2025-05-01 01:21:03,258 accounts_views_imports 9800 6088 API response slow
ERROR 2025-05-01 01:21:03,259 accounts_views_imports 9800 6088 Payment failed
CRITICAL 2025-05-01 01:21:03,260 accounts_views_imports 9800 6088 Database down
DEBUG 2025-05-01 01:21:19,647 views 3056 4472 Debug message
INFO 2025-05-01 01:21:19,647 views 3056 4472 User logged in
WARNING 2025-05-01 01:21:19,648 views 3056 4472 API response slow
ERROR 2025-05-01 01:21:19,649 views 3056 4472 Payment failed
CRITICAL 2025-05-01 01:21:19,651 views 3056 4472 Database down
DEBUG 2025-05-01 01:21:19,670 accounts_views_imports 3056 4472 Debug message
INFO 2025-05-01 01:21:19,670 accounts_views_imports 3056 4472 User logged in
WARNING 2025-05-01 01:21:19,671 accounts_views_imports 3056 4472 API response slow
ERROR 2025-05-01 01:21:19,672 accounts_views_imports 3056 4472 Payment failed
CRITICAL 2025-05-01 01:21:19,674 accounts_views_imports 3056 4472 Database down
DEBUG 2025-05-01 01:21:26,982 views 6792 10948 Debug message
INFO 2025-05-01 01:21:26,983 views 6792 10948 User logged in
WARNING 2025-05-01 01:21:26,984 views 6792 10948 API response slow
ERROR 2025-05-01 01:21:26,986 views 6792 10948 Payment failed
CRITICAL 2025-05-01 01:21:26,986 views 6792 10948 Database down
DEBUG 2025-05-01 01:21:27,005 accounts_views_imports 6792 10948 Debug message
INFO 2025-05-01 01:21:27,006 accounts_views_imports 6792 10948 User logged in
WARNING 2025-05-01 01:21:27,007 accounts_views_imports 6792 10948 API response slow
ERROR 2025-05-01 01:21:27,010 accounts_views_imports 6792 10948 Payment failed
CRITICAL 2025-05-01 01:21:27,010 accounts_views_imports 6792 10948 Database down
DEBUG 2025-05-01 01:21:37,969 views 6980 7684 Debug message
INFO 2025-05-01 01:21:37,970 views 6980 7684 User logged in
WARNING 2025-05-01 01:21:37,971 views 6980 7684 API response slow
ERROR 2025-05-01 01:21:37,973 views 6980 7684 Payment failed
CRITICAL 2025-05-01 01:21:37,973 views 6980 7684 Database down
DEBUG 2025-05-01 01:21:37,991 accounts_views_imports 6980 7684 Debug message
INFO 2025-05-01 01:21:37,992 accounts_views_imports 6980 7684 User logged in
WARNING 2025-05-01 01:21:37,994 accounts_views_imports 6980 7684 API response slow
ERROR 2025-05-01 01:21:37,995 accounts_views_imports 6980 7684 Payment failed
CRITICAL 2025-05-01 01:21:37,997 accounts_views_imports 6980 7684 Database down
DEBUG 2025-05-01 01:21:43,033 views 6744 5604 Debug message
INFO 2025-05-01 01:21:43,033 views 6744 5604 User logged in
WARNING 2025-05-01 01:21:43,034 views 6744 5604 API response slow
ERROR 2025-05-01 01:21:43,035 views 6744 5604 Payment failed
CRITICAL 2025-05-01 01:21:43,037 views 6744 5604 Database down
DEBUG 2025-05-01 01:21:43,066 accounts_views_imports 6744 5604 Debug message
INFO 2025-05-01 01:21:43,066 accounts_views_imports 6744 5604 User logged in
WARNING 2025-05-01 01:21:43,067 accounts_views_imports 6744 5604 API response slow
ERROR 2025-05-01 01:21:43,070 accounts_views_imports 6744 5604 Payment failed
CRITICAL 2025-05-01 01:21:43,073 accounts_views_imports 6744 5604 Database down
DEBUG 2025-05-01 01:21:52,890 views 3120 5048 Debug message
INFO 2025-05-01 01:21:52,890 views 3120 5048 User logged in
WARNING 2025-05-01 01:21:52,891 views 3120 5048 API response slow
ERROR 2025-05-01 01:21:52,892 views 3120 5048 Payment failed
CRITICAL 2025-05-01 01:21:52,894 views 3120 5048 Database down
DEBUG 2025-05-01 01:21:52,940 accounts_views_imports 3120 5048 Debug message
INFO 2025-05-01 01:21:52,940 accounts_views_imports 3120 5048 User logged in
WARNING 2025-05-01 01:21:52,942 accounts_views_imports 3120 5048 API response slow
ERROR 2025-05-01 01:21:52,944 accounts_views_imports 3120 5048 Payment failed
CRITICAL 2025-05-01 01:21:52,945 accounts_views_imports 3120 5048 Database down
DEBUG 2025-05-01 01:21:57,270 views 10700 8780 Debug message
INFO 2025-05-01 01:21:57,270 views 10700 8780 User logged in
WARNING 2025-05-01 01:21:57,273 views 10700 8780 API response slow
ERROR 2025-05-01 01:21:57,273 views 10700 8780 Payment failed
CRITICAL 2025-05-01 01:21:57,276 views 10700 8780 Database down
DEBUG 2025-05-01 01:21:57,306 accounts_views_imports 10700 8780 Debug message
INFO 2025-05-01 01:21:57,306 accounts_views_imports 10700 8780 User logged in
WARNING 2025-05-01 01:21:57,309 accounts_views_imports 10700 8780 API response slow
ERROR 2025-05-01 01:21:57,311 accounts_views_imports 10700 8780 Payment failed
CRITICAL 2025-05-01 01:21:57,311 accounts_views_imports 10700 8780 Database down
DEBUG 2025-05-01 01:22:03,432 views 8404 7136 Debug message
INFO 2025-05-01 01:22:03,432 views 8404 7136 User logged in
WARNING 2025-05-01 01:22:03,435 views 8404 7136 API response slow
ERROR 2025-05-01 01:22:03,436 views 8404 7136 Payment failed
CRITICAL 2025-05-01 01:22:03,436 views 8404 7136 Database down
DEBUG 2025-05-01 01:22:03,471 accounts_views_imports 8404 7136 Debug message
INFO 2025-05-01 01:22:03,471 accounts_views_imports 8404 7136 User logged in
WARNING 2025-05-01 01:22:03,475 accounts_views_imports 8404 7136 API response slow
ERROR 2025-05-01 01:22:03,475 accounts_views_imports 8404 7136 Payment failed
CRITICAL 2025-05-01 01:22:03,476 accounts_views_imports 8404 7136 Database down
DEBUG 2025-05-01 01:22:29,042 views 9200 7836 Debug message
INFO 2025-05-01 01:22:29,043 views 9200 7836 User logged in
WARNING 2025-05-01 01:22:29,045 views 9200 7836 API response slow
ERROR 2025-05-01 01:22:29,045 views 9200 7836 Payment failed
CRITICAL 2025-05-01 01:22:29,047 views 9200 7836 Database down
DEBUG 2025-05-01 01:22:29,076 accounts_views_imports 9200 7836 Debug message
INFO 2025-05-01 01:22:29,078 accounts_views_imports 9200 7836 User logged in
WARNING 2025-05-01 01:22:29,079 accounts_views_imports 9200 7836 API response slow
ERROR 2025-05-01 01:22:29,081 accounts_views_imports 9200 7836 Payment failed
CRITICAL 2025-05-01 01:22:29,082 accounts_views_imports 9200 7836 Database down
DEBUG 2025-05-01 01:22:39,081 views 2552 5516 Debug message
INFO 2025-05-01 01:22:39,081 views 2552 5516 User logged in
WARNING 2025-05-01 01:22:39,083 views 2552 5516 API response slow
ERROR 2025-05-01 01:22:39,083 views 2552 5516 Payment failed
CRITICAL 2025-05-01 01:22:39,085 views 2552 5516 Database down
DEBUG 2025-05-01 01:22:39,116 accounts_views_imports 2552 5516 Debug message
INFO 2025-05-01 01:22:39,116 accounts_views_imports 2552 5516 User logged in
WARNING 2025-05-01 01:22:39,117 accounts_views_imports 2552 5516 API response slow
ERROR 2025-05-01 01:22:39,119 accounts_views_imports 2552 5516 Payment failed
CRITICAL 2025-05-01 01:22:39,119 accounts_views_imports 2552 5516 Database down
DEBUG 2025-05-01 01:22:46,265 views 2820 7644 Debug message
INFO 2025-05-01 01:22:46,265 views 2820 7644 User logged in
WARNING 2025-05-01 01:22:46,268 views 2820 7644 API response slow
ERROR 2025-05-01 01:22:46,270 views 2820 7644 Payment failed
CRITICAL 2025-05-01 01:22:46,272 views 2820 7644 Database down
DEBUG 2025-05-01 01:22:46,318 accounts_views_imports 2820 7644 Debug message
INFO 2025-05-01 01:22:46,321 accounts_views_imports 2820 7644 User logged in
WARNING 2025-05-01 01:22:46,325 accounts_views_imports 2820 7644 API response slow
ERROR 2025-05-01 01:22:46,326 accounts_views_imports 2820 7644 Payment failed
CRITICAL 2025-05-01 01:22:46,329 accounts_views_imports 2820 7644 Database down
DEBUG 2025-05-01 01:22:54,213 views 7952 1248 Debug message
INFO 2025-05-01 01:22:54,214 views 7952 1248 User logged in
WARNING 2025-05-01 01:22:54,215 views 7952 1248 API response slow
ERROR 2025-05-01 01:22:54,217 views 7952 1248 Payment failed
CRITICAL 2025-05-01 01:22:54,218 views 7952 1248 Database down
DEBUG 2025-05-01 01:22:54,249 accounts_views_imports 7952 1248 Debug message
INFO 2025-05-01 01:22:54,249 accounts_views_imports 7952 1248 User logged in
WARNING 2025-05-01 01:22:54,250 accounts_views_imports 7952 1248 API response slow
ERROR 2025-05-01 01:22:54,250 accounts_views_imports 7952 1248 Payment failed
CRITICAL 2025-05-01 01:22:54,253 accounts_views_imports 7952 1248 Database down
DEBUG 2025-05-01 01:23:00,127 views 8928 9344 Debug message
INFO 2025-05-01 01:23:00,128 views 8928 9344 User logged in
WARNING 2025-05-01 01:23:00,129 views 8928 9344 API response slow
ERROR 2025-05-01 01:23:00,131 views 8928 9344 Payment failed
CRITICAL 2025-05-01 01:23:00,132 views 8928 9344 Database down
DEBUG 2025-05-01 01:23:00,168 accounts_views_imports 8928 9344 Debug message
INFO 2025-05-01 01:23:00,168 accounts_views_imports 8928 9344 User logged in
WARNING 2025-05-01 01:23:00,172 accounts_views_imports 8928 9344 API response slow
ERROR 2025-05-01 01:23:00,172 accounts_views_imports 8928 9344 Payment failed
CRITICAL 2025-05-01 01:23:00,173 accounts_views_imports 8928 9344 Database down
DEBUG 2025-05-01 01:23:13,479 views 6848 6496 Debug message
INFO 2025-05-01 01:23:13,479 views 6848 6496 User logged in
WARNING 2025-05-01 01:23:13,481 views 6848 6496 API response slow
ERROR 2025-05-01 01:23:13,483 views 6848 6496 Payment failed
CRITICAL 2025-05-01 01:23:13,484 views 6848 6496 Database down
DEBUG 2025-05-01 01:23:13,497 accounts_views_imports 6848 6496 Debug message
INFO 2025-05-01 01:23:13,497 accounts_views_imports 6848 6496 User logged in
WARNING 2025-05-01 01:23:13,498 accounts_views_imports 6848 6496 API response slow
ERROR 2025-05-01 01:23:13,498 accounts_views_imports 6848 6496 Payment failed
CRITICAL 2025-05-01 01:23:13,501 accounts_views_imports 6848 6496 Database down
DEBUG 2025-05-01 01:23:17,104 views 2160 9020 Debug message
INFO 2025-05-01 01:23:17,104 views 2160 9020 User logged in
WARNING 2025-05-01 01:23:17,106 views 2160 9020 API response slow
ERROR 2025-05-01 01:23:17,108 views 2160 9020 Payment failed
CRITICAL 2025-05-01 01:23:17,109 views 2160 9020 Database down
DEBUG 2025-05-01 01:23:17,122 accounts_views_imports 2160 9020 Debug message
INFO 2025-05-01 01:23:17,122 accounts_views_imports 2160 9020 User logged in
WARNING 2025-05-01 01:23:17,123 accounts_views_imports 2160 9020 API response slow
ERROR 2025-05-01 01:23:17,123 accounts_views_imports 2160 9020 Payment failed
CRITICAL 2025-05-01 01:23:17,125 accounts_views_imports 2160 9020 Database down
DEBUG 2025-05-01 01:23:21,339 views 4236 10660 Debug message
INFO 2025-05-01 01:23:21,339 views 4236 10660 User logged in
WARNING 2025-05-01 01:23:21,342 views 4236 10660 API response slow
ERROR 2025-05-01 01:23:21,342 views 4236 10660 Payment failed
CRITICAL 2025-05-01 01:23:21,344 views 4236 10660 Database down
DEBUG 2025-05-01 01:23:21,347 accounts_views_imports 4236 10660 Debug message
INFO 2025-05-01 01:23:21,347 accounts_views_imports 4236 10660 User logged in
WARNING 2025-05-01 01:23:21,358 accounts_views_imports 4236 10660 API response slow
ERROR 2025-05-01 01:23:21,361 accounts_views_imports 4236 10660 Payment failed
CRITICAL 2025-05-01 01:23:21,361 accounts_views_imports 4236 10660 Database down
DEBUG 2025-05-01 01:23:27,713 views 9788 7744 Debug message
INFO 2025-05-01 01:23:27,714 views 9788 7744 User logged in
WARNING 2025-05-01 01:23:27,714 views 9788 7744 API response slow
ERROR 2025-05-01 01:23:27,715 views 9788 7744 Payment failed
CRITICAL 2025-05-01 01:23:27,717 views 9788 7744 Database down
DEBUG 2025-05-01 01:23:27,734 accounts_views_imports 9788 7744 Debug message
INFO 2025-05-01 01:23:27,734 accounts_views_imports 9788 7744 User logged in
WARNING 2025-05-01 01:23:27,737 accounts_views_imports 9788 7744 API response slow
ERROR 2025-05-01 01:23:27,739 accounts_views_imports 9788 7744 Payment failed
CRITICAL 2025-05-01 01:23:27,740 accounts_views_imports 9788 7744 Database down
DEBUG 2025-05-01 01:23:38,958 views 5048 1272 Debug message
INFO 2025-05-01 01:23:38,958 views 5048 1272 User logged in
WARNING 2025-05-01 01:23:38,962 views 5048 1272 API response slow
ERROR 2025-05-01 01:23:38,963 views 5048 1272 Payment failed
CRITICAL 2025-05-01 01:23:38,964 views 5048 1272 Database down
DEBUG 2025-05-01 01:23:38,981 accounts_views_imports 5048 1272 Debug message
INFO 2025-05-01 01:23:38,982 accounts_views_imports 5048 1272 User logged in
WARNING 2025-05-01 01:23:38,982 accounts_views_imports 5048 1272 API response slow
ERROR 2025-05-01 01:23:38,983 accounts_views_imports 5048 1272 Payment failed
CRITICAL 2025-05-01 01:23:38,984 accounts_views_imports 5048 1272 Database down
DEBUG 2025-05-01 01:28:52,250 views 11236 2352 Debug message
INFO 2025-05-01 01:28:52,251 views 11236 2352 User logged in
WARNING 2025-05-01 01:28:52,254 views 11236 2352 API response slow
ERROR 2025-05-01 01:28:52,255 views 11236 2352 Payment failed
CRITICAL 2025-05-01 01:28:52,255 views 11236 2352 Database down
DEBUG 2025-05-01 01:28:52,294 accounts_views_imports 11236 2352 Debug message
INFO 2025-05-01 01:28:52,294 accounts_views_imports 11236 2352 User logged in
WARNING 2025-05-01 01:28:52,296 accounts_views_imports 11236 2352 API response slow
ERROR 2025-05-01 01:28:52,298 accounts_views_imports 11236 2352 Payment failed
CRITICAL 2025-05-01 01:28:52,299 accounts_views_imports 11236 2352 Database down
DEBUG 2025-05-01 01:29:15,260 views 10372 11112 Debug message
INFO 2025-05-01 01:29:15,261 views 10372 11112 User logged in
WARNING 2025-05-01 01:29:15,262 views 10372 11112 API response slow
ERROR 2025-05-01 01:29:15,264 views 10372 11112 Payment failed
CRITICAL 2025-05-01 01:29:15,264 views 10372 11112 Database down
DEBUG 2025-05-01 01:29:24,560 views 8416 7144 Debug message
INFO 2025-05-01 01:29:24,561 views 8416 7144 User logged in
WARNING 2025-05-01 01:29:24,565 views 8416 7144 API response slow
ERROR 2025-05-01 01:29:24,566 views 8416 7144 Payment failed
CRITICAL 2025-05-01 01:29:24,567 views 8416 7144 Database down
DEBUG 2025-05-01 01:29:24,602 accounts_views_imports 8416 7144 Debug message
INFO 2025-05-01 01:29:24,602 accounts_views_imports 8416 7144 User logged in
WARNING 2025-05-01 01:29:24,604 accounts_views_imports 8416 7144 API response slow
ERROR 2025-05-01 01:29:24,605 accounts_views_imports 8416 7144 Payment failed
CRITICAL 2025-05-01 01:29:24,607 accounts_views_imports 8416 7144 Database down
DEBUG 2025-05-01 01:29:38,268 views 10288 10004 Debug message
INFO 2025-05-01 01:29:38,268 views 10288 10004 User logged in
WARNING 2025-05-01 01:29:38,270 views 10288 10004 API response slow
ERROR 2025-05-01 01:29:38,271 views 10288 10004 Payment failed
CRITICAL 2025-05-01 01:29:38,272 views 10288 10004 Database down
DEBUG 2025-05-01 01:29:38,300 accounts_views_imports 10288 10004 Debug message
INFO 2025-05-01 01:29:38,301 accounts_views_imports 10288 10004 User logged in
WARNING 2025-05-01 01:29:38,302 accounts_views_imports 10288 10004 API response slow
ERROR 2025-05-01 01:29:38,303 accounts_views_imports 10288 10004 Payment failed
CRITICAL 2025-05-01 01:29:38,304 accounts_views_imports 10288 10004 Database down
DEBUG 2025-05-01 01:29:43,243 views 10760 10980 Debug message
INFO 2025-05-01 01:29:43,244 views 10760 10980 User logged in
WARNING 2025-05-01 01:29:43,246 views 10760 10980 API response slow
ERROR 2025-05-01 01:29:43,248 views 10760 10980 Payment failed
CRITICAL 2025-05-01 01:29:43,249 views 10760 10980 Database down
DEBUG 2025-05-01 01:29:43,275 accounts_views_imports 10760 10980 Debug message
INFO 2025-05-01 01:29:43,279 accounts_views_imports 10760 10980 User logged in
WARNING 2025-05-01 01:29:43,280 accounts_views_imports 10760 10980 API response slow
ERROR 2025-05-01 01:29:43,280 accounts_views_imports 10760 10980 Payment failed
CRITICAL 2025-05-01 01:29:43,282 accounts_views_imports 10760 10980 Database down
DEBUG 2025-05-01 01:30:04,190 views 9344 9456 Debug message
INFO 2025-05-01 01:30:04,191 views 9344 9456 User logged in
WARNING 2025-05-01 01:30:04,192 views 9344 9456 API response slow
ERROR 2025-05-01 01:30:04,193 views 9344 9456 Payment failed
CRITICAL 2025-05-01 01:30:04,194 views 9344 9456 Database down
DEBUG 2025-05-01 01:30:04,223 accounts_views_imports 9344 9456 Debug message
INFO 2025-05-01 01:30:04,224 accounts_views_imports 9344 9456 User logged in
WARNING 2025-05-01 01:30:04,224 accounts_views_imports 9344 9456 API response slow
ERROR 2025-05-01 01:30:04,225 accounts_views_imports 9344 9456 Payment failed
CRITICAL 2025-05-01 01:30:04,227 accounts_views_imports 9344 9456 Database down
DEBUG 2025-05-01 01:30:09,413 views 3856 8936 Debug message
INFO 2025-05-01 01:30:09,414 views 3856 8936 User logged in
WARNING 2025-05-01 01:30:09,415 views 3856 8936 API response slow
ERROR 2025-05-01 01:30:09,418 views 3856 8936 Payment failed
CRITICAL 2025-05-01 01:30:09,420 views 3856 8936 Database down
DEBUG 2025-05-01 01:30:09,457 accounts_views_imports 3856 8936 Debug message
INFO 2025-05-01 01:30:09,457 accounts_views_imports 3856 8936 User logged in
WARNING 2025-05-01 01:30:09,460 accounts_views_imports 3856 8936 API response slow
ERROR 2025-05-01 01:30:09,460 accounts_views_imports 3856 8936 Payment failed
CRITICAL 2025-05-01 01:30:09,462 accounts_views_imports 3856 8936 Database down
DEBUG 2025-05-01 01:30:21,962 views 6908 10676 Debug message
INFO 2025-05-01 01:30:21,963 views 6908 10676 User logged in
WARNING 2025-05-01 01:30:21,967 views 6908 10676 API response slow
ERROR 2025-05-01 01:30:21,967 views 6908 10676 Payment failed
CRITICAL 2025-05-01 01:30:21,968 views 6908 10676 Database down
DEBUG 2025-05-01 01:30:21,984 accounts_views_imports 6908 10676 Debug message
INFO 2025-05-01 01:30:21,985 accounts_views_imports 6908 10676 User logged in
WARNING 2025-05-01 01:30:21,985 accounts_views_imports 6908 10676 API response slow
ERROR 2025-05-01 01:30:21,986 accounts_views_imports 6908 10676 Payment failed
CRITICAL 2025-05-01 01:30:21,987 accounts_views_imports 6908 10676 Database down
DEBUG 2025-05-01 01:30:27,854 views 1468 10064 Debug message
INFO 2025-05-01 01:30:27,854 views 1468 10064 User logged in
WARNING 2025-05-01 01:30:27,856 views 1468 10064 API response slow
ERROR 2025-05-01 01:30:27,858 views 1468 10064 Payment failed
CRITICAL 2025-05-01 01:30:27,858 views 1468 10064 Database down
DEBUG 2025-05-01 01:30:27,894 accounts_views_imports 1468 10064 Debug message
INFO 2025-05-01 01:30:27,898 accounts_views_imports 1468 10064 User logged in
WARNING 2025-05-01 01:30:27,900 accounts_views_imports 1468 10064 API response slow
ERROR 2025-05-01 01:30:27,900 accounts_views_imports 1468 10064 Payment failed
CRITICAL 2025-05-01 01:30:27,901 accounts_views_imports 1468 10064 Database down
DEBUG 2025-05-01 01:32:43,954 views 2272 3080 Debug message
INFO 2025-05-01 01:32:43,955 views 2272 3080 User logged in
WARNING 2025-05-01 01:32:43,956 views 2272 3080 API response slow
ERROR 2025-05-01 01:32:43,957 views 2272 3080 Payment failed
CRITICAL 2025-05-01 01:32:43,958 views 2272 3080 Database down
DEBUG 2025-05-01 01:32:43,988 accounts_views_imports 2272 3080 Debug message
INFO 2025-05-01 01:32:43,990 accounts_views_imports 2272 3080 User logged in
WARNING 2025-05-01 01:32:43,992 accounts_views_imports 2272 3080 API response slow
ERROR 2025-05-01 01:32:43,994 accounts_views_imports 2272 3080 Payment failed
CRITICAL 2025-05-01 01:32:43,995 accounts_views_imports 2272 3080 Database down
DEBUG 2025-05-01 01:32:48,223 views 5696 5316 Debug message
INFO 2025-05-01 01:32:48,224 views 5696 5316 User logged in
WARNING 2025-05-01 01:32:48,225 views 5696 5316 API response slow
ERROR 2025-05-01 01:32:48,227 views 5696 5316 Payment failed
CRITICAL 2025-05-01 01:32:48,227 views 5696 5316 Database down
DEBUG 2025-05-01 01:32:48,245 accounts_views_imports 5696 5316 Debug message
INFO 2025-05-01 01:32:48,245 accounts_views_imports 5696 5316 User logged in
WARNING 2025-05-01 01:32:48,247 accounts_views_imports 5696 5316 API response slow
ERROR 2025-05-01 01:32:48,248 accounts_views_imports 5696 5316 Payment failed
CRITICAL 2025-05-01 01:32:48,249 accounts_views_imports 5696 5316 Database down
DEBUG 2025-05-01 01:32:52,172 views 8328 11016 Debug message
INFO 2025-05-01 01:32:52,173 views 8328 11016 User logged in
WARNING 2025-05-01 01:32:52,175 views 8328 11016 API response slow
ERROR 2025-05-01 01:32:52,176 views 8328 11016 Payment failed
CRITICAL 2025-05-01 01:32:52,177 views 8328 11016 Database down
DEBUG 2025-05-01 01:32:52,194 accounts_views_imports 8328 11016 Debug message
INFO 2025-05-01 01:32:52,195 accounts_views_imports 8328 11016 User logged in
WARNING 2025-05-01 01:32:52,198 accounts_views_imports 8328 11016 API response slow
ERROR 2025-05-01 01:32:52,198 accounts_views_imports 8328 11016 Payment failed
CRITICAL 2025-05-01 01:32:52,199 accounts_views_imports 8328 11016 Database down
DEBUG 2025-05-01 01:33:04,551 views 9480 9836 Debug message
INFO 2025-05-01 01:33:04,552 views 9480 9836 User logged in
WARNING 2025-05-01 01:33:04,555 views 9480 9836 API response slow
ERROR 2025-05-01 01:33:04,555 views 9480 9836 Payment failed
CRITICAL 2025-05-01 01:33:04,558 views 9480 9836 Database down
DEBUG 2025-05-01 01:33:04,599 accounts_views_imports 9480 9836 Debug message
INFO 2025-05-01 01:33:04,600 accounts_views_imports 9480 9836 User logged in
WARNING 2025-05-01 01:33:04,602 accounts_views_imports 9480 9836 API response slow
ERROR 2025-05-01 01:33:04,603 accounts_views_imports 9480 9836 Payment failed
CRITICAL 2025-05-01 01:33:04,604 accounts_views_imports 9480 9836 Database down
DEBUG 2025-05-01 01:34:13,643 views 9724 5604 Debug message
INFO 2025-05-01 01:34:13,643 views 9724 5604 User logged in
WARNING 2025-05-01 01:34:13,645 views 9724 5604 API response slow
ERROR 2025-05-01 01:34:13,646 views 9724 5604 Payment failed
CRITICAL 2025-05-01 01:34:13,647 views 9724 5604 Database down
DEBUG 2025-05-01 01:34:13,682 accounts_views_imports 9724 5604 Debug message
INFO 2025-05-01 01:34:13,682 accounts_views_imports 9724 5604 User logged in
WARNING 2025-05-01 01:34:13,686 accounts_views_imports 9724 5604 API response slow
ERROR 2025-05-01 01:34:13,686 accounts_views_imports 9724 5604 Payment failed
CRITICAL 2025-05-01 01:34:13,687 accounts_views_imports 9724 5604 Database down
DEBUG 2025-05-01 01:34:21,390 views 10056 10772 Debug message
INFO 2025-05-01 01:34:21,390 views 10056 10772 User logged in
WARNING 2025-05-01 01:34:21,391 views 10056 10772 API response slow
ERROR 2025-05-01 01:34:21,393 views 10056 10772 Payment failed
CRITICAL 2025-05-01 01:34:21,393 views 10056 10772 Database down
DEBUG 2025-05-01 01:34:21,425 accounts_views_imports 10056 10772 Debug message
INFO 2025-05-01 01:34:21,425 accounts_views_imports 10056 10772 User logged in
WARNING 2025-05-01 01:34:21,427 accounts_views_imports 10056 10772 API response slow
ERROR 2025-05-01 01:34:21,428 accounts_views_imports 10056 10772 Payment failed
CRITICAL 2025-05-01 01:34:21,429 accounts_views_imports 10056 10772 Database down
DEBUG 2025-05-01 01:34:37,530 views 5896 11016 Debug message
INFO 2025-05-01 01:34:37,530 views 5896 11016 User logged in
WARNING 2025-05-01 01:34:37,533 views 5896 11016 API response slow
ERROR 2025-05-01 01:34:37,533 views 5896 11016 Payment failed
CRITICAL 2025-05-01 01:34:37,537 views 5896 11016 Database down
DEBUG 2025-05-01 01:34:37,568 accounts_views_imports 5896 11016 Debug message
INFO 2025-05-01 01:34:37,568 accounts_views_imports 5896 11016 User logged in
WARNING 2025-05-01 01:34:37,573 accounts_views_imports 5896 11016 API response slow
ERROR 2025-05-01 01:34:37,574 accounts_views_imports 5896 11016 Payment failed
CRITICAL 2025-05-01 01:34:37,574 accounts_views_imports 5896 11016 Database down
DEBUG 2025-05-01 01:34:42,899 views 10852 7684 Debug message
INFO 2025-05-01 01:34:42,899 views 10852 7684 User logged in
WARNING 2025-05-01 01:34:42,901 views 10852 7684 API response slow
ERROR 2025-05-01 01:34:42,903 views 10852 7684 Payment failed
CRITICAL 2025-05-01 01:34:42,904 views 10852 7684 Database down
DEBUG 2025-05-01 01:34:42,920 accounts_views_imports 10852 7684 Debug message
INFO 2025-05-01 01:34:42,921 accounts_views_imports 10852 7684 User logged in
WARNING 2025-05-01 01:34:42,922 accounts_views_imports 10852 7684 API response slow
ERROR 2025-05-01 01:34:42,923 accounts_views_imports 10852 7684 Payment failed
CRITICAL 2025-05-01 01:34:42,923 accounts_views_imports 10852 7684 Database down
DEBUG 2025-05-01 01:35:17,583 views 10416 10228 Debug message
INFO 2025-05-01 01:35:17,583 views 10416 10228 User logged in
WARNING 2025-05-01 01:35:17,585 views 10416 10228 API response slow
ERROR 2025-05-01 01:35:17,586 views 10416 10228 Payment failed
CRITICAL 2025-05-01 01:35:17,587 views 10416 10228 Database down
DEBUG 2025-05-01 01:35:17,636 accounts_views_imports 10416 10228 Debug message
INFO 2025-05-01 01:35:17,636 accounts_views_imports 10416 10228 User logged in
WARNING 2025-05-01 01:35:17,638 accounts_views_imports 10416 10228 API response slow
ERROR 2025-05-01 01:35:17,639 accounts_views_imports 10416 10228 Payment failed
CRITICAL 2025-05-01 01:35:17,640 accounts_views_imports 10416 10228 Database down
DEBUG 2025-05-01 01:35:37,009 views 9992 10564 Debug message
INFO 2025-05-01 01:35:37,010 views 9992 10564 User logged in
WARNING 2025-05-01 01:35:37,011 views 9992 10564 API response slow
ERROR 2025-05-01 01:35:37,012 views 9992 10564 Payment failed
CRITICAL 2025-05-01 01:35:37,013 views 9992 10564 Database down
DEBUG 2025-05-01 01:35:37,038 accounts_views_imports 9992 10564 Debug message
INFO 2025-05-01 01:35:37,039 accounts_views_imports 9992 10564 User logged in
WARNING 2025-05-01 01:35:37,041 accounts_views_imports 9992 10564 API response slow
ERROR 2025-05-01 01:35:37,042 accounts_views_imports 9992 10564 Payment failed
CRITICAL 2025-05-01 01:35:37,044 accounts_views_imports 9992 10564 Database down
DEBUG 2025-05-01 01:36:07,786 views 11092 5696 Debug message
INFO 2025-05-01 01:36:07,786 views 11092 5696 User logged in
WARNING 2025-05-01 01:36:07,788 views 11092 5696 API response slow
ERROR 2025-05-01 01:36:07,790 views 11092 5696 Payment failed
CRITICAL 2025-05-01 01:36:07,791 views 11092 5696 Database down
DEBUG 2025-05-01 01:36:07,823 accounts_views_imports 11092 5696 Debug message
INFO 2025-05-01 01:36:07,823 accounts_views_imports 11092 5696 User logged in
WARNING 2025-05-01 01:36:07,825 accounts_views_imports 11092 5696 API response slow
ERROR 2025-05-01 01:36:07,827 accounts_views_imports 11092 5696 Payment failed
CRITICAL 2025-05-01 01:36:07,828 accounts_views_imports 11092 5696 Database down
DEBUG 2025-05-01 01:36:23,890 views 11064 5148 Debug message
INFO 2025-05-01 01:36:23,891 views 11064 5148 User logged in
WARNING 2025-05-01 01:36:23,892 views 11064 5148 API response slow
ERROR 2025-05-01 01:36:23,894 views 11064 5148 Payment failed
CRITICAL 2025-05-01 01:36:23,895 views 11064 5148 Database down
DEBUG 2025-05-01 01:36:29,189 views 7256 2396 Debug message
INFO 2025-05-01 01:36:29,190 views 7256 2396 User logged in
WARNING 2025-05-01 01:36:29,191 views 7256 2396 API response slow
ERROR 2025-05-01 01:36:29,194 views 7256 2396 Payment failed
CRITICAL 2025-05-01 01:36:29,194 views 7256 2396 Database down
DEBUG 2025-05-01 01:36:33,228 views 9948 6664 Debug message
INFO 2025-05-01 01:36:33,228 views 9948 6664 User logged in
WARNING 2025-05-01 01:36:33,230 views 9948 6664 API response slow
ERROR 2025-05-01 01:36:33,231 views 9948 6664 Payment failed
CRITICAL 2025-05-01 01:36:33,232 views 9948 6664 Database down
DEBUG 2025-05-01 01:36:33,262 accounts_views_imports 9948 6664 Debug message
INFO 2025-05-01 01:36:33,263 accounts_views_imports 9948 6664 User logged in
WARNING 2025-05-01 01:36:33,263 accounts_views_imports 9948 6664 API response slow
ERROR 2025-05-01 01:36:33,264 accounts_views_imports 9948 6664 Payment failed
CRITICAL 2025-05-01 01:36:33,265 accounts_views_imports 9948 6664 Database down
DEBUG 2025-05-01 01:36:40,309 views 10740 11248 Debug message
INFO 2025-05-01 01:36:40,310 views 10740 11248 User logged in
WARNING 2025-05-01 01:36:40,312 views 10740 11248 API response slow
ERROR 2025-05-01 01:36:40,313 views 10740 11248 Payment failed
CRITICAL 2025-05-01 01:36:40,314 views 10740 11248 Database down
DEBUG 2025-05-01 01:36:40,343 accounts_views_imports 10740 11248 Debug message
INFO 2025-05-01 01:36:40,344 accounts_views_imports 10740 11248 User logged in
WARNING 2025-05-01 01:36:40,346 accounts_views_imports 10740 11248 API response slow
ERROR 2025-05-01 01:36:40,348 accounts_views_imports 10740 11248 Payment failed
CRITICAL 2025-05-01 01:36:40,349 accounts_views_imports 10740 11248 Database down
DEBUG 2025-05-01 01:36:47,317 views 9420 8928 Debug message
INFO 2025-05-01 01:36:47,317 views 9420 8928 User logged in
WARNING 2025-05-01 01:36:47,319 views 9420 8928 API response slow
ERROR 2025-05-01 01:36:47,320 views 9420 8928 Payment failed
CRITICAL 2025-05-01 01:36:47,321 views 9420 8928 Database down
DEBUG 2025-05-01 01:36:47,351 accounts_views_imports 9420 8928 Debug message
INFO 2025-05-01 01:36:47,352 accounts_views_imports 9420 8928 User logged in
WARNING 2025-05-01 01:36:47,354 accounts_views_imports 9420 8928 API response slow
ERROR 2025-05-01 01:36:47,357 accounts_views_imports 9420 8928 Payment failed
CRITICAL 2025-05-01 01:36:47,358 accounts_views_imports 9420 8928 Database down
DEBUG 2025-05-01 01:41:04,987 views 10776 11112 Debug message
INFO 2025-05-01 01:41:04,987 views 10776 11112 User logged in
WARNING 2025-05-01 01:41:04,991 views 10776 11112 API response slow
ERROR 2025-05-01 01:41:04,992 views 10776 11112 Payment failed
CRITICAL 2025-05-01 01:41:04,993 views 10776 11112 Database down
DEBUG 2025-05-01 01:41:05,010 accounts_views_imports 10776 11112 Debug message
INFO 2025-05-01 01:41:05,011 accounts_views_imports 10776 11112 User logged in
WARNING 2025-05-01 01:41:05,013 accounts_views_imports 10776 11112 API response slow
ERROR 2025-05-01 01:41:05,016 accounts_views_imports 10776 11112 Payment failed
CRITICAL 2025-05-01 01:41:05,016 accounts_views_imports 10776 11112 Database down
DEBUG 2025-05-01 01:41:14,117 views 10776 5620 Login page accessed
INFO 2025-05-01 01:41:14,117 views 10776 5620 User AnonymousUser logged in
DEBUG 2025-05-01 01:41:18,903 views 10776 5064 Login page accessed
INFO 2025-05-01 01:41:18,903 views 10776 5064 User AnonymousUser logged in
DEBUG 2025-05-01 01:41:22,415 views 10776 3720 Login page accessed
INFO 2025-05-01 01:41:22,415 views 10776 3720 User AnonymousUser logged in
DEBUG 2025-05-01 01:43:10,600 views 9992 5404 Debug message
INFO 2025-05-01 01:43:10,601 views 9992 5404 User logged in
WARNING 2025-05-01 01:43:10,602 views 9992 5404 API response slow
ERROR 2025-05-01 01:43:10,603 views 9992 5404 Payment failed
CRITICAL 2025-05-01 01:43:10,605 views 9992 5404 Database down
DEBUG 2025-05-01 01:43:10,654 accounts_views_imports 9992 5404 Debug message
INFO 2025-05-01 01:43:10,654 accounts_views_imports 9992 5404 User logged in
WARNING 2025-05-01 01:43:10,656 accounts_views_imports 9992 5404 API response slow
ERROR 2025-05-01 01:43:10,658 accounts_views_imports 9992 5404 Payment failed
CRITICAL 2025-05-01 01:43:10,659 accounts_views_imports 9992 5404 Database down
DEBUG 2025-05-01 01:43:11,320 views 9992 9048 Login page accessed
INFO 2025-05-01 01:43:11,320 views 9992 9048 User AnonymousUser logged in
DEBUG 2025-05-01 01:43:45,976 views 7488 9896 Debug message
INFO 2025-05-01 01:43:45,976 views 7488 9896 User logged in
WARNING 2025-05-01 01:43:45,976 views 7488 9896 API response slow
ERROR 2025-05-01 01:43:45,980 views 7488 9896 Payment failed
CRITICAL 2025-05-01 01:43:45,981 views 7488 9896 Database down
DEBUG 2025-05-01 01:43:46,018 accounts_views_imports 7488 9896 Debug message
INFO 2025-05-01 01:43:46,019 accounts_views_imports 7488 9896 User logged in
WARNING 2025-05-01 01:43:46,021 accounts_views_imports 7488 9896 API response slow
ERROR 2025-05-01 01:43:46,023 accounts_views_imports 7488 9896 Payment failed
CRITICAL 2025-05-01 01:43:46,024 accounts_views_imports 7488 9896 Database down
DEBUG 2025-05-01 01:44:06,775 views 5328 5604 Debug message
INFO 2025-05-01 01:44:06,776 views 5328 5604 User logged in
WARNING 2025-05-01 01:44:06,777 views 5328 5604 API response slow
ERROR 2025-05-01 01:44:06,779 views 5328 5604 Payment failed
CRITICAL 2025-05-01 01:44:06,780 views 5328 5604 Database down
DEBUG 2025-05-01 01:44:06,830 accounts_views_imports 5328 5604 Debug message
INFO 2025-05-01 01:44:06,856 accounts_views_imports 5328 5604 User logged in
WARNING 2025-05-01 01:44:06,860 accounts_views_imports 5328 5604 API response slow
ERROR 2025-05-01 01:44:06,860 accounts_views_imports 5328 5604 Payment failed
CRITICAL 2025-05-01 01:44:06,861 accounts_views_imports 5328 5604 Database down
DEBUG 2025-05-01 01:44:10,795 views 9836 10404 Debug message
INFO 2025-05-01 01:44:10,795 views 9836 10404 User logged in
WARNING 2025-05-01 01:44:10,798 views 9836 10404 API response slow
ERROR 2025-05-01 01:44:10,798 views 9836 10404 Payment failed
CRITICAL 2025-05-01 01:44:10,802 views 9836 10404 Database down
DEBUG 2025-05-01 01:44:22,352 views 8844 1072 Debug message
INFO 2025-05-01 01:44:22,352 views 8844 1072 User logged in
WARNING 2025-05-01 01:44:22,354 views 8844 1072 API response slow
ERROR 2025-05-01 01:44:22,355 views 8844 1072 Payment failed
CRITICAL 2025-05-01 01:44:22,357 views 8844 1072 Database down
DEBUG 2025-05-01 01:44:22,424 accounts_views_imports 8844 1072 Debug message
INFO 2025-05-01 01:44:22,425 accounts_views_imports 8844 1072 User logged in
WARNING 2025-05-01 01:44:22,427 accounts_views_imports 8844 1072 API response slow
ERROR 2025-05-01 01:44:22,428 accounts_views_imports 8844 1072 Payment failed
CRITICAL 2025-05-01 01:44:22,429 accounts_views_imports 8844 1072 Database down
DEBUG 2025-05-01 01:44:32,674 views 10336 11024 Debug message
INFO 2025-05-01 01:44:32,675 views 10336 11024 User logged in
WARNING 2025-05-01 01:44:32,676 views 10336 11024 API response slow
ERROR 2025-05-01 01:44:32,678 views 10336 11024 Payment failed
CRITICAL 2025-05-01 01:44:32,679 views 10336 11024 Database down
DEBUG 2025-05-01 01:44:32,696 accounts_views_imports 10336 11024 Debug message
INFO 2025-05-01 01:44:32,696 accounts_views_imports 10336 11024 User logged in
WARNING 2025-05-01 01:44:32,698 accounts_views_imports 10336 11024 API response slow
ERROR 2025-05-01 01:44:32,698 accounts_views_imports 10336 11024 Payment failed
CRITICAL 2025-05-01 01:44:32,699 accounts_views_imports 10336 11024 Database down
DEBUG 2025-05-01 01:44:38,538 views 10564 10440 Debug message
INFO 2025-05-01 01:44:38,538 views 10564 10440 User logged in
WARNING 2025-05-01 01:44:38,540 views 10564 10440 API response slow
ERROR 2025-05-01 01:44:38,542 views 10564 10440 Payment failed
CRITICAL 2025-05-01 01:44:38,542 views 10564 10440 Database down
DEBUG 2025-05-01 01:44:38,609 accounts_views_imports 10564 10440 Debug message
INFO 2025-05-01 01:44:38,610 accounts_views_imports 10564 10440 User logged in
WARNING 2025-05-01 01:44:38,614 accounts_views_imports 10564 10440 API response slow
ERROR 2025-05-01 01:44:38,615 accounts_views_imports 10564 10440 Payment failed
CRITICAL 2025-05-01 01:44:38,616 accounts_views_imports 10564 10440 Database down
DEBUG 2025-05-01 01:44:42,563 views 6784 4560 Debug message
INFO 2025-05-01 01:44:42,563 views 6784 4560 User logged in
WARNING 2025-05-01 01:44:42,565 views 6784 4560 API response slow
ERROR 2025-05-01 01:44:42,566 views 6784 4560 Payment failed
CRITICAL 2025-05-01 01:44:42,567 views 6784 4560 Database down
DEBUG 2025-05-01 01:44:42,603 accounts_views_imports 6784 4560 Debug message
INFO 2025-05-01 01:44:42,608 accounts_views_imports 6784 4560 User logged in
WARNING 2025-05-01 01:44:42,622 accounts_views_imports 6784 4560 API response slow
ERROR 2025-05-01 01:44:42,624 accounts_views_imports 6784 4560 Payment failed
CRITICAL 2025-05-01 01:44:42,631 accounts_views_imports 6784 4560 Database down
DEBUG 2025-05-01 01:44:49,504 views 8616 5724 Debug message
INFO 2025-05-01 01:44:49,505 views 8616 5724 User logged in
WARNING 2025-05-01 01:44:49,506 views 8616 5724 API response slow
ERROR 2025-05-01 01:44:49,508 views 8616 5724 Payment failed
CRITICAL 2025-05-01 01:44:49,509 views 8616 5724 Database down
DEBUG 2025-05-01 01:44:57,628 views 4564 5132 Debug message
INFO 2025-05-01 01:44:57,628 views 4564 5132 User logged in
WARNING 2025-05-01 01:44:57,630 views 4564 5132 API response slow
ERROR 2025-05-01 01:44:57,632 views 4564 5132 Payment failed
CRITICAL 2025-05-01 01:44:57,632 views 4564 5132 Database down
DEBUG 2025-05-01 01:44:57,663 accounts_views_imports 4564 5132 Debug message
INFO 2025-05-01 01:44:57,664 accounts_views_imports 4564 5132 User logged in
WARNING 2025-05-01 01:44:57,664 accounts_views_imports 4564 5132 API response slow
ERROR 2025-05-01 01:44:57,665 accounts_views_imports 4564 5132 Payment failed
CRITICAL 2025-05-01 01:44:57,666 accounts_views_imports 4564 5132 Database down
DEBUG 2025-05-01 01:45:06,254 views 4564 8896 Login page accessed
INFO 2025-05-01 01:45:06,254 views 4564 8896 User AnonymousUser logged in
DEBUG 2025-05-01 01:45:10,661 views 4564 10844 Login page accessed
INFO 2025-05-01 01:45:10,662 views 4564 10844 User AnonymousUser logged in
DEBUG 2025-05-01 01:45:13,685 views 4564 5316 Login page accessed
INFO 2025-05-01 01:45:13,688 views 4564 5316 User AnonymousUser logged in
DEBUG 2025-05-01 01:45:56,796 views 7488 8400 Debug message
INFO 2025-05-01 01:45:56,797 views 7488 8400 User logged in
WARNING 2025-05-01 01:45:56,797 views 7488 8400 API response slow
ERROR 2025-05-01 01:45:56,802 views 7488 8400 Payment failed
CRITICAL 2025-05-01 01:45:56,804 views 7488 8400 Database down
DEBUG 2025-05-01 01:45:56,853 accounts_views_imports 7488 8400 Debug message
INFO 2025-05-01 01:45:56,856 accounts_views_imports 7488 8400 User logged in
WARNING 2025-05-01 01:45:56,856 accounts_views_imports 7488 8400 API response slow
ERROR 2025-05-01 01:45:56,857 accounts_views_imports 7488 8400 Payment failed
CRITICAL 2025-05-01 01:45:56,860 accounts_views_imports 7488 8400 Database down
DEBUG 2025-05-01 01:46:01,732 views 7488 9500 Login page accessed
INFO 2025-05-01 01:46:01,733 views 7488 9500 User AnonymousUser logged in
DEBUG 2025-05-01 01:46:07,756 views 7488 9348 Login page accessed
INFO 2025-05-01 01:46:07,757 views 7488 9348 User AnonymousUser logged in
DEBUG 2025-05-01 01:47:20,054 views 8672 8616 Debug message
INFO 2025-05-01 01:47:20,054 views 8672 8616 User logged in
WARNING 2025-05-01 01:47:20,059 views 8672 8616 API response slow
ERROR 2025-05-01 01:47:20,060 views 8672 8616 Payment failed
CRITICAL 2025-05-01 01:47:20,060 views 8672 8616 Database down
DEBUG 2025-05-01 01:47:20,103 accounts_views_imports 8672 8616 Debug message
INFO 2025-05-01 01:47:20,104 accounts_views_imports 8672 8616 User logged in
WARNING 2025-05-01 01:47:20,110 accounts_views_imports 8672 8616 API response slow
ERROR 2025-05-01 01:47:20,111 accounts_views_imports 8672 8616 Payment failed
CRITICAL 2025-05-01 01:47:20,112 accounts_views_imports 8672 8616 Database down
DEBUG 2025-05-01 01:48:08,033 views 9768 9808 Debug message
INFO 2025-05-01 01:48:08,033 views 9768 9808 User logged in
WARNING 2025-05-01 01:48:08,034 views 9768 9808 API response slow
ERROR 2025-05-01 01:48:08,034 views 9768 9808 Payment failed
CRITICAL 2025-05-01 01:48:08,036 views 9768 9808 Database down
DEBUG 2025-05-01 01:48:08,075 accounts_views_imports 9768 9808 Debug message
INFO 2025-05-01 01:48:08,076 accounts_views_imports 9768 9808 User logged in
WARNING 2025-05-01 01:48:08,081 accounts_views_imports 9768 9808 API response slow
ERROR 2025-05-01 01:48:08,082 accounts_views_imports 9768 9808 Payment failed
CRITICAL 2025-05-01 01:48:08,084 accounts_views_imports 9768 9808 Database down
DEBUG 2025-05-01 01:49:15,406 views 9768 4452 Login page accessed
INFO 2025-05-01 01:49:15,407 views 9768 4452 User AnonymousUser logged in
DEBUG 2025-05-01 01:50:17,697 views 9768 700 Login page accessed
INFO 2025-05-01 01:50:17,698 views 9768 700 User AnonymousUser logged in
DEBUG 2025-05-01 01:50:25,147 views 9768 3388 Login page accessed
INFO 2025-05-01 01:50:25,343 views 9768 3388 User ADMIN logged in
DEBUG 2025-05-01 01:50:30,262 views 9768 476 Login page accessed
INFO 2025-05-01 01:50:30,262 views 9768 476 User AnonymousUser logged in
DEBUG 2025-05-01 01:50:33,180 views 9768 10840 Login page accessed
INFO 2025-05-01 01:50:33,181 views 9768 10840 User AnonymousUser logged in
DEBUG 2025-05-01 01:52:19,206 views 8324 3288 Debug message
INFO 2025-05-01 01:52:19,206 views 8324 3288 User logged in
WARNING 2025-05-01 01:52:19,208 views 8324 3288 API response slow
ERROR 2025-05-01 01:52:19,209 views 8324 3288 Payment failed
CRITICAL 2025-05-01 01:52:19,210 views 8324 3288 Database down
DEBUG 2025-05-01 01:52:19,224 accounts_views_imports 8324 3288 Debug message
INFO 2025-05-01 01:52:19,225 accounts_views_imports 8324 3288 User logged in
WARNING 2025-05-01 01:52:19,225 accounts_views_imports 8324 3288 API response slow
ERROR 2025-05-01 01:52:19,227 accounts_views_imports 8324 3288 Payment failed
CRITICAL 2025-05-01 01:52:19,228 accounts_views_imports 8324 3288 Database down
DEBUG 2025-05-01 01:52:54,516 views 5724 5316 Debug message
INFO 2025-05-01 01:52:54,517 views 5724 5316 User logged in
WARNING 2025-05-01 01:52:54,518 views 5724 5316 API response slow
ERROR 2025-05-01 01:52:54,520 views 5724 5316 Payment failed
CRITICAL 2025-05-01 01:52:54,521 views 5724 5316 Database down
DEBUG 2025-05-01 01:52:54,538 accounts_views_imports 5724 5316 Debug message
INFO 2025-05-01 01:52:54,539 accounts_views_imports 5724 5316 User logged in
WARNING 2025-05-01 01:52:54,540 accounts_views_imports 5724 5316 API response slow
ERROR 2025-05-01 01:52:54,541 accounts_views_imports 5724 5316 Payment failed
CRITICAL 2025-05-01 01:52:54,543 accounts_views_imports 5724 5316 Database down
DEBUG 2025-05-01 01:53:22,217 views 5724 4412 Login page accessed
INFO 2025-05-01 01:53:22,218 views 5724 4412 User AnonymousUser logged in
DEBUG 2025-05-01 01:53:24,170 views 5724 7832 Login page accessed
INFO 2025-05-01 01:53:24,170 views 5724 7832 User AnonymousUser logged in
DEBUG 2025-05-01 01:53:31,186 views 5724 9128 Login page accessed
INFO 2025-05-01 01:53:31,187 views 5724 9128 User AnonymousUser logged in
DEBUG 2025-05-01 01:55:31,580 views 3080 2352 Debug message
INFO 2025-05-01 01:55:31,580 views 3080 2352 User logged in
WARNING 2025-05-01 01:55:31,582 views 3080 2352 API response slow
ERROR 2025-05-01 01:55:31,583 views 3080 2352 Payment failed
CRITICAL 2025-05-01 01:55:31,584 views 3080 2352 Database down
DEBUG 2025-05-01 01:55:31,653 accounts_views_imports 3080 2352 Debug message
INFO 2025-05-01 01:55:31,654 accounts_views_imports 3080 2352 User logged in
WARNING 2025-05-01 01:55:31,655 accounts_views_imports 3080 2352 API response slow
ERROR 2025-05-01 01:55:31,657 accounts_views_imports 3080 2352 Payment failed
CRITICAL 2025-05-01 01:55:31,658 accounts_views_imports 3080 2352 Database down
DEBUG 2025-05-01 01:55:43,703 views 10908 10596 Debug message
INFO 2025-05-01 01:55:43,704 views 10908 10596 User logged in
WARNING 2025-05-01 01:55:43,705 views 10908 10596 API response slow
ERROR 2025-05-01 01:55:43,707 views 10908 10596 Payment failed
CRITICAL 2025-05-01 01:55:43,708 views 10908 10596 Database down
DEBUG 2025-05-01 01:55:43,743 accounts_views_imports 10908 10596 Debug message
INFO 2025-05-01 01:55:43,744 accounts_views_imports 10908 10596 User logged in
WARNING 2025-05-01 01:55:43,746 accounts_views_imports 10908 10596 API response slow
ERROR 2025-05-01 01:55:43,747 accounts_views_imports 10908 10596 Payment failed
CRITICAL 2025-05-01 01:55:43,748 accounts_views_imports 10908 10596 Database down
DEBUG 2025-05-01 01:56:33,140 views 11132 8228 Debug message
INFO 2025-05-01 01:56:33,141 views 11132 8228 User logged in
WARNING 2025-05-01 01:56:33,142 views 11132 8228 API response slow
ERROR 2025-05-01 01:56:33,143 views 11132 8228 Payment failed
CRITICAL 2025-05-01 01:56:33,144 views 11132 8228 Database down
DEBUG 2025-05-01 01:56:33,176 accounts_views_imports 11132 8228 Debug message
INFO 2025-05-01 01:56:33,176 accounts_views_imports 11132 8228 User logged in
WARNING 2025-05-01 01:56:33,177 accounts_views_imports 11132 8228 API response slow
ERROR 2025-05-01 01:56:33,179 accounts_views_imports 11132 8228 Payment failed
CRITICAL 2025-05-01 01:56:33,180 accounts_views_imports 11132 8228 Database down
DEBUG 2025-05-01 02:00:01,028 views 9760 10028 Debug message
INFO 2025-05-01 02:00:01,028 views 9760 10028 User logged in
WARNING 2025-05-01 02:00:01,029 views 9760 10028 API response slow
ERROR 2025-05-01 02:00:01,031 views 9760 10028 Payment failed
CRITICAL 2025-05-01 02:00:01,032 views 9760 10028 Database down
DEBUG 2025-05-01 02:00:01,045 accounts_views_imports 9760 10028 Debug message
INFO 2025-05-01 02:00:01,045 accounts_views_imports 9760 10028 User logged in
WARNING 2025-05-01 02:00:01,045 accounts_views_imports 9760 10028 API response slow
ERROR 2025-05-01 02:00:01,047 accounts_views_imports 9760 10028 Payment failed
CRITICAL 2025-05-01 02:00:01,048 accounts_views_imports 9760 10028 Database down
DEBUG 2025-05-01 02:01:11,939 views 10840 9980 Debug message
INFO 2025-05-01 02:01:11,940 views 10840 9980 User logged in
WARNING 2025-05-01 02:01:11,944 views 10840 9980 API response slow
ERROR 2025-05-01 02:01:11,945 views 10840 9980 Payment failed
CRITICAL 2025-05-01 02:01:11,945 views 10840 9980 Database down
DEBUG 2025-05-01 02:01:11,962 accounts_views_imports 10840 9980 Debug message
INFO 2025-05-01 02:01:11,962 accounts_views_imports 10840 9980 User logged in
WARNING 2025-05-01 02:01:11,963 accounts_views_imports 10840 9980 API response slow
ERROR 2025-05-01 02:01:11,965 accounts_views_imports 10840 9980 Payment failed
CRITICAL 2025-05-01 02:01:11,965 accounts_views_imports 10840 9980 Database down
DEBUG 2025-05-01 02:02:12,709 views 2820 5084 Debug message
INFO 2025-05-01 02:02:12,709 views 2820 5084 User logged in
WARNING 2025-05-01 02:02:12,709 views 2820 5084 API response slow
ERROR 2025-05-01 02:02:12,709 views 2820 5084 Payment failed
CRITICAL 2025-05-01 02:02:12,714 views 2820 5084 Database down
DEBUG 2025-05-01 02:02:12,731 accounts_views_imports 2820 5084 Debug message
INFO 2025-05-01 02:02:12,731 accounts_views_imports 2820 5084 User logged in
WARNING 2025-05-01 02:02:12,731 accounts_views_imports 2820 5084 API response slow
ERROR 2025-05-01 02:02:12,731 accounts_views_imports 2820 5084 Payment failed
CRITICAL 2025-05-01 02:02:12,731 accounts_views_imports 2820 5084 Database down
DEBUG 2025-05-01 02:39:38,586 views 7768 10304 Debug message
INFO 2025-05-01 02:39:38,586 views 7768 10304 User logged in
WARNING 2025-05-01 02:39:38,587 views 7768 10304 API response slow
ERROR 2025-05-01 02:39:38,590 views 7768 10304 Payment failed
CRITICAL 2025-05-01 02:39:38,590 views 7768 10304 Database down
DEBUG 2025-05-01 02:39:38,680 accounts_views_imports 7768 10304 Debug message
INFO 2025-05-01 02:39:38,681 accounts_views_imports 7768 10304 User logged in
WARNING 2025-05-01 02:39:38,682 accounts_views_imports 7768 10304 API response slow
ERROR 2025-05-01 02:39:38,684 accounts_views_imports 7768 10304 Payment failed
CRITICAL 2025-05-01 02:39:38,684 accounts_views_imports 7768 10304 Database down
DEBUG 2025-05-01 02:39:56,195 views 1568 1296 Debug message
INFO 2025-05-01 02:39:56,195 views 1568 1296 User logged in
WARNING 2025-05-01 02:39:56,196 views 1568 1296 API response slow
ERROR 2025-05-01 02:39:56,198 views 1568 1296 Payment failed
CRITICAL 2025-05-01 02:39:56,198 views 1568 1296 Database down
DEBUG 2025-05-01 02:39:56,221 accounts_views_imports 1568 1296 Debug message
INFO 2025-05-01 02:39:56,221 accounts_views_imports 1568 1296 User logged in
WARNING 2025-05-01 02:39:56,225 accounts_views_imports 1568 1296 API response slow
ERROR 2025-05-01 02:39:56,227 accounts_views_imports 1568 1296 Payment failed
CRITICAL 2025-05-01 02:39:56,228 accounts_views_imports 1568 1296 Database down
DEBUG 2025-05-01 02:42:09,032 views 4556 8616 Debug message
INFO 2025-05-01 02:42:09,032 views 4556 8616 User logged in
WARNING 2025-05-01 02:42:09,032 views 4556 8616 API response slow
ERROR 2025-05-01 02:42:09,032 views 4556 8616 Payment failed
CRITICAL 2025-05-01 02:42:09,032 views 4556 8616 Database down
DEBUG 2025-05-01 02:42:09,054 accounts_views_imports 4556 8616 Debug message
INFO 2025-05-01 02:42:09,054 accounts_views_imports 4556 8616 User logged in
WARNING 2025-05-01 02:42:09,054 accounts_views_imports 4556 8616 API response slow
ERROR 2025-05-01 02:42:09,060 accounts_views_imports 4556 8616 Payment failed
CRITICAL 2025-05-01 02:42:09,060 accounts_views_imports 4556 8616 Database down
DEBUG 2025-05-01 02:42:14,864 views 6744 7956 Debug message
INFO 2025-05-01 02:42:14,864 views 6744 7956 User logged in
WARNING 2025-05-01 02:42:14,882 views 6744 7956 API response slow
ERROR 2025-05-01 02:42:14,883 views 6744 7956 Payment failed
CRITICAL 2025-05-01 02:42:14,883 views 6744 7956 Database down
DEBUG 2025-05-01 02:42:14,901 accounts_views_imports 6744 7956 Debug message
INFO 2025-05-01 02:42:14,903 accounts_views_imports 6744 7956 User logged in
WARNING 2025-05-01 02:42:14,903 accounts_views_imports 6744 7956 API response slow
ERROR 2025-05-01 02:42:14,903 accounts_views_imports 6744 7956 Payment failed
CRITICAL 2025-05-01 02:42:14,903 accounts_views_imports 6744 7956 Database down
DEBUG 2025-05-01 02:43:01,012 views 9728 8328 Debug message
INFO 2025-05-01 02:43:01,012 views 9728 8328 User logged in
WARNING 2025-05-01 02:43:01,012 views 9728 8328 API response slow
ERROR 2025-05-01 02:43:01,012 views 9728 8328 Payment failed
CRITICAL 2025-05-01 02:43:01,012 views 9728 8328 Database down
DEBUG 2025-05-01 02:43:01,032 accounts_views_imports 9728 8328 Debug message
INFO 2025-05-01 02:43:01,032 accounts_views_imports 9728 8328 User logged in
WARNING 2025-05-01 02:43:01,032 accounts_views_imports 9728 8328 API response slow
ERROR 2025-05-01 02:43:01,032 accounts_views_imports 9728 8328 Payment failed
CRITICAL 2025-05-01 02:43:01,032 accounts_views_imports 9728 8328 Database down
DEBUG 2025-05-01 02:43:44,465 views 1760 9700 Debug message
INFO 2025-05-01 02:43:44,465 views 1760 9700 User logged in
WARNING 2025-05-01 02:43:44,467 views 1760 9700 API response slow
ERROR 2025-05-01 02:43:44,469 views 1760 9700 Payment failed
CRITICAL 2025-05-01 02:43:44,470 views 1760 9700 Database down
DEBUG 2025-05-01 02:43:44,507 accounts_views_imports 1760 9700 Debug message
INFO 2025-05-01 02:43:44,508 accounts_views_imports 1760 9700 User logged in
WARNING 2025-05-01 02:43:44,509 accounts_views_imports 1760 9700 API response slow
ERROR 2025-05-01 02:43:44,512 accounts_views_imports 1760 9700 Payment failed
CRITICAL 2025-05-01 02:43:44,512 accounts_views_imports 1760 9700 Database down
DEBUG 2025-05-01 02:43:50,611 views 6116 4312 Debug message
INFO 2025-05-01 02:43:50,611 views 6116 4312 User logged in
WARNING 2025-05-01 02:43:50,613 views 6116 4312 API response slow
ERROR 2025-05-01 02:43:50,614 views 6116 4312 Payment failed
CRITICAL 2025-05-01 02:43:50,615 views 6116 4312 Database down
DEBUG 2025-05-01 02:43:50,652 accounts_views_imports 6116 4312 Debug message
INFO 2025-05-01 02:43:50,652 accounts_views_imports 6116 4312 User logged in
WARNING 2025-05-01 02:43:50,655 accounts_views_imports 6116 4312 API response slow
ERROR 2025-05-01 02:43:50,656 accounts_views_imports 6116 4312 Payment failed
CRITICAL 2025-05-01 02:43:50,657 accounts_views_imports 6116 4312 Database down
DEBUG 2025-05-01 02:43:51,160 views 6116 7000 Login page accessed
INFO 2025-05-01 02:43:51,160 views 6116 7000 User AnonymousUser logged in
DEBUG 2025-05-01 02:43:53,952 views 6116 7000 Login page accessed
INFO 2025-05-01 02:43:53,953 views 6116 7000 User AnonymousUser logged in
DEBUG 2025-05-01 02:43:56,971 views 6116 32 Login page accessed
INFO 2025-05-01 02:43:56,972 views 6116 32 User AnonymousUser logged in
DEBUG 2025-05-01 02:46:50,856 views 10236 9780 Debug message
INFO 2025-05-01 02:46:50,856 views 10236 9780 User logged in
WARNING 2025-05-01 02:46:50,856 views 10236 9780 API response slow
ERROR 2025-05-01 02:46:50,856 views 10236 9780 Payment failed
CRITICAL 2025-05-01 02:46:50,856 views 10236 9780 Database down
DEBUG 2025-05-01 02:46:50,878 accounts_views_imports 10236 9780 Debug message
INFO 2025-05-01 02:46:50,878 accounts_views_imports 10236 9780 User logged in
WARNING 2025-05-01 02:46:50,878 accounts_views_imports 10236 9780 API response slow
ERROR 2025-05-01 02:46:50,878 accounts_views_imports 10236 9780 Payment failed
CRITICAL 2025-05-01 02:46:50,878 accounts_views_imports 10236 9780 Database down
DEBUG 2025-05-01 02:48:55,133 views 624 3120 Debug message
INFO 2025-05-01 02:48:55,133 views 624 3120 User logged in
WARNING 2025-05-01 02:48:55,133 views 624 3120 API response slow
ERROR 2025-05-01 02:48:55,133 views 624 3120 Payment failed
CRITICAL 2025-05-01 02:48:55,133 views 624 3120 Database down
DEBUG 2025-05-01 02:48:55,153 accounts_views_imports 624 3120 Debug message
INFO 2025-05-01 02:48:55,153 accounts_views_imports 624 3120 User logged in
WARNING 2025-05-01 02:48:55,153 accounts_views_imports 624 3120 API response slow
ERROR 2025-05-01 02:48:55,153 accounts_views_imports 624 3120 Payment failed
CRITICAL 2025-05-01 02:48:55,153 accounts_views_imports 624 3120 Database down
DEBUG 2025-05-01 02:49:28,875 views 1492 9644 Debug message
INFO 2025-05-01 02:49:28,875 views 1492 9644 User logged in
WARNING 2025-05-01 02:49:28,876 views 1492 9644 API response slow
ERROR 2025-05-01 02:49:28,878 views 1492 9644 Payment failed
CRITICAL 2025-05-01 02:49:28,878 views 1492 9644 Database down
DEBUG 2025-05-01 02:49:28,895 accounts_views_imports 1492 9644 Debug message
INFO 2025-05-01 02:49:28,896 accounts_views_imports 1492 9644 User logged in
WARNING 2025-05-01 02:49:28,896 accounts_views_imports 1492 9644 API response slow
ERROR 2025-05-01 02:49:28,897 accounts_views_imports 1492 9644 Payment failed
CRITICAL 2025-05-01 02:49:28,898 accounts_views_imports 1492 9644 Database down
DEBUG 2025-05-01 02:53:41,677 views 9680 6496 Debug message
INFO 2025-05-01 02:53:41,677 views 9680 6496 User logged in
WARNING 2025-05-01 02:53:41,677 views 9680 6496 API response slow
ERROR 2025-05-01 02:53:41,677 views 9680 6496 Payment failed
CRITICAL 2025-05-01 02:53:41,677 views 9680 6496 Database down
DEBUG 2025-05-01 02:53:41,700 accounts_views_imports 9680 6496 Debug message
INFO 2025-05-01 02:53:41,700 accounts_views_imports 9680 6496 User logged in
WARNING 2025-05-01 02:53:41,700 accounts_views_imports 9680 6496 API response slow
ERROR 2025-05-01 02:53:41,700 accounts_views_imports 9680 6496 Payment failed
CRITICAL 2025-05-01 02:53:41,700 accounts_views_imports 9680 6496 Database down
DEBUG 2025-05-01 02:54:03,873 views 7580 9788 Debug message
INFO 2025-05-01 02:54:03,873 views 7580 9788 User logged in
WARNING 2025-05-01 02:54:03,873 views 7580 9788 API response slow
ERROR 2025-05-01 02:54:03,873 views 7580 9788 Payment failed
CRITICAL 2025-05-01 02:54:03,873 views 7580 9788 Database down
DEBUG 2025-05-01 02:54:03,890 accounts_views_imports 7580 9788 Debug message
INFO 2025-05-01 02:54:03,890 accounts_views_imports 7580 9788 User logged in
WARNING 2025-05-01 02:54:03,905 accounts_views_imports 7580 9788 API response slow
ERROR 2025-05-01 02:54:03,905 accounts_views_imports 7580 9788 Payment failed
CRITICAL 2025-05-01 02:54:03,905 accounts_views_imports 7580 9788 Database down
DEBUG 2025-05-01 02:55:32,647 views 504 9988 Debug message
INFO 2025-05-01 02:55:32,647 views 504 9988 User logged in
WARNING 2025-05-01 02:55:32,648 views 504 9988 API response slow
ERROR 2025-05-01 02:55:32,650 views 504 9988 Payment failed
CRITICAL 2025-05-01 02:55:32,652 views 504 9988 Database down
DEBUG 2025-05-01 02:55:32,672 accounts_views_imports 504 9988 Debug message
INFO 2025-05-01 02:55:32,672 accounts_views_imports 504 9988 User logged in
WARNING 2025-05-01 02:55:32,673 accounts_views_imports 504 9988 API response slow
ERROR 2025-05-01 02:55:32,673 accounts_views_imports 504 9988 Payment failed
CRITICAL 2025-05-01 02:55:32,674 accounts_views_imports 504 9988 Database down
DEBUG 2025-05-01 02:57:38,650 views 2596 9072 Debug message
INFO 2025-05-01 02:57:38,650 views 2596 9072 User logged in
WARNING 2025-05-01 02:57:38,650 views 2596 9072 API response slow
ERROR 2025-05-01 02:57:38,650 views 2596 9072 Payment failed
CRITICAL 2025-05-01 02:57:38,650 views 2596 9072 Database down
DEBUG 2025-05-01 02:57:38,668 accounts_views_imports 2596 9072 Debug message
INFO 2025-05-01 02:57:38,668 accounts_views_imports 2596 9072 User logged in
WARNING 2025-05-01 02:57:38,668 accounts_views_imports 2596 9072 API response slow
ERROR 2025-05-01 02:57:38,668 accounts_views_imports 2596 9072 Payment failed
CRITICAL 2025-05-01 02:57:38,668 accounts_views_imports 2596 9072 Database down
DEBUG 2025-05-01 02:57:46,541 views 2596 10304 Login page accessed
INFO 2025-05-01 02:57:46,541 views 2596 10304 User AnonymousUser logged in
DEBUG 2025-05-01 02:57:53,938 views 2596 6720 Login page accessed
INFO 2025-05-01 02:57:53,938 views 2596 6720 User AnonymousUser logged in
DEBUG 2025-05-01 02:57:57,236 views 2596 10916 Login page accessed
INFO 2025-05-01 02:57:57,237 views 2596 10916 User AnonymousUser logged in
DEBUG 2025-05-01 02:58:50,401 views 5368 9980 Debug message
INFO 2025-05-01 02:58:50,401 views 5368 9980 User logged in
WARNING 2025-05-01 02:58:50,403 views 5368 9980 API response slow
ERROR 2025-05-01 02:58:50,403 views 5368 9980 Payment failed
CRITICAL 2025-05-01 02:58:50,405 views 5368 9980 Database down
DEBUG 2025-05-01 02:58:50,478 accounts_views_imports 5368 9980 Debug message
INFO 2025-05-01 02:58:50,478 accounts_views_imports 5368 9980 User logged in
WARNING 2025-05-01 02:58:50,480 accounts_views_imports 5368 9980 API response slow
ERROR 2025-05-01 02:58:50,482 accounts_views_imports 5368 9980 Payment failed
CRITICAL 2025-05-01 02:58:50,483 accounts_views_imports 5368 9980 Database down
DEBUG 2025-05-01 02:58:55,112 views 1492 6868 Debug message
INFO 2025-05-01 02:58:55,113 views 1492 6868 User logged in
WARNING 2025-05-01 02:58:55,114 views 1492 6868 API response slow
ERROR 2025-05-01 02:58:55,115 views 1492 6868 Payment failed
CRITICAL 2025-05-01 02:58:55,116 views 1492 6868 Database down
DEBUG 2025-05-01 02:58:55,182 accounts_views_imports 1492 6868 Debug message
INFO 2025-05-01 02:58:55,183 accounts_views_imports 1492 6868 User logged in
WARNING 2025-05-01 02:58:55,185 accounts_views_imports 1492 6868 API response slow
ERROR 2025-05-01 02:58:55,187 accounts_views_imports 1492 6868 Payment failed
CRITICAL 2025-05-01 02:58:55,187 accounts_views_imports 1492 6868 Database down
DEBUG 2025-05-01 02:59:00,747 views 4236 124 Debug message
INFO 2025-05-01 02:59:00,748 views 4236 124 User logged in
WARNING 2025-05-01 02:59:00,749 views 4236 124 API response slow
ERROR 2025-05-01 02:59:00,752 views 4236 124 Payment failed
CRITICAL 2025-05-01 02:59:00,753 views 4236 124 Database down
DEBUG 2025-05-01 02:59:00,793 accounts_views_imports 4236 124 Debug message
INFO 2025-05-01 02:59:00,793 accounts_views_imports 4236 124 User logged in
WARNING 2025-05-01 02:59:00,796 accounts_views_imports 4236 124 API response slow
ERROR 2025-05-01 02:59:00,796 accounts_views_imports 4236 124 Payment failed
CRITICAL 2025-05-01 02:59:00,798 accounts_views_imports 4236 124 Database down
DEBUG 2025-05-01 02:59:06,210 views 4608 10336 Debug message
INFO 2025-05-01 02:59:06,210 views 4608 10336 User logged in
WARNING 2025-05-01 02:59:06,212 views 4608 10336 API response slow
ERROR 2025-05-01 02:59:06,212 views 4608 10336 Payment failed
CRITICAL 2025-05-01 02:59:06,212 views 4608 10336 Database down
DEBUG 2025-05-01 02:59:06,260 accounts_views_imports 4608 10336 Debug message
INFO 2025-05-01 02:59:06,261 accounts_views_imports 4608 10336 User logged in
WARNING 2025-05-01 02:59:06,263 accounts_views_imports 4608 10336 API response slow
ERROR 2025-05-01 02:59:06,264 accounts_views_imports 4608 10336 Payment failed
CRITICAL 2025-05-01 02:59:06,266 accounts_views_imports 4608 10336 Database down
DEBUG 2025-05-01 03:00:20,424 views 9948 10060 Debug message
INFO 2025-05-01 03:00:20,424 views 9948 10060 User logged in
WARNING 2025-05-01 03:00:20,424 views 9948 10060 API response slow
ERROR 2025-05-01 03:00:20,424 views 9948 10060 Payment failed
CRITICAL 2025-05-01 03:00:20,424 views 9948 10060 Database down
DEBUG 2025-05-01 03:00:20,444 accounts_views_imports 9948 10060 Debug message
INFO 2025-05-01 03:00:20,444 accounts_views_imports 9948 10060 User logged in
WARNING 2025-05-01 03:00:20,444 accounts_views_imports 9948 10060 API response slow
ERROR 2025-05-01 03:00:20,444 accounts_views_imports 9948 10060 Payment failed
CRITICAL 2025-05-01 03:00:20,444 accounts_views_imports 9948 10060 Database down
DEBUG 2025-05-01 03:04:57,909 views 6948 4496 Debug message
INFO 2025-05-01 03:04:57,909 views 6948 4496 User logged in
WARNING 2025-05-01 03:04:57,910 views 6948 4496 API response slow
ERROR 2025-05-01 03:04:57,912 views 6948 4496 Payment failed
CRITICAL 2025-05-01 03:04:57,913 views 6948 4496 Database down
DEBUG 2025-05-01 03:04:57,928 accounts_views_imports 6948 4496 Debug message
INFO 2025-05-01 03:04:57,929 accounts_views_imports 6948 4496 User logged in
WARNING 2025-05-01 03:04:57,930 accounts_views_imports 6948 4496 API response slow
ERROR 2025-05-01 03:04:57,930 accounts_views_imports 6948 4496 Payment failed
CRITICAL 2025-05-01 03:04:57,931 accounts_views_imports 6948 4496 Database down
DEBUG 2025-05-01 03:06:43,120 views 7596 6528 Debug message
INFO 2025-05-01 03:06:43,136 views 7596 6528 User logged in
WARNING 2025-05-01 03:06:43,136 views 7596 6528 API response slow
ERROR 2025-05-01 03:06:43,136 views 7596 6528 Payment failed
CRITICAL 2025-05-01 03:06:43,140 views 7596 6528 Database down
DEBUG 2025-05-01 03:06:43,156 accounts_views_imports 7596 6528 Debug message
INFO 2025-05-01 03:06:43,156 accounts_views_imports 7596 6528 User logged in
WARNING 2025-05-01 03:06:43,160 accounts_views_imports 7596 6528 API response slow
ERROR 2025-05-01 03:06:43,160 accounts_views_imports 7596 6528 Payment failed
CRITICAL 2025-05-01 03:06:43,160 accounts_views_imports 7596 6528 Database down
DEBUG 2025-05-01 03:11:26,723 views 9756 6984 Debug message
INFO 2025-05-01 03:11:26,723 views 9756 6984 User logged in
WARNING 2025-05-01 03:11:26,734 views 9756 6984 API response slow
ERROR 2025-05-01 03:11:26,734 views 9756 6984 Payment failed
CRITICAL 2025-05-01 03:11:26,737 views 9756 6984 Database down
DEBUG 2025-05-01 03:11:26,752 accounts_views_imports 9756 6984 Debug message
INFO 2025-05-01 03:11:26,752 accounts_views_imports 9756 6984 User logged in
WARNING 2025-05-01 03:11:26,753 accounts_views_imports 9756 6984 API response slow
ERROR 2025-05-01 03:11:26,754 accounts_views_imports 9756 6984 Payment failed
CRITICAL 2025-05-01 03:11:26,755 accounts_views_imports 9756 6984 Database down
DEBUG 2025-05-01 03:14:24,545 views 7676 10720 Debug message
INFO 2025-05-01 03:14:24,545 views 7676 10720 User logged in
WARNING 2025-05-01 03:14:24,546 views 7676 10720 API response slow
ERROR 2025-05-01 03:14:24,548 views 7676 10720 Payment failed
CRITICAL 2025-05-01 03:14:24,549 views 7676 10720 Database down
DEBUG 2025-05-01 03:14:24,564 accounts_views_imports 7676 10720 Debug message
INFO 2025-05-01 03:14:24,564 accounts_views_imports 7676 10720 User logged in
WARNING 2025-05-01 03:14:24,566 accounts_views_imports 7676 10720 API response slow
ERROR 2025-05-01 03:14:24,568 accounts_views_imports 7676 10720 Payment failed
CRITICAL 2025-05-01 03:14:24,569 accounts_views_imports 7676 10720 Database down
DEBUG 2025-05-01 03:15:25,638 views 10560 4804 Debug message
INFO 2025-05-01 03:15:25,638 views 10560 4804 User logged in
WARNING 2025-05-01 03:15:25,640 views 10560 4804 API response slow
ERROR 2025-05-01 03:15:25,641 views 10560 4804 Payment failed
CRITICAL 2025-05-01 03:15:25,642 views 10560 4804 Database down
DEBUG 2025-05-01 03:15:25,696 accounts_views_imports 10560 4804 Debug message
INFO 2025-05-01 03:15:25,732 accounts_views_imports 10560 4804 User logged in
WARNING 2025-05-01 03:15:25,755 accounts_views_imports 10560 4804 API response slow
ERROR 2025-05-01 03:15:25,775 accounts_views_imports 10560 4804 Payment failed
CRITICAL 2025-05-01 03:15:25,796 accounts_views_imports 10560 4804 Database down
DEBUG 2025-05-01 03:16:17,387 views 9704 7212 Debug message
INFO 2025-05-01 03:16:17,387 views 9704 7212 User logged in
WARNING 2025-05-01 03:16:17,390 views 9704 7212 API response slow
ERROR 2025-05-01 03:16:17,391 views 9704 7212 Payment failed
CRITICAL 2025-05-01 03:16:17,392 views 9704 7212 Database down
DEBUG 2025-05-01 03:16:17,410 accounts_views_imports 9704 7212 Debug message
INFO 2025-05-01 03:16:17,410 accounts_views_imports 9704 7212 User logged in
WARNING 2025-05-01 03:16:17,411 accounts_views_imports 9704 7212 API response slow
ERROR 2025-05-01 03:16:17,413 accounts_views_imports 9704 7212 Payment failed
CRITICAL 2025-05-01 03:16:17,413 accounts_views_imports 9704 7212 Database down
DEBUG 2025-05-01 03:16:51,798 views 3636 8908 Debug message
INFO 2025-05-01 03:16:51,798 views 3636 8908 User logged in
WARNING 2025-05-01 03:16:51,798 views 3636 8908 API response slow
ERROR 2025-05-01 03:16:51,798 views 3636 8908 Payment failed
CRITICAL 2025-05-01 03:16:51,798 views 3636 8908 Database down
DEBUG 2025-05-01 03:16:51,818 accounts_views_imports 3636 8908 Debug message
INFO 2025-05-01 03:16:51,818 accounts_views_imports 3636 8908 User logged in
WARNING 2025-05-01 03:16:51,818 accounts_views_imports 3636 8908 API response slow
ERROR 2025-05-01 03:16:51,818 accounts_views_imports 3636 8908 Payment failed
CRITICAL 2025-05-01 03:16:51,818 accounts_views_imports 3636 8908 Database down
DEBUG 2025-05-01 03:20:52,394 views 6056 8652 Debug message
INFO 2025-05-01 03:20:52,394 views 6056 8652 User logged in
WARNING 2025-05-01 03:20:52,395 views 6056 8652 API response slow
ERROR 2025-05-01 03:20:52,397 views 6056 8652 Payment failed
CRITICAL 2025-05-01 03:20:52,398 views 6056 8652 Database down
DEBUG 2025-05-01 03:20:52,415 accounts_views_imports 6056 8652 Debug message
INFO 2025-05-01 03:20:52,415 accounts_views_imports 6056 8652 User logged in
WARNING 2025-05-01 03:20:52,416 accounts_views_imports 6056 8652 API response slow
ERROR 2025-05-01 03:20:52,418 accounts_views_imports 6056 8652 Payment failed
CRITICAL 2025-05-01 03:20:52,419 accounts_views_imports 6056 8652 Database down
DEBUG 2025-05-01 03:21:20,191 views 440 9072 Debug message
INFO 2025-05-01 03:21:20,191 views 440 9072 User logged in
WARNING 2025-05-01 03:21:20,192 views 440 9072 API response slow
ERROR 2025-05-01 03:21:20,192 views 440 9072 Payment failed
CRITICAL 2025-05-01 03:21:20,194 views 440 9072 Database down
DEBUG 2025-05-01 03:21:20,211 accounts_views_imports 440 9072 Debug message
INFO 2025-05-01 03:21:20,214 accounts_views_imports 440 9072 User logged in
WARNING 2025-05-01 03:21:20,215 accounts_views_imports 440 9072 API response slow
ERROR 2025-05-01 03:21:20,217 accounts_views_imports 440 9072 Payment failed
CRITICAL 2025-05-01 03:21:20,217 accounts_views_imports 440 9072 Database down
DEBUG 2025-05-01 03:23:15,840 views 3556 3688 Debug message
INFO 2025-05-01 03:23:15,841 views 3556 3688 User logged in
WARNING 2025-05-01 03:23:15,842 views 3556 3688 API response slow
ERROR 2025-05-01 03:23:15,844 views 3556 3688 Payment failed
CRITICAL 2025-05-01 03:23:15,845 views 3556 3688 Database down
DEBUG 2025-05-01 03:23:15,886 accounts_views_imports 3556 3688 Debug message
INFO 2025-05-01 03:23:15,886 accounts_views_imports 3556 3688 User logged in
WARNING 2025-05-01 03:23:15,889 accounts_views_imports 3556 3688 API response slow
ERROR 2025-05-01 03:23:15,890 accounts_views_imports 3556 3688 Payment failed
CRITICAL 2025-05-01 03:23:15,892 accounts_views_imports 3556 3688 Database down
DEBUG 2025-05-01 03:23:22,593 views 10476 7672 Debug message
INFO 2025-05-01 03:23:22,594 views 10476 7672 User logged in
WARNING 2025-05-01 03:23:22,595 views 10476 7672 API response slow
ERROR 2025-05-01 03:23:22,597 views 10476 7672 Payment failed
CRITICAL 2025-05-01 03:23:22,598 views 10476 7672 Database down
DEBUG 2025-05-01 03:23:22,632 accounts_views_imports 10476 7672 Debug message
INFO 2025-05-01 03:23:22,632 accounts_views_imports 10476 7672 User logged in
WARNING 2025-05-01 03:23:22,634 accounts_views_imports 10476 7672 API response slow
ERROR 2025-05-01 03:23:22,636 accounts_views_imports 10476 7672 Payment failed
CRITICAL 2025-05-01 03:23:22,637 accounts_views_imports 10476 7672 Database down
DEBUG 2025-05-01 03:24:00,551 views 5752 9792 Debug message
INFO 2025-05-01 03:24:00,552 views 5752 9792 User logged in
WARNING 2025-05-01 03:24:00,553 views 5752 9792 API response slow
ERROR 2025-05-01 03:24:00,556 views 5752 9792 Payment failed
CRITICAL 2025-05-01 03:24:00,556 views 5752 9792 Database down
DEBUG 2025-05-01 03:24:00,657 accounts_views_imports 5752 9792 Debug message
INFO 2025-05-01 03:24:00,658 accounts_views_imports 5752 9792 User logged in
WARNING 2025-05-01 03:24:00,659 accounts_views_imports 5752 9792 API response slow
ERROR 2025-05-01 03:24:00,662 accounts_views_imports 5752 9792 Payment failed
CRITICAL 2025-05-01 03:24:00,663 accounts_views_imports 5752 9792 Database down
DEBUG 2025-05-01 03:25:05,392 views 10416 3840 Debug message
INFO 2025-05-01 03:25:05,393 views 10416 3840 User logged in
WARNING 2025-05-01 03:25:05,394 views 10416 3840 API response slow
ERROR 2025-05-01 03:25:05,396 views 10416 3840 Payment failed
CRITICAL 2025-05-01 03:25:05,397 views 10416 3840 Database down
DEBUG 2025-05-01 03:25:05,412 accounts_views_imports 10416 3840 Debug message
INFO 2025-05-01 03:25:05,413 accounts_views_imports 10416 3840 User logged in
WARNING 2025-05-01 03:25:05,414 accounts_views_imports 10416 3840 API response slow
ERROR 2025-05-01 03:25:05,415 accounts_views_imports 10416 3840 Payment failed
CRITICAL 2025-05-01 03:25:05,415 accounts_views_imports 10416 3840 Database down
DEBUG 2025-05-01 03:25:41,752 views 5172 10596 Debug message
INFO 2025-05-01 03:25:41,753 views 5172 10596 User logged in
WARNING 2025-05-01 03:25:41,756 views 5172 10596 API response slow
ERROR 2025-05-01 03:25:41,756 views 5172 10596 Payment failed
CRITICAL 2025-05-01 03:25:41,758 views 5172 10596 Database down
DEBUG 2025-05-01 03:25:41,775 accounts_views_imports 5172 10596 Debug message
INFO 2025-05-01 03:25:41,776 accounts_views_imports 5172 10596 User logged in
WARNING 2025-05-01 03:25:41,777 accounts_views_imports 5172 10596 API response slow
ERROR 2025-05-01 03:25:41,778 accounts_views_imports 5172 10596 Payment failed
CRITICAL 2025-05-01 03:25:41,779 accounts_views_imports 5172 10596 Database down
DEBUG 2025-05-01 03:25:49,318 views 9436 2100 Debug message
INFO 2025-05-01 03:25:49,318 views 9436 2100 User logged in
WARNING 2025-05-01 03:25:49,323 views 9436 2100 API response slow
ERROR 2025-05-01 03:25:49,324 views 9436 2100 Payment failed
CRITICAL 2025-05-01 03:25:49,325 views 9436 2100 Database down
DEBUG 2025-05-01 03:25:49,343 accounts_views_imports 9436 2100 Debug message
INFO 2025-05-01 03:25:49,344 accounts_views_imports 9436 2100 User logged in
WARNING 2025-05-01 03:25:49,344 accounts_views_imports 9436 2100 API response slow
ERROR 2025-05-01 03:25:49,345 accounts_views_imports 9436 2100 Payment failed
CRITICAL 2025-05-01 03:25:49,346 accounts_views_imports 9436 2100 Database down
DEBUG 2025-05-01 03:25:55,681 views 3144 9340 Debug message
INFO 2025-05-01 03:25:55,681 views 3144 9340 User logged in
WARNING 2025-05-01 03:25:55,682 views 3144 9340 API response slow
ERROR 2025-05-01 03:25:55,685 views 3144 9340 Payment failed
CRITICAL 2025-05-01 03:25:55,685 views 3144 9340 Database down
DEBUG 2025-05-01 03:25:55,703 accounts_views_imports 3144 9340 Debug message
INFO 2025-05-01 03:25:55,703 accounts_views_imports 3144 9340 User logged in
WARNING 2025-05-01 03:25:55,704 accounts_views_imports 3144 9340 API response slow
ERROR 2025-05-01 03:25:55,706 accounts_views_imports 3144 9340 Payment failed
CRITICAL 2025-05-01 03:25:55,707 accounts_views_imports 3144 9340 Database down
DEBUG 2025-05-01 03:26:01,119 views 10516 7204 Debug message
INFO 2025-05-01 03:26:01,119 views 10516 7204 User logged in
WARNING 2025-05-01 03:26:01,121 views 10516 7204 API response slow
ERROR 2025-05-01 03:26:01,122 views 10516 7204 Payment failed
CRITICAL 2025-05-01 03:26:01,123 views 10516 7204 Database down
DEBUG 2025-05-01 03:26:01,140 accounts_views_imports 10516 7204 Debug message
INFO 2025-05-01 03:26:01,141 accounts_views_imports 10516 7204 User logged in
WARNING 2025-05-01 03:26:01,142 accounts_views_imports 10516 7204 API response slow
ERROR 2025-05-01 03:26:01,143 accounts_views_imports 10516 7204 Payment failed
CRITICAL 2025-05-01 03:26:01,146 accounts_views_imports 10516 7204 Database down
DEBUG 2025-05-01 03:26:09,252 views 9800 9048 Debug message
INFO 2025-05-01 03:26:09,252 views 9800 9048 User logged in
WARNING 2025-05-01 03:26:09,253 views 9800 9048 API response slow
ERROR 2025-05-01 03:26:09,255 views 9800 9048 Payment failed
CRITICAL 2025-05-01 03:26:09,256 views 9800 9048 Database down
DEBUG 2025-05-01 03:26:09,272 accounts_views_imports 9800 9048 Debug message
INFO 2025-05-01 03:26:09,272 accounts_views_imports 9800 9048 User logged in
WARNING 2025-05-01 03:26:09,273 accounts_views_imports 9800 9048 API response slow
ERROR 2025-05-01 03:26:09,276 accounts_views_imports 9800 9048 Payment failed
CRITICAL 2025-05-01 03:26:09,277 accounts_views_imports 9800 9048 Database down
DEBUG 2025-05-01 03:26:16,810 views 10484 8552 Debug message
INFO 2025-05-01 03:26:16,811 views 10484 8552 User logged in
WARNING 2025-05-01 03:26:16,815 views 10484 8552 API response slow
ERROR 2025-05-01 03:26:16,815 views 10484 8552 Payment failed
CRITICAL 2025-05-01 03:26:16,817 views 10484 8552 Database down
DEBUG 2025-05-01 03:26:16,837 accounts_views_imports 10484 8552 Debug message
INFO 2025-05-01 03:26:16,837 accounts_views_imports 10484 8552 User logged in
WARNING 2025-05-01 03:26:16,838 accounts_views_imports 10484 8552 API response slow
ERROR 2025-05-01 03:26:16,839 accounts_views_imports 10484 8552 Payment failed
CRITICAL 2025-05-01 03:26:16,841 accounts_views_imports 10484 8552 Database down
DEBUG 2025-05-01 03:26:35,402 views 3636 7924 Debug message
INFO 2025-05-01 03:26:35,403 views 3636 7924 User logged in
WARNING 2025-05-01 03:26:35,405 views 3636 7924 API response slow
ERROR 2025-05-01 03:26:35,406 views 3636 7924 Payment failed
CRITICAL 2025-05-01 03:26:35,407 views 3636 7924 Database down
DEBUG 2025-05-01 03:26:35,428 accounts_views_imports 3636 7924 Debug message
INFO 2025-05-01 03:26:35,428 accounts_views_imports 3636 7924 User logged in
WARNING 2025-05-01 03:26:35,429 accounts_views_imports 3636 7924 API response slow
ERROR 2025-05-01 03:26:35,430 accounts_views_imports 3636 7924 Payment failed
CRITICAL 2025-05-01 03:26:35,430 accounts_views_imports 3636 7924 Database down
DEBUG 2025-05-01 03:28:06,803 views 10816 10476 Debug message
INFO 2025-05-01 03:28:06,804 views 10816 10476 User logged in
WARNING 2025-05-01 03:28:06,809 views 10816 10476 API response slow
ERROR 2025-05-01 03:28:06,810 views 10816 10476 Payment failed
CRITICAL 2025-05-01 03:28:06,811 views 10816 10476 Database down
DEBUG 2025-05-01 03:28:06,831 accounts_views_imports 10816 10476 Debug message
INFO 2025-05-01 03:28:06,831 accounts_views_imports 10816 10476 User logged in
WARNING 2025-05-01 03:28:06,833 accounts_views_imports 10816 10476 API response slow
ERROR 2025-05-01 03:28:06,838 accounts_views_imports 10816 10476 Payment failed
CRITICAL 2025-05-01 03:28:06,839 accounts_views_imports 10816 10476 Database down
DEBUG 2025-05-01 03:28:27,404 views 9048 9796 Debug message
INFO 2025-05-01 03:28:27,405 views 9048 9796 User logged in
WARNING 2025-05-01 03:28:27,406 views 9048 9796 API response slow
ERROR 2025-05-01 03:28:27,407 views 9048 9796 Payment failed
CRITICAL 2025-05-01 03:28:27,409 views 9048 9796 Database down
DEBUG 2025-05-01 03:28:27,447 accounts_views_imports 9048 9796 Debug message
INFO 2025-05-01 03:28:27,449 accounts_views_imports 9048 9796 User logged in
WARNING 2025-05-01 03:28:27,453 accounts_views_imports 9048 9796 API response slow
ERROR 2025-05-01 03:28:27,454 accounts_views_imports 9048 9796 Payment failed
CRITICAL 2025-05-01 03:28:27,454 accounts_views_imports 9048 9796 Database down
DEBUG 2025-05-01 03:29:23,885 views 11016 10744 Debug message
INFO 2025-05-01 03:29:23,885 views 11016 10744 User logged in
WARNING 2025-05-01 03:29:23,885 views 11016 10744 API response slow
ERROR 2025-05-01 03:29:23,885 views 11016 10744 Payment failed
CRITICAL 2025-05-01 03:29:23,885 views 11016 10744 Database down
DEBUG 2025-05-01 03:29:23,904 accounts_views_imports 11016 10744 Debug message
INFO 2025-05-01 03:29:23,904 accounts_views_imports 11016 10744 User logged in
WARNING 2025-05-01 03:29:23,904 accounts_views_imports 11016 10744 API response slow
ERROR 2025-05-01 03:29:23,904 accounts_views_imports 11016 10744 Payment failed
CRITICAL 2025-05-01 03:29:23,904 accounts_views_imports 11016 10744 Database down
DEBUG 2025-05-01 03:32:43,094 views 6908 3856 Debug message
INFO 2025-05-01 03:32:43,094 views 6908 3856 User logged in
WARNING 2025-05-01 03:32:43,095 views 6908 3856 API response slow
ERROR 2025-05-01 03:32:43,097 views 6908 3856 Payment failed
CRITICAL 2025-05-01 03:32:43,098 views 6908 3856 Database down
DEBUG 2025-05-01 03:32:43,140 accounts_views_imports 6908 3856 Debug message
INFO 2025-05-01 03:32:43,140 accounts_views_imports 6908 3856 User logged in
WARNING 2025-05-01 03:32:43,142 accounts_views_imports 6908 3856 API response slow
ERROR 2025-05-01 03:32:43,144 accounts_views_imports 6908 3856 Payment failed
CRITICAL 2025-05-01 03:32:43,145 accounts_views_imports 6908 3856 Database down
DEBUG 2025-05-01 03:32:59,081 views 8276 4236 Debug message
INFO 2025-05-01 03:32:59,093 views 8276 4236 User logged in
WARNING 2025-05-01 03:32:59,102 views 8276 4236 API response slow
ERROR 2025-05-01 03:32:59,103 views 8276 4236 Payment failed
CRITICAL 2025-05-01 03:32:59,104 views 8276 4236 Database down
DEBUG 2025-05-01 03:34:05,320 views 5896 956 Debug message
INFO 2025-05-01 03:34:05,320 views 5896 956 User logged in
WARNING 2025-05-01 03:34:05,321 views 5896 956 API response slow
ERROR 2025-05-01 03:34:05,323 views 5896 956 Payment failed
CRITICAL 2025-05-01 03:34:05,323 views 5896 956 Database down
DEBUG 2025-05-01 03:34:05,361 accounts_views_imports 5896 956 Debug message
INFO 2025-05-01 03:34:05,361 accounts_views_imports 5896 956 User logged in
WARNING 2025-05-01 03:34:05,363 accounts_views_imports 5896 956 API response slow
ERROR 2025-05-01 03:34:05,364 accounts_views_imports 5896 956 Payment failed
CRITICAL 2025-05-01 03:34:05,365 accounts_views_imports 5896 956 Database down
DEBUG 2025-05-01 03:34:17,188 views 8936 9780 Debug message
INFO 2025-05-01 03:34:17,188 views 8936 9780 User logged in
WARNING 2025-05-01 03:34:17,190 views 8936 9780 API response slow
ERROR 2025-05-01 03:34:17,191 views 8936 9780 Payment failed
CRITICAL 2025-05-01 03:34:17,192 views 8936 9780 Database down
DEBUG 2025-05-01 03:34:17,228 accounts_views_imports 8936 9780 Debug message
INFO 2025-05-01 03:34:17,229 accounts_views_imports 8936 9780 User logged in
WARNING 2025-05-01 03:34:17,232 accounts_views_imports 8936 9780 API response slow
ERROR 2025-05-01 03:34:17,233 accounts_views_imports 8936 9780 Payment failed
CRITICAL 2025-05-01 03:34:17,235 accounts_views_imports 8936 9780 Database down
DEBUG 2025-05-01 03:34:31,555 views 7228 3372 Debug message
INFO 2025-05-01 03:34:31,555 views 7228 3372 User logged in
WARNING 2025-05-01 03:34:31,557 views 7228 3372 API response slow
ERROR 2025-05-01 03:34:31,558 views 7228 3372 Payment failed
CRITICAL 2025-05-01 03:34:31,559 views 7228 3372 Database down
DEBUG 2025-05-01 03:34:31,598 accounts_views_imports 7228 3372 Debug message
INFO 2025-05-01 03:34:31,599 accounts_views_imports 7228 3372 User logged in
WARNING 2025-05-01 03:34:31,601 accounts_views_imports 7228 3372 API response slow
ERROR 2025-05-01 03:34:31,603 accounts_views_imports 7228 3372 Payment failed
CRITICAL 2025-05-01 03:34:31,604 accounts_views_imports 7228 3372 Database down
DEBUG 2025-05-01 03:34:43,936 views 2352 9996 Debug message
INFO 2025-05-01 03:34:43,937 views 2352 9996 User logged in
WARNING 2025-05-01 03:34:43,939 views 2352 9996 API response slow
ERROR 2025-05-01 03:34:43,943 views 2352 9996 Payment failed
CRITICAL 2025-05-01 03:34:43,944 views 2352 9996 Database down
DEBUG 2025-05-01 03:34:43,994 accounts_views_imports 2352 9996 Debug message
INFO 2025-05-01 03:34:43,996 accounts_views_imports 2352 9996 User logged in
WARNING 2025-05-01 03:34:43,998 accounts_views_imports 2352 9996 API response slow
ERROR 2025-05-01 03:34:44,000 accounts_views_imports 2352 9996 Payment failed
CRITICAL 2025-05-01 03:34:44,002 accounts_views_imports 2352 9996 Database down
DEBUG 2025-05-01 03:34:48,674 views 7296 10560 Debug message
INFO 2025-05-01 03:34:48,676 views 7296 10560 User logged in
WARNING 2025-05-01 03:34:48,678 views 7296 10560 API response slow
ERROR 2025-05-01 03:34:48,679 views 7296 10560 Payment failed
CRITICAL 2025-05-01 03:34:48,680 views 7296 10560 Database down
DEBUG 2025-05-01 03:34:54,442 views 3160 10752 Debug message
INFO 2025-05-01 03:34:54,442 views 3160 10752 User logged in
WARNING 2025-05-01 03:34:54,443 views 3160 10752 API response slow
ERROR 2025-05-01 03:34:54,445 views 3160 10752 Payment failed
CRITICAL 2025-05-01 03:34:54,446 views 3160 10752 Database down
DEBUG 2025-05-01 03:34:54,487 accounts_views_imports 3160 10752 Debug message
INFO 2025-05-01 03:34:54,491 accounts_views_imports 3160 10752 User logged in
WARNING 2025-05-01 03:34:54,493 accounts_views_imports 3160 10752 API response slow
ERROR 2025-05-01 03:34:54,494 accounts_views_imports 3160 10752 Payment failed
CRITICAL 2025-05-01 03:34:54,495 accounts_views_imports 3160 10752 Database down
DEBUG 2025-05-01 03:35:46,350 views 4120 10692 Debug message
INFO 2025-05-01 03:35:46,350 views 4120 10692 User logged in
WARNING 2025-05-01 03:35:46,352 views 4120 10692 API response slow
ERROR 2025-05-01 03:35:46,353 views 4120 10692 Payment failed
CRITICAL 2025-05-01 03:35:46,355 views 4120 10692 Database down
DEBUG 2025-05-01 03:35:46,372 accounts_views_imports 4120 10692 Debug message
INFO 2025-05-01 03:35:46,373 accounts_views_imports 4120 10692 User logged in
WARNING 2025-05-01 03:35:46,374 accounts_views_imports 4120 10692 API response slow
ERROR 2025-05-01 03:35:46,377 accounts_views_imports 4120 10692 Payment failed
CRITICAL 2025-05-01 03:35:46,378 accounts_views_imports 4120 10692 Database down
DEBUG 2025-05-01 03:37:44,348 views 1628 5296 Debug message
INFO 2025-05-01 03:37:44,348 views 1628 5296 User logged in
WARNING 2025-05-01 03:37:44,348 views 1628 5296 API response slow
ERROR 2025-05-01 03:37:44,348 views 1628 5296 Payment failed
CRITICAL 2025-05-01 03:37:44,348 views 1628 5296 Database down
DEBUG 2025-05-01 03:37:44,368 accounts_views_imports 1628 5296 Debug message
INFO 2025-05-01 03:37:44,368 accounts_views_imports 1628 5296 User logged in
WARNING 2025-05-01 03:37:44,368 accounts_views_imports 1628 5296 API response slow
ERROR 2025-05-01 03:37:44,368 accounts_views_imports 1628 5296 Payment failed
CRITICAL 2025-05-01 03:37:44,368 accounts_views_imports 1628 5296 Database down
DEBUG 2025-05-01 03:39:04,955 views 3248 2440 Debug message
INFO 2025-05-01 03:39:04,956 views 3248 2440 User logged in
WARNING 2025-05-01 03:39:04,958 views 3248 2440 API response slow
ERROR 2025-05-01 03:39:04,959 views 3248 2440 Payment failed
CRITICAL 2025-05-01 03:39:04,960 views 3248 2440 Database down
DEBUG 2025-05-01 03:39:04,976 accounts_views_imports 3248 2440 Debug message
INFO 2025-05-01 03:39:04,977 accounts_views_imports 3248 2440 User logged in
WARNING 2025-05-01 03:39:04,977 accounts_views_imports 3248 2440 API response slow
ERROR 2025-05-01 03:39:04,978 accounts_views_imports 3248 2440 Payment failed
CRITICAL 2025-05-01 03:39:04,979 accounts_views_imports 3248 2440 Database down
DEBUG 2025-05-01 03:42:55,935 views 10056 11016 Debug message
INFO 2025-05-01 03:42:55,936 views 10056 11016 User logged in
WARNING 2025-05-01 03:42:55,937 views 10056 11016 API response slow
ERROR 2025-05-01 03:42:55,939 views 10056 11016 Payment failed
CRITICAL 2025-05-01 03:42:55,940 views 10056 11016 Database down
DEBUG 2025-05-01 03:42:55,975 accounts_views_imports 10056 11016 Debug message
INFO 2025-05-01 03:42:55,976 accounts_views_imports 10056 11016 User logged in
WARNING 2025-05-01 03:42:55,978 accounts_views_imports 10056 11016 API response slow
ERROR 2025-05-01 03:42:55,979 accounts_views_imports 10056 11016 Payment failed
CRITICAL 2025-05-01 03:42:55,980 accounts_views_imports 10056 11016 Database down
DEBUG 2025-05-01 03:43:48,399 views 10404 8904 Debug message
INFO 2025-05-01 03:43:48,400 views 10404 8904 User logged in
WARNING 2025-05-01 03:43:48,401 views 10404 8904 API response slow
ERROR 2025-05-01 03:43:48,404 views 10404 8904 Payment failed
CRITICAL 2025-05-01 03:43:48,405 views 10404 8904 Database down
DEBUG 2025-05-01 03:43:48,435 accounts_views_imports 10404 8904 Debug message
INFO 2025-05-01 03:43:48,436 accounts_views_imports 10404 8904 User logged in
WARNING 2025-05-01 03:43:48,438 accounts_views_imports 10404 8904 API response slow
ERROR 2025-05-01 03:43:48,440 accounts_views_imports 10404 8904 Payment failed
CRITICAL 2025-05-01 03:43:48,441 accounts_views_imports 10404 8904 Database down
DEBUG 2025-05-01 03:44:04,880 views 2364 8376 Debug message
INFO 2025-05-01 03:44:04,880 views 2364 8376 User logged in
WARNING 2025-05-01 03:44:04,882 views 2364 8376 API response slow
ERROR 2025-05-01 03:44:04,884 views 2364 8376 Payment failed
CRITICAL 2025-05-01 03:44:04,884 views 2364 8376 Database down
DEBUG 2025-05-01 03:44:04,950 accounts_views_imports 2364 8376 Debug message
INFO 2025-05-01 03:44:04,951 accounts_views_imports 2364 8376 User logged in
WARNING 2025-05-01 03:44:04,953 accounts_views_imports 2364 8376 API response slow
ERROR 2025-05-01 03:44:04,955 accounts_views_imports 2364 8376 Payment failed
CRITICAL 2025-05-01 03:44:04,955 accounts_views_imports 2364 8376 Database down
DEBUG 2025-05-01 03:44:36,686 views 5328 10328 Debug message
INFO 2025-05-01 03:44:36,686 views 5328 10328 User logged in
WARNING 2025-05-01 03:44:36,687 views 5328 10328 API response slow
ERROR 2025-05-01 03:44:36,689 views 5328 10328 Payment failed
CRITICAL 2025-05-01 03:44:36,690 views 5328 10328 Database down
DEBUG 2025-05-01 03:44:36,707 accounts_views_imports 5328 10328 Debug message
INFO 2025-05-01 03:44:36,708 accounts_views_imports 5328 10328 User logged in
WARNING 2025-05-01 03:44:36,708 accounts_views_imports 5328 10328 API response slow
ERROR 2025-05-01 03:44:36,709 accounts_views_imports 5328 10328 Payment failed
CRITICAL 2025-05-01 03:44:36,710 accounts_views_imports 5328 10328 Database down
DEBUG 2025-05-01 03:45:54,230 views 10296 8788 Debug message
INFO 2025-05-01 03:45:54,230 views 10296 8788 User logged in
WARNING 2025-05-01 03:45:54,232 views 10296 8788 API response slow
ERROR 2025-05-01 03:45:54,234 views 10296 8788 Payment failed
CRITICAL 2025-05-01 03:45:54,235 views 10296 8788 Database down
DEBUG 2025-05-01 03:45:54,254 accounts_views_imports 10296 8788 Debug message
INFO 2025-05-01 03:45:54,254 accounts_views_imports 10296 8788 User logged in
WARNING 2025-05-01 03:45:54,255 accounts_views_imports 10296 8788 API response slow
ERROR 2025-05-01 03:45:54,256 accounts_views_imports 10296 8788 Payment failed
CRITICAL 2025-05-01 03:45:54,257 accounts_views_imports 10296 8788 Database down
DEBUG 2025-05-01 03:48:29,415 views 9792 956 Debug message
INFO 2025-05-01 03:48:29,415 views 9792 956 User logged in
WARNING 2025-05-01 03:48:29,417 views 9792 956 API response slow
ERROR 2025-05-01 03:48:29,417 views 9792 956 Payment failed
CRITICAL 2025-05-01 03:48:29,419 views 9792 956 Database down
DEBUG 2025-05-01 03:48:29,436 accounts_views_imports 9792 956 Debug message
INFO 2025-05-01 03:48:29,436 accounts_views_imports 9792 956 User logged in
WARNING 2025-05-01 03:48:29,437 accounts_views_imports 9792 956 API response slow
ERROR 2025-05-01 03:48:29,439 accounts_views_imports 9792 956 Payment failed
CRITICAL 2025-05-01 03:48:29,440 accounts_views_imports 9792 956 Database down
DEBUG 2025-05-01 03:52:12,239 views 7228 3688 Debug message
INFO 2025-05-01 03:52:12,240 views 7228 3688 User logged in
WARNING 2025-05-01 03:52:12,244 views 7228 3688 API response slow
ERROR 2025-05-01 03:52:12,245 views 7228 3688 Payment failed
CRITICAL 2025-05-01 03:52:12,246 views 7228 3688 Database down
DEBUG 2025-05-01 03:52:12,264 accounts_views_imports 7228 3688 Debug message
INFO 2025-05-01 03:52:12,264 accounts_views_imports 7228 3688 User logged in
WARNING 2025-05-01 03:52:12,266 accounts_views_imports 7228 3688 API response slow
ERROR 2025-05-01 03:52:12,267 accounts_views_imports 7228 3688 Payment failed
CRITICAL 2025-05-01 03:52:12,267 accounts_views_imports 7228 3688 Database down
DEBUG 2025-05-01 03:56:09,251 views 8880 8044 Debug message
INFO 2025-05-01 03:56:09,251 views 8880 8044 User logged in
WARNING 2025-05-01 03:56:09,253 views 8880 8044 API response slow
ERROR 2025-05-01 03:56:09,254 views 8880 8044 Payment failed
CRITICAL 2025-05-01 03:56:09,255 views 8880 8044 Database down
DEBUG 2025-05-01 03:56:09,272 accounts_views_imports 8880 8044 Debug message
INFO 2025-05-01 03:56:09,272 accounts_views_imports 8880 8044 User logged in
WARNING 2025-05-01 03:56:09,273 accounts_views_imports 8880 8044 API response slow
ERROR 2025-05-01 03:56:09,275 accounts_views_imports 8880 8044 Payment failed
CRITICAL 2025-05-01 03:56:09,276 accounts_views_imports 8880 8044 Database down
DEBUG 2025-05-01 03:56:40,218 views 11024 9780 Debug message
INFO 2025-05-01 03:56:40,219 views 11024 9780 User logged in
WARNING 2025-05-01 03:56:40,221 views 11024 9780 API response slow
ERROR 2025-05-01 03:56:40,222 views 11024 9780 Payment failed
CRITICAL 2025-05-01 03:56:40,223 views 11024 9780 Database down
DEBUG 2025-05-01 03:56:40,238 accounts_views_imports 11024 9780 Debug message
INFO 2025-05-01 03:56:40,238 accounts_views_imports 11024 9780 User logged in
WARNING 2025-05-01 03:56:40,240 accounts_views_imports 11024 9780 API response slow
ERROR 2025-05-01 03:56:40,240 accounts_views_imports 11024 9780 Payment failed
CRITICAL 2025-05-01 03:56:40,241 accounts_views_imports 11024 9780 Database down
DEBUG 2025-05-01 04:01:40,761 views 9016 9796 Debug message
INFO 2025-05-01 04:01:40,762 views 9016 9796 User logged in
WARNING 2025-05-01 04:01:40,764 views 9016 9796 API response slow
ERROR 2025-05-01 04:01:40,766 views 9016 9796 Payment failed
CRITICAL 2025-05-01 04:01:40,767 views 9016 9796 Database down
DEBUG 2025-05-01 04:01:40,782 accounts_views_imports 9016 9796 Debug message
INFO 2025-05-01 04:01:40,782 accounts_views_imports 9016 9796 User logged in
WARNING 2025-05-01 04:01:40,782 accounts_views_imports 9016 9796 API response slow
ERROR 2025-05-01 04:01:40,782 accounts_views_imports 9016 9796 Payment failed
CRITICAL 2025-05-01 04:01:40,782 accounts_views_imports 9016 9796 Database down
DEBUG 2025-05-01 04:04:53,348 views 504 7128 Debug message
INFO 2025-05-01 04:04:53,349 views 504 7128 User logged in
WARNING 2025-05-01 04:04:53,351 views 504 7128 API response slow
ERROR 2025-05-01 04:04:53,353 views 504 7128 Payment failed
CRITICAL 2025-05-01 04:04:53,354 views 504 7128 Database down
DEBUG 2025-05-01 04:04:53,374 accounts_views_imports 504 7128 Debug message
INFO 2025-05-01 04:04:53,375 accounts_views_imports 504 7128 User logged in
WARNING 2025-05-01 04:04:53,376 accounts_views_imports 504 7128 API response slow
ERROR 2025-05-01 04:04:53,378 accounts_views_imports 504 7128 Payment failed
CRITICAL 2025-05-01 04:04:53,378 accounts_views_imports 504 7128 Database down
DEBUG 2025-05-01 04:05:44,829 views 2160 120 Debug message
INFO 2025-05-01 04:05:44,829 views 2160 120 User logged in
WARNING 2025-05-01 04:05:44,832 views 2160 120 API response slow
ERROR 2025-05-01 04:05:44,835 views 2160 120 Payment failed
CRITICAL 2025-05-01 04:05:44,836 views 2160 120 Database down
DEBUG 2025-05-01 04:05:44,859 accounts_views_imports 2160 120 Debug message
INFO 2025-05-01 04:05:44,859 accounts_views_imports 2160 120 User logged in
WARNING 2025-05-01 04:05:44,861 accounts_views_imports 2160 120 API response slow
ERROR 2025-05-01 04:05:44,863 accounts_views_imports 2160 120 Payment failed
CRITICAL 2025-05-01 04:05:44,863 accounts_views_imports 2160 120 Database down
DEBUG 2025-05-01 04:09:06,803 views 8900 10924 Debug message
INFO 2025-05-01 04:09:06,804 views 8900 10924 User logged in
WARNING 2025-05-01 04:09:06,805 views 8900 10924 API response slow
ERROR 2025-05-01 04:09:06,807 views 8900 10924 Payment failed
CRITICAL 2025-05-01 04:09:06,807 views 8900 10924 Database down
DEBUG 2025-05-01 04:09:06,825 accounts_views_imports 8900 10924 Debug message
INFO 2025-05-01 04:09:06,825 accounts_views_imports 8900 10924 User logged in
WARNING 2025-05-01 04:09:06,826 accounts_views_imports 8900 10924 API response slow
ERROR 2025-05-01 04:09:06,828 accounts_views_imports 8900 10924 Payment failed
CRITICAL 2025-05-01 04:09:06,828 accounts_views_imports 8900 10924 Database down
DEBUG 2025-05-01 04:10:33,475 views 10036 10832 Debug message
INFO 2025-05-01 04:10:33,476 views 10036 10832 User logged in
WARNING 2025-05-01 04:10:33,478 views 10036 10832 API response slow
ERROR 2025-05-01 04:10:33,480 views 10036 10832 Payment failed
CRITICAL 2025-05-01 04:10:33,481 views 10036 10832 Database down
DEBUG 2025-05-01 04:10:33,497 accounts_views_imports 10036 10832 Debug message
INFO 2025-05-01 04:10:33,498 accounts_views_imports 10036 10832 User logged in
WARNING 2025-05-01 04:10:33,499 accounts_views_imports 10036 10832 API response slow
ERROR 2025-05-01 04:10:33,501 accounts_views_imports 10036 10832 Payment failed
CRITICAL 2025-05-01 04:10:33,501 accounts_views_imports 10036 10832 Database down
DEBUG 2025-05-01 04:11:18,186 views 2172 7212 Debug message
INFO 2025-05-01 04:11:18,190 views 2172 7212 User logged in
WARNING 2025-05-01 04:11:18,191 views 2172 7212 API response slow
ERROR 2025-05-01 04:11:18,192 views 2172 7212 Payment failed
CRITICAL 2025-05-01 04:11:18,193 views 2172 7212 Database down
DEBUG 2025-05-01 04:11:18,219 accounts_views_imports 2172 7212 Debug message
INFO 2025-05-01 04:11:18,221 accounts_views_imports 2172 7212 User logged in
WARNING 2025-05-01 04:11:18,222 accounts_views_imports 2172 7212 API response slow
ERROR 2025-05-01 04:11:18,224 accounts_views_imports 2172 7212 Payment failed
CRITICAL 2025-05-01 04:11:18,225 accounts_views_imports 2172 7212 Database down
DEBUG 2025-05-01 04:13:17,814 views 2936 8520 Debug message
INFO 2025-05-01 04:13:17,815 views 2936 8520 User logged in
WARNING 2025-05-01 04:13:17,816 views 2936 8520 API response slow
ERROR 2025-05-01 04:13:17,817 views 2936 8520 Payment failed
CRITICAL 2025-05-01 04:13:17,817 views 2936 8520 Database down
DEBUG 2025-05-01 04:13:17,832 accounts_views_imports 2936 8520 Debug message
INFO 2025-05-01 04:13:17,832 accounts_views_imports 2936 8520 User logged in
WARNING 2025-05-01 04:13:17,832 accounts_views_imports 2936 8520 API response slow
ERROR 2025-05-01 04:13:17,833 accounts_views_imports 2936 8520 Payment failed
CRITICAL 2025-05-01 04:13:17,833 accounts_views_imports 2936 8520 Database down
DEBUG 2025-05-01 04:17:51,440 views 2820 6268 Debug message
INFO 2025-05-01 04:17:51,440 views 2820 6268 User logged in
WARNING 2025-05-01 04:17:51,440 views 2820 6268 API response slow
ERROR 2025-05-01 04:17:51,440 views 2820 6268 Payment failed
CRITICAL 2025-05-01 04:17:51,440 views 2820 6268 Database down
DEBUG 2025-05-01 04:17:51,452 accounts_views_imports 2820 6268 Debug message
INFO 2025-05-01 04:17:51,452 accounts_views_imports 2820 6268 User logged in
WARNING 2025-05-01 04:17:51,452 accounts_views_imports 2820 6268 API response slow
ERROR 2025-05-01 04:17:51,452 accounts_views_imports 2820 6268 Payment failed
CRITICAL 2025-05-01 04:17:51,452 accounts_views_imports 2820 6268 Database down
DEBUG 2025-05-01 04:24:28,425 views 9464 7136 Debug message
INFO 2025-05-01 04:24:28,425 views 9464 7136 User logged in
WARNING 2025-05-01 04:24:28,425 views 9464 7136 API response slow
ERROR 2025-05-01 04:24:28,426 views 9464 7136 Payment failed
CRITICAL 2025-05-01 04:24:28,426 views 9464 7136 Database down
DEBUG 2025-05-01 04:24:28,441 accounts_views_imports 9464 7136 Debug message
INFO 2025-05-01 04:24:28,441 accounts_views_imports 9464 7136 User logged in
WARNING 2025-05-01 04:24:28,441 accounts_views_imports 9464 7136 API response slow
ERROR 2025-05-01 04:24:28,442 accounts_views_imports 9464 7136 Payment failed
CRITICAL 2025-05-01 04:24:28,442 accounts_views_imports 9464 7136 Database down
DEBUG 2025-05-01 04:25:48,312 views 1820 5148 Debug message
INFO 2025-05-01 04:25:48,312 views 1820 5148 User logged in
WARNING 2025-05-01 04:25:48,312 views 1820 5148 API response slow
ERROR 2025-05-01 04:25:48,312 views 1820 5148 Payment failed
CRITICAL 2025-05-01 04:25:48,312 views 1820 5148 Database down
DEBUG 2025-05-01 04:25:48,329 accounts_views_imports 1820 5148 Debug message
INFO 2025-05-01 04:25:48,329 accounts_views_imports 1820 5148 User logged in
WARNING 2025-05-01 04:25:48,329 accounts_views_imports 1820 5148 API response slow
ERROR 2025-05-01 04:25:48,329 accounts_views_imports 1820 5148 Payment failed
CRITICAL 2025-05-01 04:25:48,329 accounts_views_imports 1820 5148 Database down
DEBUG 2025-05-01 04:25:53,611 views 4848 8728 Debug message
INFO 2025-05-01 04:25:53,611 views 4848 8728 User logged in
WARNING 2025-05-01 04:25:53,611 views 4848 8728 API response slow
ERROR 2025-05-01 04:25:53,611 views 4848 8728 Payment failed
CRITICAL 2025-05-01 04:25:53,611 views 4848 8728 Database down
DEBUG 2025-05-01 04:25:53,628 accounts_views_imports 4848 8728 Debug message
INFO 2025-05-01 04:25:53,628 accounts_views_imports 4848 8728 User logged in
WARNING 2025-05-01 04:25:53,628 accounts_views_imports 4848 8728 API response slow
ERROR 2025-05-01 04:25:53,628 accounts_views_imports 4848 8728 Payment failed
CRITICAL 2025-05-01 04:25:53,628 accounts_views_imports 4848 8728 Database down
DEBUG 2025-05-01 04:26:03,117 views 10816 9756 Debug message
INFO 2025-05-01 04:26:03,117 views 10816 9756 User logged in
WARNING 2025-05-01 04:26:03,117 views 10816 9756 API response slow
ERROR 2025-05-01 04:26:03,117 views 10816 9756 Payment failed
CRITICAL 2025-05-01 04:26:03,117 views 10816 9756 Database down
DEBUG 2025-05-01 04:26:03,135 accounts_views_imports 10816 9756 Debug message
INFO 2025-05-01 04:26:03,135 accounts_views_imports 10816 9756 User logged in
WARNING 2025-05-01 04:26:03,135 accounts_views_imports 10816 9756 API response slow
ERROR 2025-05-01 04:26:03,135 accounts_views_imports 10816 9756 Payment failed
CRITICAL 2025-05-01 04:26:03,135 accounts_views_imports 10816 9756 Database down
DEBUG 2025-05-01 04:26:58,925 views 760 10328 Debug message
INFO 2025-05-01 04:26:58,925 views 760 10328 User logged in
WARNING 2025-05-01 04:26:58,925 views 760 10328 API response slow
ERROR 2025-05-01 04:26:58,925 views 760 10328 Payment failed
CRITICAL 2025-05-01 04:26:58,925 views 760 10328 Database down
DEBUG 2025-05-01 04:26:58,960 accounts_views_imports 760 10328 Debug message
INFO 2025-05-01 04:26:58,960 accounts_views_imports 760 10328 User logged in
WARNING 2025-05-01 04:26:58,960 accounts_views_imports 760 10328 API response slow
ERROR 2025-05-01 04:26:58,964 accounts_views_imports 760 10328 Payment failed
CRITICAL 2025-05-01 04:26:58,965 accounts_views_imports 760 10328 Database down
DEBUG 2025-05-01 04:27:04,688 views 9992 5516 Debug message
INFO 2025-05-01 04:27:04,688 views 9992 5516 User logged in
WARNING 2025-05-01 04:27:04,688 views 9992 5516 API response slow
ERROR 2025-05-01 04:27:04,688 views 9992 5516 Payment failed
CRITICAL 2025-05-01 04:27:04,688 views 9992 5516 Database down
DEBUG 2025-05-01 04:27:04,723 accounts_views_imports 9992 5516 Debug message
INFO 2025-05-01 04:27:04,723 accounts_views_imports 9992 5516 User logged in
WARNING 2025-05-01 04:27:04,724 accounts_views_imports 9992 5516 API response slow
ERROR 2025-05-01 04:27:04,725 accounts_views_imports 9992 5516 Payment failed
CRITICAL 2025-05-01 04:27:04,725 accounts_views_imports 9992 5516 Database down
DEBUG 2025-05-01 04:30:38,512 views 10844 3016 Debug message
INFO 2025-05-01 04:30:38,513 views 10844 3016 User logged in
WARNING 2025-05-01 04:30:38,514 views 10844 3016 API response slow
ERROR 2025-05-01 04:30:38,514 views 10844 3016 Payment failed
CRITICAL 2025-05-01 04:30:38,514 views 10844 3016 Database down
DEBUG 2025-05-01 04:30:38,552 accounts_views_imports 10844 3016 Debug message
INFO 2025-05-01 04:30:38,552 accounts_views_imports 10844 3016 User logged in
WARNING 2025-05-01 04:30:38,553 accounts_views_imports 10844 3016 API response slow
ERROR 2025-05-01 04:30:38,554 accounts_views_imports 10844 3016 Payment failed
CRITICAL 2025-05-01 04:30:38,554 accounts_views_imports 10844 3016 Database down
DEBUG 2025-05-01 04:35:34,940 views 10876 10532 Debug message
INFO 2025-05-01 04:35:34,940 views 10876 10532 User logged in
WARNING 2025-05-01 04:35:34,942 views 10876 10532 API response slow
ERROR 2025-05-01 04:35:34,943 views 10876 10532 Payment failed
CRITICAL 2025-05-01 04:35:34,944 views 10876 10532 Database down
DEBUG 2025-05-01 04:35:34,976 accounts_views_imports 10876 10532 Debug message
INFO 2025-05-01 04:35:34,976 accounts_views_imports 10876 10532 User logged in
WARNING 2025-05-01 04:35:34,977 accounts_views_imports 10876 10532 API response slow
ERROR 2025-05-01 04:35:34,977 accounts_views_imports 10876 10532 Payment failed
CRITICAL 2025-05-01 04:35:34,977 accounts_views_imports 10876 10532 Database down
DEBUG 2025-05-01 04:35:39,667 views 2196 2388 Debug message
INFO 2025-05-01 04:35:39,667 views 2196 2388 User logged in
WARNING 2025-05-01 04:35:39,667 views 2196 2388 API response slow
ERROR 2025-05-01 04:35:39,667 views 2196 2388 Payment failed
CRITICAL 2025-05-01 04:35:39,668 views 2196 2388 Database down
DEBUG 2025-05-01 04:35:39,698 accounts_views_imports 2196 2388 Debug message
INFO 2025-05-01 04:35:39,699 accounts_views_imports 2196 2388 User logged in
WARNING 2025-05-01 04:35:39,699 accounts_views_imports 2196 2388 API response slow
ERROR 2025-05-01 04:35:39,699 accounts_views_imports 2196 2388 Payment failed
CRITICAL 2025-05-01 04:35:39,699 accounts_views_imports 2196 2388 Database down
DEBUG 2025-05-01 04:35:50,907 views 3028 2788 Debug message
INFO 2025-05-01 04:35:50,908 views 3028 2788 User logged in
WARNING 2025-05-01 04:35:50,908 views 3028 2788 API response slow
ERROR 2025-05-01 04:35:50,909 views 3028 2788 Payment failed
CRITICAL 2025-05-01 04:35:50,909 views 3028 2788 Database down
DEBUG 2025-05-01 04:35:50,924 accounts_views_imports 3028 2788 Debug message
INFO 2025-05-01 04:35:50,924 accounts_views_imports 3028 2788 User logged in
WARNING 2025-05-01 04:35:50,925 accounts_views_imports 3028 2788 API response slow
ERROR 2025-05-01 04:35:50,925 accounts_views_imports 3028 2788 Payment failed
CRITICAL 2025-05-01 04:35:50,925 accounts_views_imports 3028 2788 Database down
DEBUG 2025-05-01 04:36:28,053 views 10768 8780 Debug message
INFO 2025-05-01 04:36:28,053 views 10768 8780 User logged in
WARNING 2025-05-01 04:36:28,053 views 10768 8780 API response slow
ERROR 2025-05-01 04:36:28,053 views 10768 8780 Payment failed
CRITICAL 2025-05-01 04:36:28,053 views 10768 8780 Database down
DEBUG 2025-05-01 04:36:28,068 accounts_views_imports 10768 8780 Debug message
INFO 2025-05-01 04:36:28,068 accounts_views_imports 10768 8780 User logged in
WARNING 2025-05-01 04:36:28,068 accounts_views_imports 10768 8780 API response slow
ERROR 2025-05-01 04:36:28,068 accounts_views_imports 10768 8780 Payment failed
CRITICAL 2025-05-01 04:36:28,068 accounts_views_imports 10768 8780 Database down
DEBUG 2025-05-01 04:40:18,766 views 6848 9500 Debug message
INFO 2025-05-01 04:40:18,767 views 6848 9500 User logged in
WARNING 2025-05-01 04:40:18,768 views 6848 9500 API response slow
ERROR 2025-05-01 04:40:18,768 views 6848 9500 Payment failed
CRITICAL 2025-05-01 04:40:18,769 views 6848 9500 Database down
DEBUG 2025-05-01 04:40:18,791 accounts_views_imports 6848 9500 Debug message
INFO 2025-05-01 04:40:18,792 accounts_views_imports 6848 9500 User logged in
WARNING 2025-05-01 04:40:18,792 accounts_views_imports 6848 9500 API response slow
ERROR 2025-05-01 04:40:18,793 accounts_views_imports 6848 9500 Payment failed
CRITICAL 2025-05-01 04:40:18,794 accounts_views_imports 6848 9500 Database down
DEBUG 2025-05-01 04:41:04,356 views 6784 8328 Debug message
INFO 2025-05-01 04:41:04,356 views 6784 8328 User logged in
WARNING 2025-05-01 04:41:04,357 views 6784 8328 API response slow
ERROR 2025-05-01 04:41:04,357 views 6784 8328 Payment failed
CRITICAL 2025-05-01 04:41:04,357 views 6784 8328 Database down
DEBUG 2025-05-01 04:41:04,413 accounts_views_imports 6784 8328 Debug message
INFO 2025-05-01 04:41:04,413 accounts_views_imports 6784 8328 User logged in
WARNING 2025-05-01 04:41:04,414 accounts_views_imports 6784 8328 API response slow
ERROR 2025-05-01 04:41:04,415 accounts_views_imports 6784 8328 Payment failed
CRITICAL 2025-05-01 04:41:04,415 accounts_views_imports 6784 8328 Database down
DEBUG 2025-05-01 04:42:05,076 views 6524 7964 Debug message
INFO 2025-05-01 04:42:05,076 views 6524 7964 User logged in
WARNING 2025-05-01 04:42:05,077 views 6524 7964 API response slow
ERROR 2025-05-01 04:42:05,078 views 6524 7964 Payment failed
CRITICAL 2025-05-01 04:42:05,078 views 6524 7964 Database down
DEBUG 2025-05-01 04:42:05,119 accounts_views_imports 6524 7964 Debug message
INFO 2025-05-01 04:42:05,120 accounts_views_imports 6524 7964 User logged in
WARNING 2025-05-01 04:42:05,121 accounts_views_imports 6524 7964 API response slow
ERROR 2025-05-01 04:42:05,121 accounts_views_imports 6524 7964 Payment failed
CRITICAL 2025-05-01 04:42:05,121 accounts_views_imports 6524 7964 Database down
DEBUG 2025-05-01 04:42:15,266 views 9500 6848 Debug message
INFO 2025-05-01 04:42:15,266 views 9500 6848 User logged in
WARNING 2025-05-01 04:42:15,267 views 9500 6848 API response slow
ERROR 2025-05-01 04:42:15,267 views 9500 6848 Payment failed
CRITICAL 2025-05-01 04:42:15,267 views 9500 6848 Database down
DEBUG 2025-05-01 04:42:15,298 accounts_views_imports 9500 6848 Debug message
INFO 2025-05-01 04:42:15,298 accounts_views_imports 9500 6848 User logged in
WARNING 2025-05-01 04:42:15,299 accounts_views_imports 9500 6848 API response slow
ERROR 2025-05-01 04:42:15,299 accounts_views_imports 9500 6848 Payment failed
CRITICAL 2025-05-01 04:42:15,299 accounts_views_imports 9500 6848 Database down
DEBUG 2025-05-01 04:42:20,725 views 2132 10880 Debug message
INFO 2025-05-01 04:42:20,725 views 2132 10880 User logged in
WARNING 2025-05-01 04:42:20,726 views 2132 10880 API response slow
ERROR 2025-05-01 04:42:20,726 views 2132 10880 Payment failed
CRITICAL 2025-05-01 04:42:20,726 views 2132 10880 Database down
DEBUG 2025-05-01 04:42:20,767 accounts_views_imports 2132 10880 Debug message
INFO 2025-05-01 04:42:20,767 accounts_views_imports 2132 10880 User logged in
WARNING 2025-05-01 04:42:20,767 accounts_views_imports 2132 10880 API response slow
ERROR 2025-05-01 04:42:20,767 accounts_views_imports 2132 10880 Payment failed
CRITICAL 2025-05-01 04:42:20,768 accounts_views_imports 2132 10880 Database down
DEBUG 2025-05-01 04:42:32,647 views 10488 1372 Debug message
INFO 2025-05-01 04:42:32,648 views 10488 1372 User logged in
WARNING 2025-05-01 04:42:32,648 views 10488 1372 API response slow
ERROR 2025-05-01 04:42:32,649 views 10488 1372 Payment failed
CRITICAL 2025-05-01 04:42:32,649 views 10488 1372 Database down
DEBUG 2025-05-01 04:42:32,834 accounts_views_imports 10488 1372 Debug message
INFO 2025-05-01 04:42:32,834 accounts_views_imports 10488 1372 User logged in
WARNING 2025-05-01 04:42:32,835 accounts_views_imports 10488 1372 API response slow
ERROR 2025-05-01 04:42:32,835 accounts_views_imports 10488 1372 Payment failed
CRITICAL 2025-05-01 04:42:32,835 accounts_views_imports 10488 1372 Database down
DEBUG 2025-05-01 04:43:30,403 views 5472 11008 Debug message
INFO 2025-05-01 04:43:30,404 views 5472 11008 User logged in
WARNING 2025-05-01 04:43:30,404 views 5472 11008 API response slow
ERROR 2025-05-01 04:43:30,405 views 5472 11008 Payment failed
CRITICAL 2025-05-01 04:43:30,405 views 5472 11008 Database down
DEBUG 2025-05-01 04:43:30,527 accounts_views_imports 5472 11008 Debug message
INFO 2025-05-01 04:43:30,527 accounts_views_imports 5472 11008 User logged in
WARNING 2025-05-01 04:43:30,529 accounts_views_imports 5472 11008 API response slow
ERROR 2025-05-01 04:43:30,529 accounts_views_imports 5472 11008 Payment failed
CRITICAL 2025-05-01 04:43:30,529 accounts_views_imports 5472 11008 Database down
DEBUG 2025-05-01 04:43:40,998 views 6784 10980 Debug message
INFO 2025-05-01 04:43:40,999 views 6784 10980 User logged in
WARNING 2025-05-01 04:43:40,999 views 6784 10980 API response slow
ERROR 2025-05-01 04:43:41,000 views 6784 10980 Payment failed
CRITICAL 2025-05-01 04:43:41,000 views 6784 10980 Database down
DEBUG 2025-05-01 04:43:48,889 views 7656 10432 Debug message
INFO 2025-05-01 04:43:48,889 views 7656 10432 User logged in
WARNING 2025-05-01 04:43:48,890 views 7656 10432 API response slow
ERROR 2025-05-01 04:43:48,890 views 7656 10432 Payment failed
CRITICAL 2025-05-01 04:43:48,890 views 7656 10432 Database down
DEBUG 2025-05-01 04:43:48,909 accounts_views_imports 7656 10432 Debug message
INFO 2025-05-01 04:43:48,909 accounts_views_imports 7656 10432 User logged in
WARNING 2025-05-01 04:43:48,910 accounts_views_imports 7656 10432 API response slow
ERROR 2025-05-01 04:43:48,910 accounts_views_imports 7656 10432 Payment failed
CRITICAL 2025-05-01 04:43:48,911 accounts_views_imports 7656 10432 Database down
DEBUG 2025-05-01 04:43:54,167 views 8872 10060 Debug message
INFO 2025-05-01 04:43:54,167 views 8872 10060 User logged in
WARNING 2025-05-01 04:43:54,168 views 8872 10060 API response slow
ERROR 2025-05-01 04:43:54,168 views 8872 10060 Payment failed
CRITICAL 2025-05-01 04:43:54,168 views 8872 10060 Database down
DEBUG 2025-05-01 04:43:54,199 accounts_views_imports 8872 10060 Debug message
INFO 2025-05-01 04:43:54,199 accounts_views_imports 8872 10060 User logged in
WARNING 2025-05-01 04:43:54,199 accounts_views_imports 8872 10060 API response slow
ERROR 2025-05-01 04:43:54,199 accounts_views_imports 8872 10060 Payment failed
CRITICAL 2025-05-01 04:43:54,199 accounts_views_imports 8872 10060 Database down
DEBUG 2025-05-01 04:47:02,040 views 5096 11084 Debug message
INFO 2025-05-01 04:47:02,040 views 5096 11084 User logged in
WARNING 2025-05-01 04:47:02,041 views 5096 11084 API response slow
ERROR 2025-05-01 04:47:02,041 views 5096 11084 Payment failed
CRITICAL 2025-05-01 04:47:02,041 views 5096 11084 Database down
DEBUG 2025-05-01 04:47:02,060 accounts_views_imports 5096 11084 Debug message
INFO 2025-05-01 04:47:02,061 accounts_views_imports 5096 11084 User logged in
WARNING 2025-05-01 04:47:02,062 accounts_views_imports 5096 11084 API response slow
ERROR 2025-05-01 04:47:02,063 accounts_views_imports 5096 11084 Payment failed
CRITICAL 2025-05-01 04:47:02,063 accounts_views_imports 5096 11084 Database down
DEBUG 2025-05-01 04:47:06,920 views 1072 10136 Debug message
INFO 2025-05-01 04:47:06,921 views 1072 10136 User logged in
WARNING 2025-05-01 04:47:06,921 views 1072 10136 API response slow
ERROR 2025-05-01 04:47:06,922 views 1072 10136 Payment failed
CRITICAL 2025-05-01 04:47:06,922 views 1072 10136 Database down
DEBUG 2025-05-01 04:47:06,951 accounts_views_imports 1072 10136 Debug message
INFO 2025-05-01 04:47:06,951 accounts_views_imports 1072 10136 User logged in
WARNING 2025-05-01 04:47:06,951 accounts_views_imports 1072 10136 API response slow
ERROR 2025-05-01 04:47:06,952 accounts_views_imports 1072 10136 Payment failed
CRITICAL 2025-05-01 04:47:06,952 accounts_views_imports 1072 10136 Database down
DEBUG 2025-05-01 04:47:11,664 views 7768 7656 Debug message
INFO 2025-05-01 04:47:11,664 views 7768 7656 User logged in
WARNING 2025-05-01 04:47:11,665 views 7768 7656 API response slow
ERROR 2025-05-01 04:47:11,665 views 7768 7656 Payment failed
CRITICAL 2025-05-01 04:47:11,665 views 7768 7656 Database down
DEBUG 2025-05-01 04:47:11,680 accounts_views_imports 7768 7656 Debug message
INFO 2025-05-01 04:47:11,681 accounts_views_imports 7768 7656 User logged in
WARNING 2025-05-01 04:47:11,681 accounts_views_imports 7768 7656 API response slow
ERROR 2025-05-01 04:47:11,681 accounts_views_imports 7768 7656 Payment failed
CRITICAL 2025-05-01 04:47:11,682 accounts_views_imports 7768 7656 Database down
DEBUG 2025-05-01 04:48:47,665 views 6868 9636 Debug message
INFO 2025-05-01 04:48:47,665 views 6868 9636 User logged in
WARNING 2025-05-01 04:48:47,666 views 6868 9636 API response slow
ERROR 2025-05-01 04:48:47,666 views 6868 9636 Payment failed
CRITICAL 2025-05-01 04:48:47,667 views 6868 9636 Database down
DEBUG 2025-05-01 04:48:47,724 accounts_views_imports 6868 9636 Debug message
INFO 2025-05-01 04:48:47,725 accounts_views_imports 6868 9636 User logged in
WARNING 2025-05-01 04:48:47,726 accounts_views_imports 6868 9636 API response slow
ERROR 2025-05-01 04:48:47,726 accounts_views_imports 6868 9636 Payment failed
CRITICAL 2025-05-01 04:48:47,727 accounts_views_imports 6868 9636 Database down
DEBUG 2025-05-01 04:49:07,493 views 9504 10916 Debug message
INFO 2025-05-01 04:49:07,493 views 9504 10916 User logged in
WARNING 2025-05-01 04:49:07,494 views 9504 10916 API response slow
ERROR 2025-05-01 04:49:07,494 views 9504 10916 Payment failed
CRITICAL 2025-05-01 04:49:07,495 views 9504 10916 Database down
DEBUG 2025-05-01 04:49:07,515 accounts_views_imports 9504 10916 Debug message
INFO 2025-05-01 04:49:07,516 accounts_views_imports 9504 10916 User logged in
WARNING 2025-05-01 04:49:07,516 accounts_views_imports 9504 10916 API response slow
ERROR 2025-05-01 04:49:07,517 accounts_views_imports 9504 10916 Payment failed
CRITICAL 2025-05-01 04:49:07,517 accounts_views_imports 9504 10916 Database down
DEBUG 2025-05-01 04:49:13,999 views 7612 5948 Debug message
INFO 2025-05-01 04:49:14,000 views 7612 5948 User logged in
WARNING 2025-05-01 04:49:14,000 views 7612 5948 API response slow
ERROR 2025-05-01 04:49:14,001 views 7612 5948 Payment failed
CRITICAL 2025-05-01 04:49:14,001 views 7612 5948 Database down
DEBUG 2025-05-01 04:49:14,020 accounts_views_imports 7612 5948 Debug message
INFO 2025-05-01 04:49:14,021 accounts_views_imports 7612 5948 User logged in
WARNING 2025-05-01 04:49:14,022 accounts_views_imports 7612 5948 API response slow
ERROR 2025-05-01 04:49:14,022 accounts_views_imports 7612 5948 Payment failed
CRITICAL 2025-05-01 04:49:14,022 accounts_views_imports 7612 5948 Database down
DEBUG 2025-05-01 04:49:30,544 views 10228 8320 Debug message
INFO 2025-05-01 04:49:30,549 views 10228 8320 User logged in
WARNING 2025-05-01 04:49:30,551 views 10228 8320 API response slow
ERROR 2025-05-01 04:49:30,553 views 10228 8320 Payment failed
CRITICAL 2025-05-01 04:49:30,554 views 10228 8320 Database down
DEBUG 2025-05-01 04:49:30,617 accounts_views_imports 10228 8320 Debug message
INFO 2025-05-01 04:49:30,618 accounts_views_imports 10228 8320 User logged in
WARNING 2025-05-01 04:49:30,619 accounts_views_imports 10228 8320 API response slow
ERROR 2025-05-01 04:49:30,619 accounts_views_imports 10228 8320 Payment failed
CRITICAL 2025-05-01 04:49:30,620 accounts_views_imports 10228 8320 Database down
DEBUG 2025-05-01 04:51:34,417 views 2340 9808 Debug message
INFO 2025-05-01 04:51:34,417 views 2340 9808 User logged in
WARNING 2025-05-01 04:51:34,418 views 2340 9808 API response slow
ERROR 2025-05-01 04:51:34,418 views 2340 9808 Payment failed
CRITICAL 2025-05-01 04:51:34,418 views 2340 9808 Database down
DEBUG 2025-05-01 04:51:34,437 accounts_views_imports 2340 9808 Debug message
INFO 2025-05-01 04:51:34,437 accounts_views_imports 2340 9808 User logged in
WARNING 2025-05-01 04:51:34,438 accounts_views_imports 2340 9808 API response slow
ERROR 2025-05-01 04:51:34,438 accounts_views_imports 2340 9808 Payment failed
CRITICAL 2025-05-01 04:51:34,438 accounts_views_imports 2340 9808 Database down
DEBUG 2025-05-01 04:51:38,337 views 2188 5948 Debug message
INFO 2025-05-01 04:51:38,337 views 2188 5948 User logged in
WARNING 2025-05-01 04:51:38,338 views 2188 5948 API response slow
ERROR 2025-05-01 04:51:38,339 views 2188 5948 Payment failed
CRITICAL 2025-05-01 04:51:38,339 views 2188 5948 Database down
DEBUG 2025-05-01 04:51:38,357 accounts_views_imports 2188 5948 Debug message
INFO 2025-05-01 04:51:38,358 accounts_views_imports 2188 5948 User logged in
WARNING 2025-05-01 04:51:38,358 accounts_views_imports 2188 5948 API response slow
ERROR 2025-05-01 04:51:38,358 accounts_views_imports 2188 5948 Payment failed
CRITICAL 2025-05-01 04:51:38,359 accounts_views_imports 2188 5948 Database down
DEBUG 2025-05-01 04:51:49,865 views 2608 3468 Debug message
INFO 2025-05-01 04:51:49,866 views 2608 3468 User logged in
WARNING 2025-05-01 04:51:49,867 views 2608 3468 API response slow
ERROR 2025-05-01 04:51:49,867 views 2608 3468 Payment failed
CRITICAL 2025-05-01 04:51:49,867 views 2608 3468 Database down
DEBUG 2025-05-01 04:51:49,885 accounts_views_imports 2608 3468 Debug message
INFO 2025-05-01 04:51:49,885 accounts_views_imports 2608 3468 User logged in
WARNING 2025-05-01 04:51:49,886 accounts_views_imports 2608 3468 API response slow
ERROR 2025-05-01 04:51:49,886 accounts_views_imports 2608 3468 Payment failed
CRITICAL 2025-05-01 04:51:49,886 accounts_views_imports 2608 3468 Database down
DEBUG 2025-05-01 04:54:44,537 views 8156 9780 Debug message
INFO 2025-05-01 04:54:44,538 views 8156 9780 User logged in
WARNING 2025-05-01 04:54:44,539 views 8156 9780 API response slow
ERROR 2025-05-01 04:54:44,539 views 8156 9780 Payment failed
CRITICAL 2025-05-01 04:54:44,539 views 8156 9780 Database down
DEBUG 2025-05-01 04:54:44,555 accounts_views_imports 8156 9780 Debug message
INFO 2025-05-01 04:54:44,556 accounts_views_imports 8156 9780 User logged in
WARNING 2025-05-01 04:54:44,556 accounts_views_imports 8156 9780 API response slow
ERROR 2025-05-01 04:54:44,556 accounts_views_imports 8156 9780 Payment failed
CRITICAL 2025-05-01 04:54:44,556 accounts_views_imports 8156 9780 Database down
DEBUG 2025-05-01 04:59:35,601 views 3372 10404 Debug message
INFO 2025-05-01 04:59:35,601 views 3372 10404 User logged in
WARNING 2025-05-01 04:59:35,602 views 3372 10404 API response slow
ERROR 2025-05-01 04:59:35,602 views 3372 10404 Payment failed
CRITICAL 2025-05-01 04:59:35,602 views 3372 10404 Database down
DEBUG 2025-05-01 04:59:35,617 accounts_views_imports 3372 10404 Debug message
INFO 2025-05-01 04:59:35,617 accounts_views_imports 3372 10404 User logged in
WARNING 2025-05-01 04:59:35,618 accounts_views_imports 3372 10404 API response slow
ERROR 2025-05-01 04:59:35,618 accounts_views_imports 3372 10404 Payment failed
CRITICAL 2025-05-01 04:59:35,618 accounts_views_imports 3372 10404 Database down
DEBUG 2025-05-01 05:02:35,450 views 268 6848 Debug message
INFO 2025-05-01 05:02:35,450 views 268 6848 User logged in
WARNING 2025-05-01 05:02:35,452 views 268 6848 API response slow
ERROR 2025-05-01 05:02:35,452 views 268 6848 Payment failed
CRITICAL 2025-05-01 05:02:35,452 views 268 6848 Database down
DEBUG 2025-05-01 05:02:35,467 accounts_views_imports 268 6848 Debug message
INFO 2025-05-01 05:02:35,467 accounts_views_imports 268 6848 User logged in
WARNING 2025-05-01 05:02:35,467 accounts_views_imports 268 6848 API response slow
ERROR 2025-05-01 05:02:35,467 accounts_views_imports 268 6848 Payment failed
CRITICAL 2025-05-01 05:02:35,468 accounts_views_imports 268 6848 Database down
DEBUG 2025-05-01 20:10:34,393 views 5584 4860 Debug message
INFO 2025-05-01 20:10:34,423 views 5584 4860 User logged in
WARNING 2025-05-01 20:10:34,423 views 5584 4860 API response slow
ERROR 2025-05-01 20:10:34,423 views 5584 4860 Payment failed
CRITICAL 2025-05-01 20:10:34,423 views 5584 4860 Database down
DEBUG 2025-05-01 20:10:34,489 accounts_views_imports 5584 4860 Debug message
INFO 2025-05-01 20:10:34,489 accounts_views_imports 5584 4860 User logged in
WARNING 2025-05-01 20:10:34,489 accounts_views_imports 5584 4860 API response slow
ERROR 2025-05-01 20:10:34,489 accounts_views_imports 5584 4860 Payment failed
CRITICAL 2025-05-01 20:10:34,489 accounts_views_imports 5584 4860 Database down
DEBUG 2025-05-01 20:20:10,189 views 9620 8160 Debug message
INFO 2025-05-01 20:20:10,224 views 9620 8160 User logged in
WARNING 2025-05-01 20:20:10,224 views 9620 8160 API response slow
ERROR 2025-05-01 20:20:10,224 views 9620 8160 Payment failed
CRITICAL 2025-05-01 20:20:10,224 views 9620 8160 Database down
DEBUG 2025-05-01 20:20:10,524 accounts_views_imports 9620 8160 Debug message
INFO 2025-05-01 20:20:10,524 accounts_views_imports 9620 8160 User logged in
WARNING 2025-05-01 20:20:10,529 accounts_views_imports 9620 8160 API response slow
ERROR 2025-05-01 20:20:10,529 accounts_views_imports 9620 8160 Payment failed
CRITICAL 2025-05-01 20:20:10,529 accounts_views_imports 9620 8160 Database down
DEBUG 2025-05-01 20:24:05,256 views 8612 7428 Debug message
INFO 2025-05-01 20:24:05,257 views 8612 7428 User logged in
WARNING 2025-05-01 20:24:05,258 views 8612 7428 API response slow
ERROR 2025-05-01 20:24:05,260 views 8612 7428 Payment failed
CRITICAL 2025-05-01 20:24:05,261 views 8612 7428 Database down
DEBUG 2025-05-01 20:24:05,297 accounts_views_imports 8612 7428 Debug message
INFO 2025-05-01 20:24:05,298 accounts_views_imports 8612 7428 User logged in
WARNING 2025-05-01 20:24:05,299 accounts_views_imports 8612 7428 API response slow
ERROR 2025-05-01 20:24:05,301 accounts_views_imports 8612 7428 Payment failed
CRITICAL 2025-05-01 20:24:05,302 accounts_views_imports 8612 7428 Database down
DEBUG 2025-05-01 20:51:57,106 views 7508 1924 Debug message
INFO 2025-05-01 20:51:57,106 views 7508 1924 User logged in
WARNING 2025-05-01 20:51:57,107 views 7508 1924 API response slow
ERROR 2025-05-01 20:51:57,107 views 7508 1924 Payment failed
CRITICAL 2025-05-01 20:51:57,107 views 7508 1924 Database down
DEBUG 2025-05-01 20:51:57,122 accounts_views_imports 7508 1924 Debug message
INFO 2025-05-01 20:51:57,123 accounts_views_imports 7508 1924 User logged in
WARNING 2025-05-01 20:51:57,124 accounts_views_imports 7508 1924 API response slow
ERROR 2025-05-01 20:51:57,124 accounts_views_imports 7508 1924 Payment failed
CRITICAL 2025-05-01 20:51:57,124 accounts_views_imports 7508 1924 Database down
DEBUG 2025-05-01 21:04:39,527 views 3592 2080 Debug message
INFO 2025-05-01 21:04:39,531 views 3592 2080 User logged in
WARNING 2025-05-01 21:04:39,532 views 3592 2080 API response slow
ERROR 2025-05-01 21:04:39,533 views 3592 2080 Payment failed
CRITICAL 2025-05-01 21:04:39,534 views 3592 2080 Database down
DEBUG 2025-05-01 21:04:39,555 accounts_views_imports 3592 2080 Debug message
INFO 2025-05-01 21:04:39,555 accounts_views_imports 3592 2080 User logged in
WARNING 2025-05-01 21:04:39,557 accounts_views_imports 3592 2080 API response slow
ERROR 2025-05-01 21:04:39,557 accounts_views_imports 3592 2080 Payment failed
CRITICAL 2025-05-01 21:04:39,559 accounts_views_imports 3592 2080 Database down
DEBUG 2025-05-02 00:07:10,809 views 12204 3680 Debug message
INFO 2025-05-02 00:07:10,825 views 12204 3680 User logged in
WARNING 2025-05-02 00:07:10,825 views 12204 3680 API response slow
ERROR 2025-05-02 00:07:10,825 views 12204 3680 Payment failed
CRITICAL 2025-05-02 00:07:10,825 views 12204 3680 Database down
DEBUG 2025-05-02 00:07:10,934 accounts_views_imports 12204 3680 Debug message
INFO 2025-05-02 00:07:10,934 accounts_views_imports 12204 3680 User logged in
WARNING 2025-05-02 00:07:10,934 accounts_views_imports 12204 3680 API response slow
ERROR 2025-05-02 00:07:10,934 accounts_views_imports 12204 3680 Payment failed
CRITICAL 2025-05-02 00:07:10,949 accounts_views_imports 12204 3680 Database down
DEBUG 2025-05-02 00:10:06,045 views 2620 4112 Debug message
INFO 2025-05-02 00:10:06,046 views 2620 4112 User logged in
WARNING 2025-05-02 00:10:06,051 views 2620 4112 API response slow
ERROR 2025-05-02 00:10:06,052 views 2620 4112 Payment failed
CRITICAL 2025-05-02 00:10:06,053 views 2620 4112 Database down
DEBUG 2025-05-02 00:10:06,074 accounts_views_imports 2620 4112 Debug message
INFO 2025-05-02 00:10:06,075 accounts_views_imports 2620 4112 User logged in
WARNING 2025-05-02 00:10:06,076 accounts_views_imports 2620 4112 API response slow
ERROR 2025-05-02 00:10:06,077 accounts_views_imports 2620 4112 Payment failed
CRITICAL 2025-05-02 00:10:06,077 accounts_views_imports 2620 4112 Database down
DEBUG 2025-05-02 00:10:27,916 views 11252 6684 Debug message
INFO 2025-05-02 00:10:27,917 views 11252 6684 User logged in
WARNING 2025-05-02 00:10:27,918 views 11252 6684 API response slow
ERROR 2025-05-02 00:10:27,920 views 11252 6684 Payment failed
CRITICAL 2025-05-02 00:10:27,921 views 11252 6684 Database down
DEBUG 2025-05-02 00:10:27,936 accounts_views_imports 11252 6684 Debug message
INFO 2025-05-02 00:10:27,937 accounts_views_imports 11252 6684 User logged in
WARNING 2025-05-02 00:10:27,937 accounts_views_imports 11252 6684 API response slow
ERROR 2025-05-02 00:10:27,939 accounts_views_imports 11252 6684 Payment failed
CRITICAL 2025-05-02 00:10:27,940 accounts_views_imports 11252 6684 Database down
DEBUG 2025-05-02 00:11:09,026 views 8176 9360 Debug message
INFO 2025-05-02 00:11:09,026 views 8176 9360 User logged in
WARNING 2025-05-02 00:11:09,026 views 8176 9360 API response slow
ERROR 2025-05-02 00:11:09,026 views 8176 9360 Payment failed
CRITICAL 2025-05-02 00:11:09,026 views 8176 9360 Database down
DEBUG 2025-05-02 00:11:09,042 accounts_views_imports 8176 9360 Debug message
INFO 2025-05-02 00:11:09,042 accounts_views_imports 8176 9360 User logged in
WARNING 2025-05-02 00:11:09,042 accounts_views_imports 8176 9360 API response slow
ERROR 2025-05-02 00:11:09,042 accounts_views_imports 8176 9360 Payment failed
CRITICAL 2025-05-02 00:11:09,042 accounts_views_imports 8176 9360 Database down
DEBUG 2025-05-02 00:15:10,352 views 2432 11196 Debug message
INFO 2025-05-02 00:15:10,352 views 2432 11196 User logged in
WARNING 2025-05-02 00:15:10,353 views 2432 11196 API response slow
ERROR 2025-05-02 00:15:10,355 views 2432 11196 Payment failed
CRITICAL 2025-05-02 00:15:10,355 views 2432 11196 Database down
DEBUG 2025-05-02 00:15:10,387 accounts_views_imports 2432 11196 Debug message
INFO 2025-05-02 00:15:10,387 accounts_views_imports 2432 11196 User logged in
WARNING 2025-05-02 00:15:10,389 accounts_views_imports 2432 11196 API response slow
ERROR 2025-05-02 00:15:10,391 accounts_views_imports 2432 11196 Payment failed
CRITICAL 2025-05-02 00:15:10,392 accounts_views_imports 2432 11196 Database down
DEBUG 2025-05-02 00:20:59,064 views 7368 1268 Debug message
INFO 2025-05-02 00:20:59,064 views 7368 1268 User logged in
WARNING 2025-05-02 00:20:59,066 views 7368 1268 API response slow
ERROR 2025-05-02 00:20:59,067 views 7368 1268 Payment failed
CRITICAL 2025-05-02 00:20:59,068 views 7368 1268 Database down
DEBUG 2025-05-02 00:20:59,084 accounts_views_imports 7368 1268 Debug message
INFO 2025-05-02 00:20:59,085 accounts_views_imports 7368 1268 User logged in
WARNING 2025-05-02 00:20:59,086 accounts_views_imports 7368 1268 API response slow
ERROR 2025-05-02 00:20:59,086 accounts_views_imports 7368 1268 Payment failed
CRITICAL 2025-05-02 00:20:59,087 accounts_views_imports 7368 1268 Database down
DEBUG 2025-05-02 00:21:15,702 views 10656 10776 Debug message
INFO 2025-05-02 00:21:15,704 views 10656 10776 User logged in
WARNING 2025-05-02 00:21:15,706 views 10656 10776 API response slow
ERROR 2025-05-02 00:21:15,706 views 10656 10776 Payment failed
CRITICAL 2025-05-02 00:21:15,707 views 10656 10776 Database down
DEBUG 2025-05-02 00:21:15,727 accounts_views_imports 10656 10776 Debug message
INFO 2025-05-02 00:21:15,728 accounts_views_imports 10656 10776 User logged in
WARNING 2025-05-02 00:21:15,729 accounts_views_imports 10656 10776 API response slow
ERROR 2025-05-02 00:21:15,729 accounts_views_imports 10656 10776 Payment failed
CRITICAL 2025-05-02 00:21:15,730 accounts_views_imports 10656 10776 Database down
DEBUG 2025-05-02 00:21:25,862 views 10924 11456 Debug message
INFO 2025-05-02 00:21:25,862 views 10924 11456 User logged in
WARNING 2025-05-02 00:21:25,863 views 10924 11456 API response slow
ERROR 2025-05-02 00:21:25,865 views 10924 11456 Payment failed
CRITICAL 2025-05-02 00:21:25,866 views 10924 11456 Database down
DEBUG 2025-05-02 00:21:25,886 accounts_views_imports 10924 11456 Debug message
INFO 2025-05-02 00:21:25,886 accounts_views_imports 10924 11456 User logged in
WARNING 2025-05-02 00:21:25,887 accounts_views_imports 10924 11456 API response slow
ERROR 2025-05-02 00:21:25,888 accounts_views_imports 10924 11456 Payment failed
CRITICAL 2025-05-02 00:21:25,889 accounts_views_imports 10924 11456 Database down
DEBUG 2025-05-02 00:21:32,463 views 11656 11976 Debug message
INFO 2025-05-02 00:21:32,463 views 11656 11976 User logged in
WARNING 2025-05-02 00:21:32,464 views 11656 11976 API response slow
ERROR 2025-05-02 00:21:32,466 views 11656 11976 Payment failed
CRITICAL 2025-05-02 00:21:32,468 views 11656 11976 Database down
DEBUG 2025-05-02 00:21:32,484 accounts_views_imports 11656 11976 Debug message
INFO 2025-05-02 00:21:32,485 accounts_views_imports 11656 11976 User logged in
WARNING 2025-05-02 00:21:32,486 accounts_views_imports 11656 11976 API response slow
ERROR 2025-05-02 00:21:32,488 accounts_views_imports 11656 11976 Payment failed
CRITICAL 2025-05-02 00:21:32,488 accounts_views_imports 11656 11976 Database down
DEBUG 2025-05-02 00:24:16,736 views 2568 1292 Debug message
INFO 2025-05-02 00:24:16,736 views 2568 1292 User logged in
WARNING 2025-05-02 00:24:16,738 views 2568 1292 API response slow
ERROR 2025-05-02 00:24:16,739 views 2568 1292 Payment failed
CRITICAL 2025-05-02 00:24:16,740 views 2568 1292 Database down
DEBUG 2025-05-02 00:24:16,758 accounts_views_imports 2568 1292 Debug message
INFO 2025-05-02 00:24:16,758 accounts_views_imports 2568 1292 User logged in
WARNING 2025-05-02 00:24:16,759 accounts_views_imports 2568 1292 API response slow
ERROR 2025-05-02 00:24:16,761 accounts_views_imports 2568 1292 Payment failed
CRITICAL 2025-05-02 00:24:16,762 accounts_views_imports 2568 1292 Database down
DEBUG 2025-05-02 00:26:21,507 views 3460 11756 Debug message
INFO 2025-05-02 00:26:21,507 views 3460 11756 User logged in
WARNING 2025-05-02 00:26:21,508 views 3460 11756 API response slow
ERROR 2025-05-02 00:26:21,510 views 3460 11756 Payment failed
CRITICAL 2025-05-02 00:26:21,511 views 3460 11756 Database down
DEBUG 2025-05-02 00:26:21,529 accounts_views_imports 3460 11756 Debug message
INFO 2025-05-02 00:26:21,529 accounts_views_imports 3460 11756 User logged in
WARNING 2025-05-02 00:26:21,530 accounts_views_imports 3460 11756 API response slow
ERROR 2025-05-02 00:26:21,532 accounts_views_imports 3460 11756 Payment failed
CRITICAL 2025-05-02 00:26:21,534 accounts_views_imports 3460 11756 Database down
DEBUG 2025-05-02 00:30:47,300 views 11116 6804 Debug message
INFO 2025-05-02 00:30:47,301 views 11116 6804 User logged in
WARNING 2025-05-02 00:30:47,301 views 11116 6804 API response slow
ERROR 2025-05-02 00:30:47,301 views 11116 6804 Payment failed
CRITICAL 2025-05-02 00:30:47,301 views 11116 6804 Database down
DEBUG 2025-05-02 00:30:47,318 accounts_views_imports 11116 6804 Debug message
INFO 2025-05-02 00:30:47,318 accounts_views_imports 11116 6804 User logged in
WARNING 2025-05-02 00:30:47,318 accounts_views_imports 11116 6804 API response slow
ERROR 2025-05-02 00:30:47,318 accounts_views_imports 11116 6804 Payment failed
CRITICAL 2025-05-02 00:30:47,318 accounts_views_imports 11116 6804 Database down
DEBUG 2025-05-02 00:31:28,877 views 7680 10364 Debug message
INFO 2025-05-02 00:31:28,878 views 7680 10364 User logged in
WARNING 2025-05-02 00:31:28,879 views 7680 10364 API response slow
ERROR 2025-05-02 00:31:28,882 views 7680 10364 Payment failed
CRITICAL 2025-05-02 00:31:28,883 views 7680 10364 Database down
DEBUG 2025-05-02 00:31:28,901 accounts_views_imports 7680 10364 Debug message
INFO 2025-05-02 00:31:28,901 accounts_views_imports 7680 10364 User logged in
WARNING 2025-05-02 00:31:28,902 accounts_views_imports 7680 10364 API response slow
ERROR 2025-05-02 00:31:28,905 accounts_views_imports 7680 10364 Payment failed
CRITICAL 2025-05-02 00:31:28,906 accounts_views_imports 7680 10364 Database down
DEBUG 2025-05-02 00:32:16,409 views 11004 10200 Debug message
INFO 2025-05-02 00:32:16,409 views 11004 10200 User logged in
WARNING 2025-05-02 00:32:16,411 views 11004 10200 API response slow
ERROR 2025-05-02 00:32:16,412 views 11004 10200 Payment failed
CRITICAL 2025-05-02 00:32:16,414 views 11004 10200 Database down
DEBUG 2025-05-02 00:32:16,433 accounts_views_imports 11004 10200 Debug message
INFO 2025-05-02 00:32:16,434 accounts_views_imports 11004 10200 User logged in
WARNING 2025-05-02 00:32:16,435 accounts_views_imports 11004 10200 API response slow
ERROR 2025-05-02 00:32:16,436 accounts_views_imports 11004 10200 Payment failed
CRITICAL 2025-05-02 00:32:16,436 accounts_views_imports 11004 10200 Database down
DEBUG 2025-05-02 00:33:29,331 views 10484 11592 Debug message
INFO 2025-05-02 00:33:29,331 views 10484 11592 User logged in
WARNING 2025-05-02 00:33:29,331 views 10484 11592 API response slow
ERROR 2025-05-02 00:33:29,331 views 10484 11592 Payment failed
CRITICAL 2025-05-02 00:33:29,331 views 10484 11592 Database down
DEBUG 2025-05-02 00:33:29,347 accounts_views_imports 10484 11592 Debug message
INFO 2025-05-02 00:33:29,347 accounts_views_imports 10484 11592 User logged in
WARNING 2025-05-02 00:33:29,347 accounts_views_imports 10484 11592 API response slow
ERROR 2025-05-02 00:33:29,347 accounts_views_imports 10484 11592 Payment failed
CRITICAL 2025-05-02 00:33:29,362 accounts_views_imports 10484 11592 Database down
DEBUG 2025-05-02 00:40:20,976 views 3000 4980 Debug message
INFO 2025-05-02 00:40:20,976 views 3000 4980 User logged in
WARNING 2025-05-02 00:40:20,976 views 3000 4980 API response slow
ERROR 2025-05-02 00:40:20,976 views 3000 4980 Payment failed
CRITICAL 2025-05-02 00:40:20,976 views 3000 4980 Database down
DEBUG 2025-05-02 00:40:20,992 accounts_views_imports 3000 4980 Debug message
INFO 2025-05-02 00:40:20,992 accounts_views_imports 3000 4980 User logged in
WARNING 2025-05-02 00:40:20,992 accounts_views_imports 3000 4980 API response slow
ERROR 2025-05-02 00:40:20,992 accounts_views_imports 3000 4980 Payment failed
CRITICAL 2025-05-02 00:40:20,992 accounts_views_imports 3000 4980 Database down
DEBUG 2025-05-02 00:41:34,055 views 10896 5392 Debug message
INFO 2025-05-02 00:41:34,055 views 10896 5392 User logged in
WARNING 2025-05-02 00:41:34,055 views 10896 5392 API response slow
ERROR 2025-05-02 00:41:34,055 views 10896 5392 Payment failed
CRITICAL 2025-05-02 00:41:34,055 views 10896 5392 Database down
DEBUG 2025-05-02 00:41:34,071 accounts_views_imports 10896 5392 Debug message
INFO 2025-05-02 00:41:34,071 accounts_views_imports 10896 5392 User logged in
WARNING 2025-05-02 00:41:34,071 accounts_views_imports 10896 5392 API response slow
ERROR 2025-05-02 00:41:34,071 accounts_views_imports 10896 5392 Payment failed
CRITICAL 2025-05-02 00:41:34,071 accounts_views_imports 10896 5392 Database down
DEBUG 2025-05-02 00:44:04,976 views 8208 4308 Debug message
INFO 2025-05-02 00:44:04,976 views 8208 4308 User logged in
WARNING 2025-05-02 00:44:04,976 views 8208 4308 API response slow
ERROR 2025-05-02 00:44:04,976 views 8208 4308 Payment failed
CRITICAL 2025-05-02 00:44:04,976 views 8208 4308 Database down
DEBUG 2025-05-02 00:44:05,007 accounts_views_imports 8208 4308 Debug message
INFO 2025-05-02 00:44:05,007 accounts_views_imports 8208 4308 User logged in
WARNING 2025-05-02 00:44:05,007 accounts_views_imports 8208 4308 API response slow
ERROR 2025-05-02 00:44:05,007 accounts_views_imports 8208 4308 Payment failed
CRITICAL 2025-05-02 00:44:05,016 accounts_views_imports 8208 4308 Database down
DEBUG 2025-05-02 00:45:07,993 views 2524 10868 Debug message
INFO 2025-05-02 00:45:07,993 views 2524 10868 User logged in
WARNING 2025-05-02 00:45:07,993 views 2524 10868 API response slow
ERROR 2025-05-02 00:45:07,993 views 2524 10868 Payment failed
CRITICAL 2025-05-02 00:45:07,993 views 2524 10868 Database down
DEBUG 2025-05-02 00:45:08,009 accounts_views_imports 2524 10868 Debug message
INFO 2025-05-02 00:45:08,009 accounts_views_imports 2524 10868 User logged in
WARNING 2025-05-02 00:45:08,009 accounts_views_imports 2524 10868 API response slow
ERROR 2025-05-02 00:45:08,009 accounts_views_imports 2524 10868 Payment failed
CRITICAL 2025-05-02 00:45:08,009 accounts_views_imports 2524 10868 Database down
DEBUG 2025-05-02 00:45:51,286 views 6128 6680 Debug message
INFO 2025-05-02 00:45:51,286 views 6128 6680 User logged in
WARNING 2025-05-02 00:45:51,286 views 6128 6680 API response slow
ERROR 2025-05-02 00:45:51,302 views 6128 6680 Payment failed
CRITICAL 2025-05-02 00:45:51,302 views 6128 6680 Database down
DEBUG 2025-05-02 00:45:51,318 accounts_views_imports 6128 6680 Debug message
INFO 2025-05-02 00:45:51,318 accounts_views_imports 6128 6680 User logged in
WARNING 2025-05-02 00:45:51,318 accounts_views_imports 6128 6680 API response slow
ERROR 2025-05-02 00:45:51,318 accounts_views_imports 6128 6680 Payment failed
CRITICAL 2025-05-02 00:45:51,318 accounts_views_imports 6128 6680 Database down
DEBUG 2025-05-02 00:47:51,319 views 11340 11348 Debug message
INFO 2025-05-02 00:47:51,319 views 11340 11348 User logged in
WARNING 2025-05-02 00:47:51,319 views 11340 11348 API response slow
ERROR 2025-05-02 00:47:51,319 views 11340 11348 Payment failed
CRITICAL 2025-05-02 00:47:51,319 views 11340 11348 Database down
DEBUG 2025-05-02 00:47:51,335 accounts_views_imports 11340 11348 Debug message
INFO 2025-05-02 00:47:51,335 accounts_views_imports 11340 11348 User logged in
WARNING 2025-05-02 00:47:51,335 accounts_views_imports 11340 11348 API response slow
ERROR 2025-05-02 00:47:51,335 accounts_views_imports 11340 11348 Payment failed
CRITICAL 2025-05-02 00:47:51,335 accounts_views_imports 11340 11348 Database down
DEBUG 2025-05-02 00:49:30,038 views 2196 9592 Debug message
INFO 2025-05-02 00:49:30,038 views 2196 9592 User logged in
WARNING 2025-05-02 00:49:30,040 views 2196 9592 API response slow
ERROR 2025-05-02 00:49:30,041 views 2196 9592 Payment failed
CRITICAL 2025-05-02 00:49:30,042 views 2196 9592 Database down
DEBUG 2025-05-02 00:49:30,058 accounts_views_imports 2196 9592 Debug message
INFO 2025-05-02 00:49:30,059 accounts_views_imports 2196 9592 User logged in
WARNING 2025-05-02 00:49:30,060 accounts_views_imports 2196 9592 API response slow
ERROR 2025-05-02 00:49:30,061 accounts_views_imports 2196 9592 Payment failed
CRITICAL 2025-05-02 00:49:30,062 accounts_views_imports 2196 9592 Database down
DEBUG 2025-05-02 00:49:59,790 views 2688 2788 Debug message
INFO 2025-05-02 00:49:59,790 views 2688 2788 User logged in
WARNING 2025-05-02 00:49:59,805 views 2688 2788 API response slow
ERROR 2025-05-02 00:49:59,805 views 2688 2788 Payment failed
CRITICAL 2025-05-02 00:49:59,805 views 2688 2788 Database down
DEBUG 2025-05-02 00:49:59,821 accounts_views_imports 2688 2788 Debug message
INFO 2025-05-02 00:49:59,821 accounts_views_imports 2688 2788 User logged in
WARNING 2025-05-02 00:49:59,821 accounts_views_imports 2688 2788 API response slow
ERROR 2025-05-02 00:49:59,821 accounts_views_imports 2688 2788 Payment failed
CRITICAL 2025-05-02 00:49:59,821 accounts_views_imports 2688 2788 Database down
DEBUG 2025-05-02 00:50:04,799 views 7672 5364 Debug message
INFO 2025-05-02 00:50:04,799 views 7672 5364 User logged in
WARNING 2025-05-02 00:50:04,799 views 7672 5364 API response slow
ERROR 2025-05-02 00:50:04,799 views 7672 5364 Payment failed
CRITICAL 2025-05-02 00:50:04,799 views 7672 5364 Database down
DEBUG 2025-05-02 00:50:04,815 accounts_views_imports 7672 5364 Debug message
INFO 2025-05-02 00:50:04,815 accounts_views_imports 7672 5364 User logged in
WARNING 2025-05-02 00:50:04,815 accounts_views_imports 7672 5364 API response slow
ERROR 2025-05-02 00:50:04,815 accounts_views_imports 7672 5364 Payment failed
CRITICAL 2025-05-02 00:50:04,830 accounts_views_imports 7672 5364 Database down
DEBUG 2025-05-02 00:50:11,198 views 1532 3172 Debug message
INFO 2025-05-02 00:50:11,198 views 1532 3172 User logged in
WARNING 2025-05-02 00:50:11,198 views 1532 3172 API response slow
ERROR 2025-05-02 00:50:11,214 views 1532 3172 Payment failed
CRITICAL 2025-05-02 00:50:11,214 views 1532 3172 Database down
DEBUG 2025-05-02 00:50:11,229 accounts_views_imports 1532 3172 Debug message
INFO 2025-05-02 00:50:11,229 accounts_views_imports 1532 3172 User logged in
WARNING 2025-05-02 00:50:11,229 accounts_views_imports 1532 3172 API response slow
ERROR 2025-05-02 00:50:11,229 accounts_views_imports 1532 3172 Payment failed
CRITICAL 2025-05-02 00:50:11,229 accounts_views_imports 1532 3172 Database down
DEBUG 2025-05-02 00:50:58,192 views 10864 6120 Debug message
INFO 2025-05-02 00:50:58,192 views 10864 6120 User logged in
WARNING 2025-05-02 00:50:58,208 views 10864 6120 API response slow
ERROR 2025-05-02 00:50:58,208 views 10864 6120 Payment failed
CRITICAL 2025-05-02 00:50:58,208 views 10864 6120 Database down
DEBUG 2025-05-02 00:50:58,224 accounts_views_imports 10864 6120 Debug message
INFO 2025-05-02 00:50:58,224 accounts_views_imports 10864 6120 User logged in
WARNING 2025-05-02 00:50:58,224 accounts_views_imports 10864 6120 API response slow
ERROR 2025-05-02 00:50:58,224 accounts_views_imports 10864 6120 Payment failed
CRITICAL 2025-05-02 00:50:58,224 accounts_views_imports 10864 6120 Database down
DEBUG 2025-05-02 00:56:32,667 views 9480 2392 Debug message
INFO 2025-05-02 00:56:32,667 views 9480 2392 User logged in
WARNING 2025-05-02 00:56:32,668 views 9480 2392 API response slow
ERROR 2025-05-02 00:56:32,672 views 9480 2392 Payment failed
CRITICAL 2025-05-02 00:56:32,672 views 9480 2392 Database down
DEBUG 2025-05-02 00:56:32,690 accounts_views_imports 9480 2392 Debug message
INFO 2025-05-02 00:56:32,690 accounts_views_imports 9480 2392 User logged in
WARNING 2025-05-02 00:56:32,691 accounts_views_imports 9480 2392 API response slow
ERROR 2025-05-02 00:56:32,691 accounts_views_imports 9480 2392 Payment failed
CRITICAL 2025-05-02 00:56:32,692 accounts_views_imports 9480 2392 Database down
DEBUG 2025-05-02 00:58:26,737 views 9220 10864 Debug message
INFO 2025-05-02 00:58:26,737 views 9220 10864 User logged in
WARNING 2025-05-02 00:58:26,737 views 9220 10864 API response slow
ERROR 2025-05-02 00:58:26,737 views 9220 10864 Payment failed
CRITICAL 2025-05-02 00:58:26,737 views 9220 10864 Database down
DEBUG 2025-05-02 00:58:26,754 accounts_views_imports 9220 10864 Debug message
INFO 2025-05-02 00:58:26,754 accounts_views_imports 9220 10864 User logged in
WARNING 2025-05-02 00:58:26,770 accounts_views_imports 9220 10864 API response slow
ERROR 2025-05-02 00:58:26,770 accounts_views_imports 9220 10864 Payment failed
CRITICAL 2025-05-02 00:58:26,770 accounts_views_imports 9220 10864 Database down
DEBUG 2025-05-02 01:00:27,103 views 8180 4836 Debug message
INFO 2025-05-02 01:00:27,103 views 8180 4836 User logged in
WARNING 2025-05-02 01:00:27,103 views 8180 4836 API response slow
ERROR 2025-05-02 01:00:27,104 views 8180 4836 Payment failed
CRITICAL 2025-05-02 01:00:27,104 views 8180 4836 Database down
DEBUG 2025-05-02 01:00:27,117 accounts_views_imports 8180 4836 Debug message
INFO 2025-05-02 01:00:27,118 accounts_views_imports 8180 4836 User logged in
WARNING 2025-05-02 01:00:27,118 accounts_views_imports 8180 4836 API response slow
ERROR 2025-05-02 01:00:27,118 accounts_views_imports 8180 4836 Payment failed
CRITICAL 2025-05-02 01:00:27,118 accounts_views_imports 8180 4836 Database down
DEBUG 2025-05-02 01:03:07,115 views 7252 4696 Debug message
INFO 2025-05-02 01:03:07,115 views 7252 4696 User logged in
WARNING 2025-05-02 01:03:07,117 views 7252 4696 API response slow
ERROR 2025-05-02 01:03:07,119 views 7252 4696 Payment failed
CRITICAL 2025-05-02 01:03:07,120 views 7252 4696 Database down
DEBUG 2025-05-02 01:03:07,141 accounts_views_imports 7252 4696 Debug message
INFO 2025-05-02 01:03:07,142 accounts_views_imports 7252 4696 User logged in
WARNING 2025-05-02 01:03:07,143 accounts_views_imports 7252 4696 API response slow
ERROR 2025-05-02 01:03:07,144 accounts_views_imports 7252 4696 Payment failed
CRITICAL 2025-05-02 01:03:07,144 accounts_views_imports 7252 4696 Database down
DEBUG 2025-05-02 01:04:44,607 views 10076 264 Debug message
INFO 2025-05-02 01:04:44,607 views 10076 264 User logged in
WARNING 2025-05-02 01:04:44,608 views 10076 264 API response slow
ERROR 2025-05-02 01:04:44,609 views 10076 264 Payment failed
CRITICAL 2025-05-02 01:04:44,609 views 10076 264 Database down
DEBUG 2025-05-02 01:04:44,625 accounts_views_imports 10076 264 Debug message
INFO 2025-05-02 01:04:44,625 accounts_views_imports 10076 264 User logged in
WARNING 2025-05-02 01:04:44,626 accounts_views_imports 10076 264 API response slow
ERROR 2025-05-02 01:04:44,627 accounts_views_imports 10076 264 Payment failed
CRITICAL 2025-05-02 01:04:44,628 accounts_views_imports 10076 264 Database down
DEBUG 2025-05-02 01:22:23,653 views 1348 9532 Debug message
INFO 2025-05-02 01:22:23,653 views 1348 9532 User logged in
WARNING 2025-05-02 01:22:23,653 views 1348 9532 API response slow
ERROR 2025-05-02 01:22:23,653 views 1348 9532 Payment failed
CRITICAL 2025-05-02 01:22:23,663 views 1348 9532 Database down
DEBUG 2025-05-02 01:22:23,673 accounts_views_imports 1348 9532 Debug message
INFO 2025-05-02 01:22:23,673 accounts_views_imports 1348 9532 User logged in
WARNING 2025-05-02 01:22:23,673 accounts_views_imports 1348 9532 API response slow
ERROR 2025-05-02 01:22:23,685 accounts_views_imports 1348 9532 Payment failed
CRITICAL 2025-05-02 01:22:23,687 accounts_views_imports 1348 9532 Database down
DEBUG 2025-05-02 01:24:33,453 views 5220 7232 Debug message
INFO 2025-05-02 01:24:33,454 views 5220 7232 User logged in
WARNING 2025-05-02 01:24:33,455 views 5220 7232 API response slow
ERROR 2025-05-02 01:24:33,457 views 5220 7232 Payment failed
CRITICAL 2025-05-02 01:24:33,458 views 5220 7232 Database down
DEBUG 2025-05-02 01:24:33,475 accounts_views_imports 5220 7232 Debug message
INFO 2025-05-02 01:24:33,476 accounts_views_imports 5220 7232 User logged in
WARNING 2025-05-02 01:24:33,476 accounts_views_imports 5220 7232 API response slow
ERROR 2025-05-02 01:24:33,478 accounts_views_imports 5220 7232 Payment failed
CRITICAL 2025-05-02 01:24:33,479 accounts_views_imports 5220 7232 Database down
DEBUG 2025-05-02 01:25:54,383 views 4164 12128 Debug message
INFO 2025-05-02 01:25:54,383 views 4164 12128 User logged in
WARNING 2025-05-02 01:25:54,383 views 4164 12128 API response slow
ERROR 2025-05-02 01:25:54,383 views 4164 12128 Payment failed
CRITICAL 2025-05-02 01:25:54,393 views 4164 12128 Database down
DEBUG 2025-05-02 01:25:54,403 accounts_views_imports 4164 12128 Debug message
INFO 2025-05-02 01:25:54,403 accounts_views_imports 4164 12128 User logged in
WARNING 2025-05-02 01:25:54,403 accounts_views_imports 4164 12128 API response slow
ERROR 2025-05-02 01:25:54,403 accounts_views_imports 4164 12128 Payment failed
CRITICAL 2025-05-02 01:25:54,403 accounts_views_imports 4164 12128 Database down
DEBUG 2025-05-02 01:27:01,128 views 7256 7464 Debug message
INFO 2025-05-02 01:27:01,128 views 7256 7464 User logged in
WARNING 2025-05-02 01:27:01,130 views 7256 7464 API response slow
ERROR 2025-05-02 01:27:01,130 views 7256 7464 Payment failed
CRITICAL 2025-05-02 01:27:01,133 views 7256 7464 Database down
DEBUG 2025-05-02 01:27:01,149 accounts_views_imports 7256 7464 Debug message
INFO 2025-05-02 01:27:01,149 accounts_views_imports 7256 7464 User logged in
WARNING 2025-05-02 01:27:01,150 accounts_views_imports 7256 7464 API response slow
ERROR 2025-05-02 01:27:01,153 accounts_views_imports 7256 7464 Payment failed
CRITICAL 2025-05-02 01:27:01,154 accounts_views_imports 7256 7464 Database down
DEBUG 2025-05-02 01:33:29,330 views 8264 6288 Debug message
INFO 2025-05-02 01:33:29,330 views 8264 6288 User logged in
WARNING 2025-05-02 01:33:29,331 views 8264 6288 API response slow
ERROR 2025-05-02 01:33:29,333 views 8264 6288 Payment failed
CRITICAL 2025-05-02 01:33:29,334 views 8264 6288 Database down
DEBUG 2025-05-02 01:33:29,350 accounts_views_imports 8264 6288 Debug message
INFO 2025-05-02 01:33:29,351 accounts_views_imports 8264 6288 User logged in
WARNING 2025-05-02 01:33:29,352 accounts_views_imports 8264 6288 API response slow
ERROR 2025-05-02 01:33:29,353 accounts_views_imports 8264 6288 Payment failed
CRITICAL 2025-05-02 01:33:29,354 accounts_views_imports 8264 6288 Database down
DEBUG 2025-05-02 01:38:36,584 views 12064 3176 Debug message
INFO 2025-05-02 01:38:36,585 views 12064 3176 User logged in
WARNING 2025-05-02 01:38:36,586 views 12064 3176 API response slow
ERROR 2025-05-02 01:38:36,588 views 12064 3176 Payment failed
CRITICAL 2025-05-02 01:38:36,589 views 12064 3176 Database down
DEBUG 2025-05-02 01:38:36,607 accounts_views_imports 12064 3176 Debug message
INFO 2025-05-02 01:38:36,608 accounts_views_imports 12064 3176 User logged in
WARNING 2025-05-02 01:38:36,609 accounts_views_imports 12064 3176 API response slow
ERROR 2025-05-02 01:38:36,612 accounts_views_imports 12064 3176 Payment failed
CRITICAL 2025-05-02 01:38:36,612 accounts_views_imports 12064 3176 Database down
DEBUG 2025-05-02 01:51:59,528 views 1348 12180 Debug message
INFO 2025-05-02 01:51:59,528 views 1348 12180 User logged in
WARNING 2025-05-02 01:51:59,530 views 1348 12180 API response slow
ERROR 2025-05-02 01:51:59,530 views 1348 12180 Payment failed
CRITICAL 2025-05-02 01:51:59,530 views 1348 12180 Database down
DEBUG 2025-05-02 01:51:59,549 accounts_views_imports 1348 12180 Debug message
INFO 2025-05-02 01:51:59,549 accounts_views_imports 1348 12180 User logged in
WARNING 2025-05-02 01:51:59,549 accounts_views_imports 1348 12180 API response slow
ERROR 2025-05-02 01:51:59,549 accounts_views_imports 1348 12180 Payment failed
CRITICAL 2025-05-02 01:51:59,549 accounts_views_imports 1348 12180 Database down
DEBUG 2025-05-02 01:53:12,428 views 1268 1228 Debug message
INFO 2025-05-02 01:53:12,429 views 1268 1228 User logged in
WARNING 2025-05-02 01:53:12,430 views 1268 1228 API response slow
ERROR 2025-05-02 01:53:12,432 views 1268 1228 Payment failed
CRITICAL 2025-05-02 01:53:12,433 views 1268 1228 Database down
DEBUG 2025-05-02 01:53:12,450 accounts_views_imports 1268 1228 Debug message
INFO 2025-05-02 01:53:12,451 accounts_views_imports 1268 1228 User logged in
WARNING 2025-05-02 01:53:12,452 accounts_views_imports 1268 1228 API response slow
ERROR 2025-05-02 01:53:12,453 accounts_views_imports 1268 1228 Payment failed
CRITICAL 2025-05-02 01:53:12,453 accounts_views_imports 1268 1228 Database down
DEBUG 2025-05-02 01:53:19,879 views 8608 3268 Debug message
INFO 2025-05-02 01:53:19,879 views 8608 3268 User logged in
WARNING 2025-05-02 01:53:19,879 views 8608 3268 API response slow
ERROR 2025-05-02 01:53:19,889 views 8608 3268 Payment failed
CRITICAL 2025-05-02 01:53:19,889 views 8608 3268 Database down
DEBUG 2025-05-02 01:53:19,911 accounts_views_imports 8608 3268 Debug message
INFO 2025-05-02 01:53:19,911 accounts_views_imports 8608 3268 User logged in
WARNING 2025-05-02 01:53:19,913 accounts_views_imports 8608 3268 API response slow
ERROR 2025-05-02 01:53:19,917 accounts_views_imports 8608 3268 Payment failed
CRITICAL 2025-05-02 01:53:19,917 accounts_views_imports 8608 3268 Database down
DEBUG 2025-05-02 20:49:37,230 views 2716 9848 Debug message
INFO 2025-05-02 20:49:37,350 views 2716 9848 User logged in
WARNING 2025-05-02 20:49:37,350 views 2716 9848 API response slow
ERROR 2025-05-02 20:49:37,350 views 2716 9848 Payment failed
CRITICAL 2025-05-02 20:49:37,350 views 2716 9848 Database down
DEBUG 2025-05-02 20:49:37,370 accounts_views_imports 2716 9848 Debug message
INFO 2025-05-02 20:49:37,370 accounts_views_imports 2716 9848 User logged in
WARNING 2025-05-02 20:49:37,370 accounts_views_imports 2716 9848 API response slow
ERROR 2025-05-02 20:49:37,370 accounts_views_imports 2716 9848 Payment failed
CRITICAL 2025-05-02 20:49:37,370 accounts_views_imports 2716 9848 Database down
DEBUG 2025-05-02 21:06:18,259 views 10040 9904 Debug message
INFO 2025-05-02 21:06:18,260 views 10040 9904 User logged in
WARNING 2025-05-02 21:06:18,260 views 10040 9904 API response slow
ERROR 2025-05-02 21:06:18,261 views 10040 9904 Payment failed
CRITICAL 2025-05-02 21:06:18,261 views 10040 9904 Database down
DEBUG 2025-05-02 21:06:18,307 accounts_views_imports 10040 9904 Debug message
INFO 2025-05-02 21:06:18,307 accounts_views_imports 10040 9904 User logged in
WARNING 2025-05-02 21:06:18,307 accounts_views_imports 10040 9904 API response slow
ERROR 2025-05-02 21:06:18,307 accounts_views_imports 10040 9904 Payment failed
CRITICAL 2025-05-02 21:06:18,307 accounts_views_imports 10040 9904 Database down
DEBUG 2025-05-02 21:06:23,530 views 9988 8872 Debug message
INFO 2025-05-02 21:06:23,531 views 9988 8872 User logged in
WARNING 2025-05-02 21:06:23,532 views 9988 8872 API response slow
ERROR 2025-05-02 21:06:23,532 views 9988 8872 Payment failed
CRITICAL 2025-05-02 21:06:23,532 views 9988 8872 Database down
DEBUG 2025-05-02 21:06:23,557 accounts_views_imports 9988 8872 Debug message
INFO 2025-05-02 21:06:23,560 accounts_views_imports 9988 8872 User logged in
WARNING 2025-05-02 21:06:23,560 accounts_views_imports 9988 8872 API response slow
ERROR 2025-05-02 21:06:23,560 accounts_views_imports 9988 8872 Payment failed
CRITICAL 2025-05-02 21:06:23,560 accounts_views_imports 9988 8872 Database down
DEBUG 2025-05-02 21:06:47,177 views 10088 7768 Debug message
INFO 2025-05-02 21:06:47,177 views 10088 7768 User logged in
WARNING 2025-05-02 21:06:47,177 views 10088 7768 API response slow
ERROR 2025-05-02 21:06:47,177 views 10088 7768 Payment failed
CRITICAL 2025-05-02 21:06:47,177 views 10088 7768 Database down
DEBUG 2025-05-02 21:06:47,217 accounts_views_imports 10088 7768 Debug message
INFO 2025-05-02 21:06:47,217 accounts_views_imports 10088 7768 User logged in
WARNING 2025-05-02 21:06:47,217 accounts_views_imports 10088 7768 API response slow
ERROR 2025-05-02 21:06:47,217 accounts_views_imports 10088 7768 Payment failed
CRITICAL 2025-05-02 21:06:47,217 accounts_views_imports 10088 7768 Database down
DEBUG 2025-05-02 21:07:41,907 views 9512 8044 Debug message
INFO 2025-05-02 21:07:41,912 views 9512 8044 User logged in
WARNING 2025-05-02 21:07:41,912 views 9512 8044 API response slow
ERROR 2025-05-02 21:07:41,912 views 9512 8044 Payment failed
CRITICAL 2025-05-02 21:07:41,912 views 9512 8044 Database down
DEBUG 2025-05-02 21:07:41,962 accounts_views_imports 9512 8044 Debug message
INFO 2025-05-02 21:07:41,962 accounts_views_imports 9512 8044 User logged in
WARNING 2025-05-02 21:07:41,962 accounts_views_imports 9512 8044 API response slow
ERROR 2025-05-02 21:07:41,967 accounts_views_imports 9512 8044 Payment failed
CRITICAL 2025-05-02 21:07:41,967 accounts_views_imports 9512 8044 Database down
DEBUG 2025-05-02 21:51:24,796 views 9988 8220 Debug message
INFO 2025-05-02 21:51:24,796 views 9988 8220 User logged in
WARNING 2025-05-02 21:51:24,796 views 9988 8220 API response slow
ERROR 2025-05-02 21:51:24,812 views 9988 8220 Payment failed
CRITICAL 2025-05-02 21:51:24,812 views 9988 8220 Database down
DEBUG 2025-05-02 21:51:24,828 accounts_views_imports 9988 8220 Debug message
INFO 2025-05-02 21:51:24,828 accounts_views_imports 9988 8220 User logged in
WARNING 2025-05-02 21:51:24,828 accounts_views_imports 9988 8220 API response slow
ERROR 2025-05-02 21:51:24,828 accounts_views_imports 9988 8220 Payment failed
CRITICAL 2025-05-02 21:51:24,828 accounts_views_imports 9988 8220 Database down
DEBUG 2025-05-02 21:52:35,059 views 9196 8880 Debug message
INFO 2025-05-02 21:52:35,059 views 9196 8880 User logged in
WARNING 2025-05-02 21:52:35,059 views 9196 8880 API response slow
ERROR 2025-05-02 21:52:35,059 views 9196 8880 Payment failed
CRITICAL 2025-05-02 21:52:35,059 views 9196 8880 Database down
DEBUG 2025-05-02 21:52:35,075 accounts_views_imports 9196 8880 Debug message
INFO 2025-05-02 21:52:35,075 accounts_views_imports 9196 8880 User logged in
WARNING 2025-05-02 21:52:35,075 accounts_views_imports 9196 8880 API response slow
ERROR 2025-05-02 21:52:35,075 accounts_views_imports 9196 8880 Payment failed
CRITICAL 2025-05-02 21:52:35,075 accounts_views_imports 9196 8880 Database down
DEBUG 2025-05-02 21:53:41,754 views 9044 2632 Debug message
INFO 2025-05-02 21:53:41,754 views 9044 2632 User logged in
WARNING 2025-05-02 21:53:41,754 views 9044 2632 API response slow
ERROR 2025-05-02 21:53:41,754 views 9044 2632 Payment failed
CRITICAL 2025-05-02 21:53:41,754 views 9044 2632 Database down
DEBUG 2025-05-02 21:53:41,801 accounts_views_imports 9044 2632 Debug message
INFO 2025-05-02 21:53:41,801 accounts_views_imports 9044 2632 User logged in
WARNING 2025-05-02 21:53:41,801 accounts_views_imports 9044 2632 API response slow
ERROR 2025-05-02 21:53:41,801 accounts_views_imports 9044 2632 Payment failed
CRITICAL 2025-05-02 21:53:41,801 accounts_views_imports 9044 2632 Database down
DEBUG 2025-05-02 21:58:15,797 views 1384 7664 Debug message
INFO 2025-05-02 21:58:15,798 views 1384 7664 User logged in
WARNING 2025-05-02 21:58:15,800 views 1384 7664 API response slow
ERROR 2025-05-02 21:58:15,803 views 1384 7664 Payment failed
CRITICAL 2025-05-02 21:58:15,804 views 1384 7664 Database down
DEBUG 2025-05-02 21:58:15,825 accounts_views_imports 1384 7664 Debug message
INFO 2025-05-02 21:58:15,825 accounts_views_imports 1384 7664 User logged in
WARNING 2025-05-02 21:58:15,828 accounts_views_imports 1384 7664 API response slow
ERROR 2025-05-02 21:58:15,830 accounts_views_imports 1384 7664 Payment failed
CRITICAL 2025-05-02 21:58:15,832 accounts_views_imports 1384 7664 Database down
DEBUG 2025-05-02 22:03:10,304 views 9508 7200 Debug message
INFO 2025-05-02 22:03:10,305 views 9508 7200 User logged in
WARNING 2025-05-02 22:03:10,307 views 9508 7200 API response slow
ERROR 2025-05-02 22:03:10,308 views 9508 7200 Payment failed
CRITICAL 2025-05-02 22:03:10,309 views 9508 7200 Database down
DEBUG 2025-05-02 22:03:10,331 accounts_views_imports 9508 7200 Debug message
INFO 2025-05-02 22:03:10,332 accounts_views_imports 9508 7200 User logged in
WARNING 2025-05-02 22:03:10,333 accounts_views_imports 9508 7200 API response slow
ERROR 2025-05-02 22:03:10,334 accounts_views_imports 9508 7200 Payment failed
CRITICAL 2025-05-02 22:03:10,335 accounts_views_imports 9508 7200 Database down
DEBUG 2025-05-02 22:04:01,919 views 7828 2548 Debug message
INFO 2025-05-02 22:04:01,919 views 7828 2548 User logged in
WARNING 2025-05-02 22:04:01,919 views 7828 2548 API response slow
ERROR 2025-05-02 22:04:01,919 views 7828 2548 Payment failed
CRITICAL 2025-05-02 22:04:01,919 views 7828 2548 Database down
DEBUG 2025-05-02 22:04:01,966 accounts_views_imports 7828 2548 Debug message
INFO 2025-05-02 22:04:01,966 accounts_views_imports 7828 2548 User logged in
WARNING 2025-05-02 22:04:01,966 accounts_views_imports 7828 2548 API response slow
ERROR 2025-05-02 22:04:01,966 accounts_views_imports 7828 2548 Payment failed
CRITICAL 2025-05-02 22:04:01,966 accounts_views_imports 7828 2548 Database down
DEBUG 2025-05-02 22:04:09,514 views 7964 6304 Debug message
INFO 2025-05-02 22:04:09,514 views 7964 6304 User logged in
WARNING 2025-05-02 22:04:09,514 views 7964 6304 API response slow
ERROR 2025-05-02 22:04:09,514 views 7964 6304 Payment failed
CRITICAL 2025-05-02 22:04:09,514 views 7964 6304 Database down
DEBUG 2025-05-02 22:04:09,530 accounts_views_imports 7964 6304 Debug message
INFO 2025-05-02 22:04:09,530 accounts_views_imports 7964 6304 User logged in
WARNING 2025-05-02 22:04:09,545 accounts_views_imports 7964 6304 API response slow
ERROR 2025-05-02 22:04:09,545 accounts_views_imports 7964 6304 Payment failed
CRITICAL 2025-05-02 22:04:09,545 accounts_views_imports 7964 6304 Database down
DEBUG 2025-05-02 22:04:17,106 views 6604 5796 Debug message
INFO 2025-05-02 22:04:17,106 views 6604 5796 User logged in
WARNING 2025-05-02 22:04:17,106 views 6604 5796 API response slow
ERROR 2025-05-02 22:04:17,106 views 6604 5796 Payment failed
CRITICAL 2025-05-02 22:04:17,122 views 6604 5796 Database down
DEBUG 2025-05-02 22:04:17,122 accounts_views_imports 6604 5796 Debug message
INFO 2025-05-02 22:04:17,137 accounts_views_imports 6604 5796 User logged in
WARNING 2025-05-02 22:04:17,137 accounts_views_imports 6604 5796 API response slow
ERROR 2025-05-02 22:04:17,137 accounts_views_imports 6604 5796 Payment failed
CRITICAL 2025-05-02 22:04:17,137 accounts_views_imports 6604 5796 Database down
DEBUG 2025-05-02 22:08:01,442 views 8272 7780 Debug message
INFO 2025-05-02 22:08:01,442 views 8272 7780 User logged in
WARNING 2025-05-02 22:08:01,442 views 8272 7780 API response slow
ERROR 2025-05-02 22:08:01,458 views 8272 7780 Payment failed
CRITICAL 2025-05-02 22:08:01,458 views 8272 7780 Database down
DEBUG 2025-05-02 22:08:01,474 accounts_views_imports 8272 7780 Debug message
INFO 2025-05-02 22:08:01,474 accounts_views_imports 8272 7780 User logged in
WARNING 2025-05-02 22:08:01,474 accounts_views_imports 8272 7780 API response slow
ERROR 2025-05-02 22:08:01,474 accounts_views_imports 8272 7780 Payment failed
CRITICAL 2025-05-02 22:08:01,474 accounts_views_imports 8272 7780 Database down
DEBUG 2025-05-02 22:15:10,169 views 8864 7280 Debug message
INFO 2025-05-02 22:15:10,170 views 8864 7280 User logged in
WARNING 2025-05-02 22:15:10,171 views 8864 7280 API response slow
ERROR 2025-05-02 22:15:10,172 views 8864 7280 Payment failed
CRITICAL 2025-05-02 22:15:10,173 views 8864 7280 Database down
DEBUG 2025-05-02 22:15:10,192 accounts_views_imports 8864 7280 Debug message
INFO 2025-05-02 22:15:10,192 accounts_views_imports 8864 7280 User logged in
WARNING 2025-05-02 22:15:10,193 accounts_views_imports 8864 7280 API response slow
ERROR 2025-05-02 22:15:10,193 accounts_views_imports 8864 7280 Payment failed
CRITICAL 2025-05-02 22:15:10,194 accounts_views_imports 8864 7280 Database down
DEBUG 2025-05-02 22:18:22,494 views 7852 9348 Debug message
INFO 2025-05-02 22:18:22,494 views 7852 9348 User logged in
WARNING 2025-05-02 22:18:22,494 views 7852 9348 API response slow
ERROR 2025-05-02 22:18:22,494 views 7852 9348 Payment failed
CRITICAL 2025-05-02 22:18:22,494 views 7852 9348 Database down
DEBUG 2025-05-02 22:18:22,526 accounts_views_imports 7852 9348 Debug message
INFO 2025-05-02 22:18:22,526 accounts_views_imports 7852 9348 User logged in
WARNING 2025-05-02 22:18:22,526 accounts_views_imports 7852 9348 API response slow
ERROR 2025-05-02 22:18:22,526 accounts_views_imports 7852 9348 Payment failed
CRITICAL 2025-05-02 22:18:22,526 accounts_views_imports 7852 9348 Database down
DEBUG 2025-05-02 22:18:26,494 views 9300 4060 Debug message
INFO 2025-05-02 22:18:26,494 views 9300 4060 User logged in
WARNING 2025-05-02 22:18:26,494 views 9300 4060 API response slow
ERROR 2025-05-02 22:18:26,494 views 9300 4060 Payment failed
CRITICAL 2025-05-02 22:18:26,494 views 9300 4060 Database down
DEBUG 2025-05-02 22:18:26,509 accounts_views_imports 9300 4060 Debug message
INFO 2025-05-02 22:18:26,509 accounts_views_imports 9300 4060 User logged in
WARNING 2025-05-02 22:18:26,509 accounts_views_imports 9300 4060 API response slow
ERROR 2025-05-02 22:18:26,525 accounts_views_imports 9300 4060 Payment failed
CRITICAL 2025-05-02 22:18:26,525 accounts_views_imports 9300 4060 Database down
DEBUG 2025-05-02 22:18:31,503 views 2136 9164 Debug message
INFO 2025-05-02 22:18:31,503 views 2136 9164 User logged in
WARNING 2025-05-02 22:18:31,503 views 2136 9164 API response slow
ERROR 2025-05-02 22:18:31,503 views 2136 9164 Payment failed
CRITICAL 2025-05-02 22:18:31,503 views 2136 9164 Database down
DEBUG 2025-05-02 22:18:31,520 accounts_views_imports 2136 9164 Debug message
INFO 2025-05-02 22:18:31,520 accounts_views_imports 2136 9164 User logged in
WARNING 2025-05-02 22:18:31,520 accounts_views_imports 2136 9164 API response slow
ERROR 2025-05-02 22:18:31,520 accounts_views_imports 2136 9164 Payment failed
CRITICAL 2025-05-02 22:18:31,520 accounts_views_imports 2136 9164 Database down
DEBUG 2025-05-02 22:19:52,247 views 4344 6252 Debug message
INFO 2025-05-02 22:19:52,247 views 4344 6252 User logged in
WARNING 2025-05-02 22:19:52,247 views 4344 6252 API response slow
ERROR 2025-05-02 22:19:52,247 views 4344 6252 Payment failed
CRITICAL 2025-05-02 22:19:52,263 views 4344 6252 Database down
DEBUG 2025-05-02 22:19:52,278 accounts_views_imports 4344 6252 Debug message
INFO 2025-05-02 22:19:52,278 accounts_views_imports 4344 6252 User logged in
WARNING 2025-05-02 22:19:52,278 accounts_views_imports 4344 6252 API response slow
ERROR 2025-05-02 22:19:52,278 accounts_views_imports 4344 6252 Payment failed
CRITICAL 2025-05-02 22:19:52,278 accounts_views_imports 4344 6252 Database down
DEBUG 2025-05-02 22:20:03,847 views 6776 2816 Debug message
INFO 2025-05-02 22:20:03,847 views 6776 2816 User logged in
WARNING 2025-05-02 22:20:03,847 views 6776 2816 API response slow
ERROR 2025-05-02 22:20:03,847 views 6776 2816 Payment failed
CRITICAL 2025-05-02 22:20:03,847 views 6776 2816 Database down
DEBUG 2025-05-02 22:20:03,881 accounts_views_imports 6776 2816 Debug message
INFO 2025-05-02 22:20:03,881 accounts_views_imports 6776 2816 User logged in
WARNING 2025-05-02 22:20:03,881 accounts_views_imports 6776 2816 API response slow
ERROR 2025-05-02 22:20:03,897 accounts_views_imports 6776 2816 Payment failed
CRITICAL 2025-05-02 22:20:03,897 accounts_views_imports 6776 2816 Database down
DEBUG 2025-05-02 22:20:08,431 views 7172 8752 Debug message
INFO 2025-05-02 22:20:08,431 views 7172 8752 User logged in
WARNING 2025-05-02 22:20:08,431 views 7172 8752 API response slow
ERROR 2025-05-02 22:20:08,448 views 7172 8752 Payment failed
CRITICAL 2025-05-02 22:20:08,449 views 7172 8752 Database down
DEBUG 2025-05-02 22:20:08,498 accounts_views_imports 7172 8752 Debug message
INFO 2025-05-02 22:20:08,498 accounts_views_imports 7172 8752 User logged in
WARNING 2025-05-02 22:20:08,498 accounts_views_imports 7172 8752 API response slow
ERROR 2025-05-02 22:20:08,498 accounts_views_imports 7172 8752 Payment failed
CRITICAL 2025-05-02 22:20:08,498 accounts_views_imports 7172 8752 Database down
DEBUG 2025-05-02 22:21:05,161 views 9164 2136 Debug message
INFO 2025-05-02 22:21:05,161 views 9164 2136 User logged in
WARNING 2025-05-02 22:21:05,163 views 9164 2136 API response slow
ERROR 2025-05-02 22:21:05,166 views 9164 2136 Payment failed
CRITICAL 2025-05-02 22:21:05,166 views 9164 2136 Database down
DEBUG 2025-05-02 22:21:05,205 accounts_views_imports 9164 2136 Debug message
INFO 2025-05-02 22:21:05,205 accounts_views_imports 9164 2136 User logged in
WARNING 2025-05-02 22:21:05,207 accounts_views_imports 9164 2136 API response slow
ERROR 2025-05-02 22:21:05,210 accounts_views_imports 9164 2136 Payment failed
CRITICAL 2025-05-02 22:21:05,211 accounts_views_imports 9164 2136 Database down
DEBUG 2025-05-02 22:21:15,231 views 9692 8136 Debug message
INFO 2025-05-02 22:21:15,231 views 9692 8136 User logged in
WARNING 2025-05-02 22:21:15,231 views 9692 8136 API response slow
ERROR 2025-05-02 22:21:15,231 views 9692 8136 Payment failed
CRITICAL 2025-05-02 22:21:15,231 views 9692 8136 Database down
DEBUG 2025-05-02 22:21:15,278 accounts_views_imports 9692 8136 Debug message
INFO 2025-05-02 22:21:15,281 accounts_views_imports 9692 8136 User logged in
WARNING 2025-05-02 22:21:15,281 accounts_views_imports 9692 8136 API response slow
ERROR 2025-05-02 22:21:15,282 accounts_views_imports 9692 8136 Payment failed
CRITICAL 2025-05-02 22:21:15,285 accounts_views_imports 9692 8136 Database down
DEBUG 2025-05-02 22:25:35,116 views 4048 4380 Debug message
INFO 2025-05-02 22:25:35,117 views 4048 4380 User logged in
WARNING 2025-05-02 22:25:35,119 views 4048 4380 API response slow
ERROR 2025-05-02 22:25:35,120 views 4048 4380 Payment failed
CRITICAL 2025-05-02 22:25:35,121 views 4048 4380 Database down
DEBUG 2025-05-02 22:25:35,174 accounts_views_imports 4048 4380 Debug message
INFO 2025-05-02 22:25:35,175 accounts_views_imports 4048 4380 User logged in
WARNING 2025-05-02 22:25:35,177 accounts_views_imports 4048 4380 API response slow
ERROR 2025-05-02 22:25:35,178 accounts_views_imports 4048 4380 Payment failed
CRITICAL 2025-05-02 22:25:35,179 accounts_views_imports 4048 4380 Database down
DEBUG 2025-05-02 22:25:57,789 views 9676 7852 Debug message
INFO 2025-05-02 22:25:57,790 views 9676 7852 User logged in
WARNING 2025-05-02 22:25:57,795 views 9676 7852 API response slow
ERROR 2025-05-02 22:25:57,799 views 9676 7852 Payment failed
CRITICAL 2025-05-02 22:25:57,800 views 9676 7852 Database down
DEBUG 2025-05-02 22:25:57,873 accounts_views_imports 9676 7852 Debug message
INFO 2025-05-02 22:25:57,875 accounts_views_imports 9676 7852 User logged in
WARNING 2025-05-02 22:25:57,876 accounts_views_imports 9676 7852 API response slow
ERROR 2025-05-02 22:25:57,877 accounts_views_imports 9676 7852 Payment failed
CRITICAL 2025-05-02 22:25:57,881 accounts_views_imports 9676 7852 Database down
DEBUG 2025-05-02 22:27:06,848 views 9248 2548 Debug message
INFO 2025-05-02 22:27:06,849 views 9248 2548 User logged in
WARNING 2025-05-02 22:27:06,850 views 9248 2548 API response slow
ERROR 2025-05-02 22:27:06,852 views 9248 2548 Payment failed
CRITICAL 2025-05-02 22:27:06,853 views 9248 2548 Database down
DEBUG 2025-05-02 22:27:06,890 accounts_views_imports 9248 2548 Debug message
INFO 2025-05-02 22:27:06,890 accounts_views_imports 9248 2548 User logged in
WARNING 2025-05-02 22:27:06,892 accounts_views_imports 9248 2548 API response slow
ERROR 2025-05-02 22:27:06,894 accounts_views_imports 9248 2548 Payment failed
CRITICAL 2025-05-02 22:27:06,895 accounts_views_imports 9248 2548 Database down
DEBUG 2025-05-02 22:29:58,694 views 5396 8836 Debug message
INFO 2025-05-02 22:29:58,695 views 5396 8836 User logged in
WARNING 2025-05-02 22:29:58,697 views 5396 8836 API response slow
ERROR 2025-05-02 22:29:58,698 views 5396 8836 Payment failed
CRITICAL 2025-05-02 22:29:58,699 views 5396 8836 Database down
DEBUG 2025-05-02 22:29:58,748 accounts_views_imports 5396 8836 Debug message
INFO 2025-05-02 22:29:58,748 accounts_views_imports 5396 8836 User logged in
WARNING 2025-05-02 22:29:58,749 accounts_views_imports 5396 8836 API response slow
ERROR 2025-05-02 22:29:58,751 accounts_views_imports 5396 8836 Payment failed
CRITICAL 2025-05-02 22:29:58,752 accounts_views_imports 5396 8836 Database down
