[2025-05-02 22:46:26,590] WARNING [68] basehttp "GET /static/js/owl.carousel.min.js HTTP/1.1" 404 1939
[2025-05-02 22:46:26,590] WARNING [68] basehttp "GET /static/js/jquery-3.4.1.min.js HTTP/1.1" 404 1939
[2025-05-02 22:46:26,591] WARNING [68] basehttp "GET /static/css/all.min.css HTTP/1.1" 404 1918
[2025-05-02 22:46:26,595] WARNING [68] basehttp "GET /static/css/owl.carousel.min.css HTTP/1.1" 404 1945
[2025-05-02 22:46:26,607] WARNING [68] basehttp "GET /static/css/bootstrap.css HTTP/1.1" 404 1924
[2025-05-02 22:46:26,626] WARNING [68] basehttp "GET /static/css/style.css HTTP/1.1" 404 1912
[2025-05-02 22:46:26,656] WARNING [68] basehttp "GET /static/css/responsive.css HTTP/1.1" 404 1927
[2025-05-02 22:46:26,657] WARNING [68] basehttp "GET /static/js/custom.js HTTP/1.1" 404 1909
[2025-05-02 22:46:26,662] WARNING [68] basehttp "GET /static/js/main.js HTTP/1.1" 404 1903
[2025-05-02 22:46:26,663] WARNING [68] basehttp "GET /static/js/bootstrap.js HTTP/1.1" 404 1918
[2025-05-02 22:46:29,456] WARNING [68] basehttp "GET /static/css/all.min.css HTTP/1.1" 404 1918
[2025-05-02 22:46:29,456] WARNING [68] basehttp "GET /static/css/owl.carousel.min.css HTTP/1.1" 404 1945
[2025-05-02 22:46:29,465] WARNING [68] basehttp "GET /static/css/bootstrap.css HTTP/1.1" 404 1924
[2025-05-02 22:46:29,466] WARNING [68] basehttp "GET /static/css/style.css HTTP/1.1" 404 1912
[2025-05-02 22:46:29,477] WARNING [68] basehttp "GET /static/js/jquery-3.4.1.min.js HTTP/1.1" 404 1939
[2025-05-02 22:46:29,483] WARNING [68] basehttp "GET /static/css/responsive.css HTTP/1.1" 404 1927
[2025-05-02 22:46:29,510] WARNING [68] basehttp "GET /static/js/owl.carousel.min.js HTTP/1.1" 404 1939
[2025-05-02 22:46:29,517] WARNING [68] basehttp "GET /static/js/custom.js HTTP/1.1" 404 1909
[2025-05-02 22:46:29,518] WARNING [68] basehttp "GET /static/js/bootstrap.js HTTP/1.1" 404 1918
[2025-05-02 22:46:29,524] WARNING [68] basehttp "GET /static/js/main.js HTTP/1.1" 404 1903
[2025-05-02 22:47:05,924] WARNING [68] basehttp "GET /static/css/all.min.css HTTP/1.1" 404 1918
[2025-05-02 22:47:05,936] WARNING [68] basehttp "GET /static/css/owl.carousel.min.css HTTP/1.1" 404 1945
[2025-05-02 22:47:05,936] WARNING [68] basehttp "GET /static/js/jquery-3.4.1.min.js HTTP/1.1" 404 1939
[2025-05-02 22:47:05,964] WARNING [68] basehttp "GET /static/js/owl.carousel.min.js HTTP/1.1" 404 1939
[2025-05-02 22:47:05,982] WARNING [68] basehttp "GET /static/css/bootstrap.css HTTP/1.1" 404 1924
[2025-05-02 22:47:06,001] WARNING [68] basehttp "GET /static/js/bootstrap.js HTTP/1.1" 404 1918
[2025-05-02 22:47:06,013] WARNING [68] basehttp "GET /static/css/responsive.css HTTP/1.1" 404 1927
[2025-05-02 22:47:06,015] WARNING [68] basehttp "GET /static/css/style.css HTTP/1.1" 404 1912
[2025-05-02 22:47:06,018] WARNING [68] basehttp "GET /static/js/custom.js HTTP/1.1" 404 1909
[2025-05-02 22:47:06,023] WARNING [68] basehttp "GET /static/js/main.js HTTP/1.1" 404 1903
[2025-05-02 22:47:44,993] WARNING [8128] basehttp "GET /static/css/all.min.css HTTP/1.1" 404 1918
[2025-05-02 22:47:44,996] WARNING [8128] basehttp "GET /static/css/bootstrap.css HTTP/1.1" 404 1924
[2025-05-02 22:47:45,012] WARNING [8128] basehttp "GET /static/css/owl.carousel.min.css HTTP/1.1" 404 1945
[2025-05-02 22:47:45,017] WARNING [8128] basehttp "GET /static/css/style.css HTTP/1.1" 404 1912
[2025-05-02 22:47:45,034] WARNING [8128] basehttp "GET /static/css/responsive.css HTTP/1.1" 404 1927
[2025-05-02 22:47:45,052] WARNING [8128] basehttp "GET /static/js/jquery-3.4.1.min.js HTTP/1.1" 404 1939
[2025-05-02 22:47:45,054] WARNING [8128] basehttp "GET /static/js/owl.carousel.min.js HTTP/1.1" 404 1939
[2025-05-02 22:47:45,066] WARNING [8128] basehttp "GET /static/js/bootstrap.js HTTP/1.1" 404 1918
[2025-05-02 22:47:45,069] WARNING [8128] basehttp "GET /static/js/main.js HTTP/1.1" 404 1903
[2025-05-02 22:47:45,074] WARNING [8128] basehttp "GET /static/js/custom.js HTTP/1.1" 404 1909
[2025-05-02 22:49:23,467] WARNING [5560] basehttp "GET /static/css/all.min.css HTTP/1.1" 404 1918
[2025-05-02 22:49:23,469] WARNING [5560] basehttp "GET /static/css/owl.carousel.min.css HTTP/1.1" 404 1945
[2025-05-02 22:49:23,475] WARNING [5560] basehttp "GET /static/css/bootstrap.css HTTP/1.1" 404 1924
[2025-05-02 22:49:23,477] WARNING [5560] basehttp "GET /static/css/responsive.css HTTP/1.1" 404 1927
[2025-05-02 22:49:23,478] WARNING [5560] basehttp "GET /static/js/jquery-3.4.1.min.js HTTP/1.1" 404 1939
[2025-05-02 22:49:23,494] WARNING [5560] basehttp "GET /static/css/style.css HTTP/1.1" 404 1912
[2025-05-02 22:49:23,523] WARNING [5560] basehttp "GET /static/js/bootstrap.js HTTP/1.1" 404 1918
[2025-05-02 22:49:23,525] WARNING [5560] basehttp "GET /static/js/owl.carousel.min.js HTTP/1.1" 404 1939
[2025-05-02 22:49:23,528] WARNING [5560] basehttp "GET /static/js/custom.js HTTP/1.1" 404 1909
[2025-05-02 22:49:23,531] WARNING [5560] basehttp "GET /static/js/main.js HTTP/1.1" 404 1903
[2025-05-02 22:49:24,209] WARNING [5560] basehttp "GET /static/css/all.min.css HTTP/1.1" 404 1918
[2025-05-02 22:49:24,214] WARNING [5560] basehttp "GET /static/js/jquery-3.4.1.min.js HTTP/1.1" 404 1939
[2025-05-02 22:49:24,224] WARNING [5560] basehttp "GET /static/css/owl.carousel.min.css HTTP/1.1" 404 1945
[2025-05-02 22:49:24,232] WARNING [5560] basehttp "GET /static/js/owl.carousel.min.js HTTP/1.1" 404 1939
[2025-05-02 22:49:24,246] WARNING [5560] basehttp "GET /static/js/custom.js HTTP/1.1" 404 1909
[2025-05-02 22:49:24,257] WARNING [5560] basehttp "GET /static/js/bootstrap.js HTTP/1.1" 404 1918
[2025-05-02 22:49:24,275] WARNING [5560] basehttp "GET /static/css/style.css HTTP/1.1" 404 1912
[2025-05-02 22:49:24,278] WARNING [5560] basehttp "GET /static/css/bootstrap.css HTTP/1.1" 404 1924
[2025-05-02 22:49:24,279] WARNING [5560] basehttp "GET /static/css/responsive.css HTTP/1.1" 404 1927
[2025-05-02 22:49:24,280] WARNING [5560] basehttp "GET /static/js/main.js HTTP/1.1" 404 1903
[2025-05-02 22:49:40,994] WARNING [5560] basehttp "GET /static/css/all.min.css HTTP/1.1" 404 1918
[2025-05-02 22:49:40,997] WARNING [5560] basehttp "GET /static/css/bootstrap.css HTTP/1.1" 404 1924
[2025-05-02 22:49:41,007] WARNING [5560] basehttp "GET /static/css/owl.carousel.min.css HTTP/1.1" 404 1945
[2025-05-02 22:49:41,039] WARNING [5560] basehttp "GET /static/css/responsive.css HTTP/1.1" 404 1927
[2025-05-02 22:49:41,048] WARNING [5560] basehttp "GET /static/css/style.css HTTP/1.1" 404 1912
[2025-05-02 22:49:41,077] WARNING [5560] basehttp "GET /static/js/jquery-3.4.1.min.js HTTP/1.1" 404 1939
[2025-05-02 22:49:41,093] WARNING [5560] basehttp "GET /static/js/owl.carousel.min.js HTTP/1.1" 404 1939
[2025-05-02 22:49:41,094] WARNING [5560] basehttp "GET /static/js/bootstrap.js HTTP/1.1" 404 1918
[2025-05-02 22:49:41,099] WARNING [5560] basehttp "GET /static/js/main.js HTTP/1.1" 404 1903
[2025-05-02 22:49:41,110] WARNING [5560] basehttp "GET /static/js/custom.js HTTP/1.1" 404 1909
[2025-05-02 22:49:41,111] WARNING [5560] basehttp "GET /static/js/recipe.js HTTP/1.1" 404 1909
[2025-05-02 22:49:48,620] WARNING [5560] basehttp "GET /static/css/all.min.css HTTP/1.1" 404 1918
[2025-05-02 22:49:48,625] WARNING [5560] basehttp "GET /static/css/owl.carousel.min.css HTTP/1.1" 404 1945
[2025-05-02 22:49:48,626] WARNING [5560] basehttp "GET /static/js/jquery-3.4.1.min.js HTTP/1.1" 404 1939
[2025-05-02 22:49:48,644] WARNING [5560] basehttp "GET /static/css/bootstrap.css HTTP/1.1" 404 1924
[2025-05-02 22:49:48,665] WARNING [5560] basehttp "GET /static/js/owl.carousel.min.js HTTP/1.1" 404 1939
[2025-05-02 22:49:48,670] WARNING [5560] basehttp "GET /static/js/bootstrap.js HTTP/1.1" 404 1918
[2025-05-02 22:49:48,714] WARNING [5560] basehttp "GET /static/css/style.css HTTP/1.1" 404 1912
[2025-05-02 22:49:48,715] WARNING [5560] basehttp "GET /static/css/responsive.css HTTP/1.1" 404 1927
[2025-05-02 22:49:48,718] WARNING [5560] basehttp "GET /static/js/custom.js HTTP/1.1" 404 1909
[2025-05-02 22:49:48,734] WARNING [5560] basehttp "GET /static/js/main.js HTTP/1.1" 404 1903
[2025-05-02 22:49:48,749] WARNING [5560] basehttp "GET /media/profile_pics/default.jpg HTTP/1.1" 404 4429
[2025-05-02 22:49:51,124] WARNING [5560] basehttp "GET /static/css/all.min.css HTTP/1.1" 404 1918
[2025-05-02 22:49:51,139] WARNING [5560] basehttp "GET /static/css/owl.carousel.min.css HTTP/1.1" 404 1945
[2025-05-02 22:49:51,139] WARNING [5560] basehttp "GET /static/js/owl.carousel.min.js HTTP/1.1" 404 1939
[2025-05-02 22:49:51,152] WARNING [5560] basehttp "GET /static/js/jquery-3.4.1.min.js HTTP/1.1" 404 1939
[2025-05-02 22:49:51,187] WARNING [5560] basehttp "GET /static/css/bootstrap.css HTTP/1.1" 404 1924
[2025-05-02 22:49:51,202] WARNING [5560] basehttp "GET /static/css/style.css HTTP/1.1" 404 1912
[2025-05-02 22:49:51,217] WARNING [5560] basehttp "GET /static/css/responsive.css HTTP/1.1" 404 1927
[2025-05-02 22:49:51,227] WARNING [5560] basehttp "GET /static/js/bootstrap.js HTTP/1.1" 404 1918
[2025-05-02 22:49:51,235] WARNING [5560] basehttp "GET /static/js/custom.js HTTP/1.1" 404 1909
[2025-05-02 22:49:51,244] WARNING [5560] basehttp "GET /static/js/main.js HTTP/1.1" 404 1903
[2025-05-02 22:49:51,252] WARNING [5560] basehttp "GET /media/profile_pics/default.jpg HTTP/1.1" 404 4429
[2025-05-02 22:49:53,230] WARNING [5560] basehttp "GET /static/css/all.min.css HTTP/1.1" 404 1918
[2025-05-02 22:49:53,232] WARNING [5560] basehttp "GET /static/css/owl.carousel.min.css HTTP/1.1" 404 1945
[2025-05-02 22:49:53,240] WARNING [5560] basehttp "GET /static/js/jquery-3.4.1.min.js HTTP/1.1" 404 1939
[2025-05-02 22:49:53,244] WARNING [5560] basehttp "GET /static/js/owl.carousel.min.js HTTP/1.1" 404 1939
[2025-05-02 22:49:53,247] WARNING [5560] basehttp "GET /static/css/bootstrap.css HTTP/1.1" 404 1924
[2025-05-02 22:49:53,288] WARNING [5560] basehttp "GET /static/js/bootstrap.js HTTP/1.1" 404 1918
[2025-05-02 22:49:53,306] WARNING [5560] basehttp "GET /static/css/style.css HTTP/1.1" 404 1912
[2025-05-02 22:49:53,313] WARNING [5560] basehttp "GET /static/css/responsive.css HTTP/1.1" 404 1927
[2025-05-02 22:49:53,320] WARNING [5560] basehttp "GET /static/js/main.js HTTP/1.1" 404 1903
[2025-05-02 22:49:53,321] WARNING [5560] basehttp "GET /static/js/custom.js HTTP/1.1" 404 1909
[2025-05-02 22:49:53,330] WARNING [5560] basehttp "GET /media/profile_pics/default.jpg HTTP/1.1" 404 4429
[2025-05-02 22:50:03,899] WARNING [5560] basehttp "GET /static/css/all.min.css HTTP/1.1" 404 1918
[2025-05-02 22:50:03,909] WARNING [5560] basehttp "GET /static/css/owl.carousel.min.css HTTP/1.1" 404 1945
[2025-05-02 22:50:03,924] WARNING [5560] basehttp "GET /static/js/bootstrap.js HTTP/1.1" 404 1918
[2025-05-02 22:50:03,927] WARNING [5560] basehttp "GET /static/js/owl.carousel.min.js HTTP/1.1" 404 1939
[2025-05-02 22:50:03,934] WARNING [5560] basehttp "GET /static/js/jquery-3.4.1.min.js HTTP/1.1" 404 1939
[2025-05-02 22:50:03,958] WARNING [5560] basehttp "GET /static/css/bootstrap.css HTTP/1.1" 404 1924
[2025-05-02 22:50:03,990] WARNING [5560] basehttp "GET /static/css/style.css HTTP/1.1" 404 1912
[2025-05-02 22:50:03,994] WARNING [5560] basehttp "GET /static/css/responsive.css HTTP/1.1" 404 1927
[2025-05-02 22:50:03,995] WARNING [5560] basehttp "GET /static/css/styles.css?v=1746206403 HTTP/1.1" 404 1928
[2025-05-02 22:50:04,002] WARNING [5560] basehttp "GET /static/js/custom.js HTTP/1.1" 404 1909
[2025-05-02 22:50:04,002] WARNING [5560] basehttp "GET /static/js/main.js HTTP/1.1" 404 1903
[2025-05-02 22:50:04,045] WARNING [5560] basehttp "GET /media/profile_pics/default.jpg HTTP/1.1" 404 4429
[2025-05-03 00:54:23,057] WARNING [5560] basehttp "GET /static/css/all.min.css HTTP/1.1" 404 1918
[2025-05-03 00:54:23,073] WARNING [5560] basehttp "GET /static/css/owl.carousel.min.css HTTP/1.1" 404 1945
[2025-05-03 00:54:23,073] WARNING [5560] basehttp "GET /static/js/jquery-3.4.1.min.js HTTP/1.1" 404 1939
[2025-05-03 00:54:23,112] WARNING [5560] basehttp "GET /static/css/bootstrap.css HTTP/1.1" 404 1924
[2025-05-03 00:54:23,133] WARNING [5560] basehttp "GET /static/js/owl.carousel.min.js HTTP/1.1" 404 1939
[2025-05-03 00:54:23,137] WARNING [5560] basehttp "GET /static/css/responsive.css HTTP/1.1" 404 1927
[2025-05-03 00:54:23,146] WARNING [5560] basehttp "GET /static/css/style.css HTTP/1.1" 404 1912
[2025-05-03 00:54:23,151] WARNING [5560] basehttp "GET /static/css/styles.css?v=1746213862 HTTP/1.1" 404 1928
[2025-05-03 00:54:23,157] WARNING [5560] basehttp "GET /static/js/bootstrap.js HTTP/1.1" 404 1918
[2025-05-03 00:54:23,170] WARNING [5560] basehttp "GET /static/js/custom.js HTTP/1.1" 404 1909
[2025-05-03 00:54:23,171] WARNING [5560] basehttp "GET /static/js/main.js HTTP/1.1" 404 1903
[2025-05-03 00:54:23,233] WARNING [5560] basehttp "GET /media/profile_pics/default.jpg HTTP/1.1" 404 4429
[2025-05-03 01:23:53,601] WARNING [2392] basehttp "GET /static/js/jquery-3.4.1.min.js HTTP/1.1" 404 1939
[2025-05-03 01:23:53,601] WARNING [2392] basehttp "GET /static/css/all.min.css HTTP/1.1" 404 1918
[2025-05-03 01:23:53,622] WARNING [2392] basehttp "GET /static/css/owl.carousel.min.css HTTP/1.1" 404 1945
[2025-05-03 01:23:53,632] WARNING [2392] basehttp "GET /static/js/bootstrap.js HTTP/1.1" 404 1918
[2025-05-03 01:23:53,637] WARNING [2392] basehttp "GET /static/css/bootstrap.css HTTP/1.1" 404 1924
[2025-05-03 01:23:53,663] WARNING [2392] basehttp "GET /static/js/owl.carousel.min.js HTTP/1.1" 404 1939
[2025-05-03 01:23:53,690] WARNING [2392] basehttp "GET /static/css/style.css HTTP/1.1" 404 1912
[2025-05-03 01:23:53,698] WARNING [2392] basehttp "GET /static/css/styles.css?v=1746215633 HTTP/1.1" 404 1928
[2025-05-03 01:23:53,703] WARNING [2392] basehttp "GET /static/css/responsive.css HTTP/1.1" 404 1927
[2025-05-03 01:23:53,705] WARNING [2392] basehttp "GET /static/js/custom.js HTTP/1.1" 404 1909
[2025-05-03 01:23:53,709] WARNING [2392] basehttp "GET /static/js/main.js HTTP/1.1" 404 1903
[2025-05-03 01:23:53,780] WARNING [2392] basehttp "GET /media/profile_pics/default.jpg HTTP/1.1" 404 4429
[2025-05-03 01:23:56,829] WARNING [2392] basehttp "GET /static/css/all.min.css HTTP/1.1" 404 1918
[2025-05-03 01:23:56,832] WARNING [2392] basehttp "GET /static/js/jquery-3.4.1.min.js HTTP/1.1" 404 1939
[2025-05-03 01:23:56,843] WARNING [2392] basehttp "GET /static/css/owl.carousel.min.css HTTP/1.1" 404 1945
[2025-05-03 01:23:56,853] WARNING [2392] basehttp "GET /static/js/bootstrap.js HTTP/1.1" 404 1918
[2025-05-03 01:23:56,857] WARNING [2392] basehttp "GET /static/css/bootstrap.css HTTP/1.1" 404 1924
[2025-05-03 01:23:56,860] WARNING [2392] basehttp "GET /static/js/owl.carousel.min.js HTTP/1.1" 404 1939
[2025-05-03 01:23:56,916] WARNING [2392] basehttp "GET /static/css/style.css HTTP/1.1" 404 1912
[2025-05-03 01:23:56,917] WARNING [2392] basehttp "GET /static/css/responsive.css HTTP/1.1" 404 1927
[2025-05-03 01:23:56,927] WARNING [2392] basehttp "GET /static/js/main.js HTTP/1.1" 404 1903
[2025-05-03 01:23:56,930] WARNING [2392] basehttp "GET /static/js/custom.js HTTP/1.1" 404 1909
[2025-05-03 01:23:58,767] WARNING [2392] basehttp "GET /static/css/all.min.css HTTP/1.1" 404 1918
[2025-05-03 01:23:58,771] WARNING [2392] basehttp "GET /static/css/owl.carousel.min.css HTTP/1.1" 404 1945
[2025-05-03 01:23:58,777] WARNING [2392] basehttp "GET /static/js/jquery-3.4.1.min.js HTTP/1.1" 404 1939
[2025-05-03 01:23:58,786] WARNING [2392] basehttp "GET /static/js/bootstrap.js HTTP/1.1" 404 1918
[2025-05-03 01:23:58,795] WARNING [2392] basehttp "GET /static/js/owl.carousel.min.js HTTP/1.1" 404 1939
[2025-05-03 01:23:58,810] WARNING [2392] basehttp "GET /static/css/bootstrap.css HTTP/1.1" 404 1924
[2025-05-03 01:23:58,845] WARNING [2392] basehttp "GET /static/js/custom.js HTTP/1.1" 404 1909
[2025-05-03 01:23:58,852] WARNING [2392] basehttp "GET /static/css/style.css HTTP/1.1" 404 1912
[2025-05-03 01:23:58,855] WARNING [2392] basehttp "GET /static/css/responsive.css HTTP/1.1" 404 1927
[2025-05-03 01:23:58,858] WARNING [2392] basehttp "GET /static/images/signup-illustration.svg HTTP/1.1" 404 1963
[2025-05-03 01:23:58,865] WARNING [2392] basehttp "GET /static/js/main.js HTTP/1.1" 404 1903
[2025-05-03 01:23:58,886] WARNING [2392] basehttp "GET /static/images/default-avatar.jpg HTTP/1.1" 404 1948
[2025-05-03 01:35:15,975] WARNING [2392] basehttp "GET /static/css/all.min.css HTTP/1.1" 404 1918
[2025-05-03 01:35:16,018] WARNING [2392] basehttp "GET /static/css/bootstrap.css HTTP/1.1" 404 1924
[2025-05-03 01:35:16,027] WARNING [2392] basehttp "GET /static/css/owl.carousel.min.css HTTP/1.1" 404 1945
[2025-05-03 01:35:16,028] WARNING [2392] basehttp "GET /static/js/owl.carousel.min.js HTTP/1.1" 404 1939
[2025-05-03 01:35:16,030] WARNING [2392] basehttp "GET /static/js/jquery-3.4.1.min.js HTTP/1.1" 404 1939
[2025-05-03 01:35:16,043] WARNING [2392] basehttp "GET /static/css/style.css HTTP/1.1" 404 1912
[2025-05-03 01:35:16,052] WARNING [2392] basehttp "GET /static/css/responsive.css HTTP/1.1" 404 1927
[2025-05-03 01:35:16,079] WARNING [2392] basehttp "GET /static/js/bootstrap.js HTTP/1.1" 404 1918
[2025-05-03 01:35:16,087] WARNING [2392] basehttp "GET /static/images/default_signup.svg HTTP/1.1" 404 1948
[2025-05-03 01:35:16,088] WARNING [2392] basehttp "GET /static/js/custom.js HTTP/1.1" 404 1909
[2025-05-03 01:35:16,092] WARNING [2392] basehttp "GET /static/js/main.js HTTP/1.1" 404 1903
[2025-05-03 01:35:16,133] WARNING [2392] basehttp "GET /static/images/default-avatar.jpg HTTP/1.1" 404 1948
[2025-05-03 01:35:29,941] WARNING [7296] basehttp "GET /static/css/bootstrap.css HTTP/1.1" 404 1924
[2025-05-03 01:35:29,944] WARNING [7296] basehttp "GET /static/css/all.min.css HTTP/1.1" 404 1918
[2025-05-03 01:35:29,945] WARNING [7296] basehttp "GET /static/css/style.css HTTP/1.1" 404 1912
[2025-05-03 01:35:29,955] WARNING [7296] basehttp "GET /static/js/jquery-3.4.1.min.js HTTP/1.1" 404 1939
[2025-05-03 01:35:29,958] WARNING [7296] basehttp "GET /static/css/owl.carousel.min.css HTTP/1.1" 404 1945
[2025-05-03 01:35:29,965] WARNING [7296] basehttp "GET /static/css/responsive.css HTTP/1.1" 404 1927
[2025-05-03 01:35:30,006] WARNING [7296] basehttp "GET /static/js/owl.carousel.min.js HTTP/1.1" 404 1939
[2025-05-03 01:35:30,016] WARNING [7296] basehttp "GET /static/js/bootstrap.js HTTP/1.1" 404 1918
[2025-05-03 01:35:30,023] WARNING [7296] basehttp "GET /static/js/main.js HTTP/1.1" 404 1903
[2025-05-03 01:35:30,026] WARNING [7296] basehttp "GET /static/js/custom.js HTTP/1.1" 404 1909
[2025-05-03 01:35:30,029] WARNING [7296] basehttp "GET /static/images/default_signup.svg HTTP/1.1" 404 1948
[2025-05-03 01:35:30,056] WARNING [7296] basehttp "GET /static/images/default-avatar.jpg HTTP/1.1" 404 1948
[2025-05-03 01:36:41,982] WARNING [13284] basehttp "GET /static/css/owl.carousel.min.css HTTP/1.1" 404 1945
[2025-05-03 01:36:41,986] WARNING [13284] basehttp "GET /static/css/all.min.css HTTP/1.1" 404 1918
[2025-05-03 01:36:42,014] WARNING [13284] basehttp "GET /static/css/bootstrap.css HTTP/1.1" 404 1924
[2025-05-03 01:36:42,027] WARNING [13284] basehttp "GET /static/js/jquery-3.4.1.min.js HTTP/1.1" 404 1939
[2025-05-03 01:36:42,034] WARNING [13284] basehttp "GET /static/css/style.css HTTP/1.1" 404 1912
[2025-05-03 01:36:42,042] WARNING [13284] basehttp "GET /static/js/bootstrap.js HTTP/1.1" 404 1918
[2025-05-03 01:36:42,053] WARNING [13284] basehttp "GET /static/js/owl.carousel.min.js HTTP/1.1" 404 1939
[2025-05-03 01:36:42,057] WARNING [13284] basehttp "GET /static/css/responsive.css HTTP/1.1" 404 1927
[2025-05-03 01:36:42,077] WARNING [13284] basehttp "GET /static/js/main.js HTTP/1.1" 404 1903
[2025-05-03 01:36:42,081] WARNING [13284] basehttp "GET /static/js/custom.js HTTP/1.1" 404 1909
[2025-05-03 01:36:42,081] WARNING [13284] basehttp "GET /static/images/default_signup.svg HTTP/1.1" 404 1948
[2025-05-03 01:36:42,142] WARNING [13284] basehttp "GET /static/images/default-avatar.jpg HTTP/1.1" 404 1948
[2025-05-03 01:37:05,609] WARNING [13284] basehttp "GET /static/css/all.min.css HTTP/1.1" 404 1918
[2025-05-03 01:37:05,611] WARNING [13284] basehttp "GET /static/css/owl.carousel.min.css HTTP/1.1" 404 1945
[2025-05-03 01:37:05,611] WARNING [13284] basehttp "GET /static/js/jquery-3.4.1.min.js HTTP/1.1" 404 1939
[2025-05-03 01:37:05,632] WARNING [13284] basehttp "GET /static/css/bootstrap.css HTTP/1.1" 404 1924
[2025-05-03 01:37:05,633] WARNING [13284] basehttp "GET /static/js/bootstrap.js HTTP/1.1" 404 1918
[2025-05-03 01:37:05,636] WARNING [13284] basehttp "GET /static/js/owl.carousel.min.js HTTP/1.1" 404 1939
[2025-05-03 01:37:05,676] WARNING [13284] basehttp "GET /static/css/style.css HTTP/1.1" 404 1912
[2025-05-03 01:37:05,683] WARNING [13284] basehttp "GET /static/js/custom.js HTTP/1.1" 404 1909
[2025-05-03 01:37:05,683] WARNING [13284] basehttp "GET /static/css/responsive.css HTTP/1.1" 404 1927
[2025-05-03 01:37:05,688] WARNING [13284] basehttp "GET /static/images/default_signup.svg HTTP/1.1" 404 1948
[2025-05-03 01:37:05,691] WARNING [13284] basehttp "GET /static/js/main.js HTTP/1.1" 404 1903
[2025-05-03 01:37:05,724] WARNING [13284] basehttp "GET /static/images/default-avatar.jpg HTTP/1.1" 404 1948
[2025-05-03 01:37:06,407] WARNING [13284] basehttp "GET /static/css/all.min.css HTTP/1.1" 404 1918
[2025-05-03 01:37:06,409] WARNING [13284] basehttp "GET /static/css/owl.carousel.min.css HTTP/1.1" 404 1945
[2025-05-03 01:37:06,411] WARNING [13284] basehttp "GET /static/js/jquery-3.4.1.min.js HTTP/1.1" 404 1939
[2025-05-03 01:37:06,436] WARNING [13284] basehttp "GET /static/css/bootstrap.css HTTP/1.1" 404 1924
[2025-05-03 01:37:06,453] WARNING [13284] basehttp "GET /static/js/owl.carousel.min.js HTTP/1.1" 404 1939
[2025-05-03 01:37:06,460] WARNING [13284] basehttp "GET /static/js/bootstrap.js HTTP/1.1" 404 1918
[2025-05-03 01:37:06,486] WARNING [13284] basehttp "GET /static/css/style.css HTTP/1.1" 404 1912
[2025-05-03 01:37:06,490] WARNING [13284] basehttp "GET /static/css/responsive.css HTTP/1.1" 404 1927
[2025-05-03 01:37:06,496] WARNING [13284] basehttp "GET /static/js/custom.js HTTP/1.1" 404 1909
[2025-05-03 01:37:06,501] WARNING [13284] basehttp "GET /static/images/default_signup.svg HTTP/1.1" 404 1948
[2025-05-03 01:37:06,502] WARNING [13284] basehttp "GET /static/js/main.js HTTP/1.1" 404 1903
[2025-05-03 01:37:06,537] WARNING [13284] basehttp "GET /static/images/default-avatar.jpg HTTP/1.1" 404 1948
[2025-05-03 01:45:28,067] WARNING [11196] basehttp "GET /static/css/owl.carousel.min.css HTTP/1.1" 404 1945
[2025-05-03 01:45:28,067] WARNING [11196] basehttp "GET /static/js/jquery-3.4.1.min.js HTTP/1.1" 404 1939
[2025-05-03 01:45:28,110] WARNING [11196] basehttp "GET /static/js/owl.carousel.min.js HTTP/1.1" 404 1939
[2025-05-03 01:45:28,133] WARNING [11196] basehttp "GET /static/css/all.min.css HTTP/1.1" 404 1918
[2025-05-03 01:45:28,136] WARNING [11196] basehttp "GET /static/js/bootstrap.js HTTP/1.1" 404 1918
[2025-05-03 01:45:28,137] WARNING [11196] basehttp "GET /static/js/custom.js HTTP/1.1" 404 1909
[2025-05-03 01:45:28,169] WARNING [11196] basehttp "GET /static/css/bootstrap.css HTTP/1.1" 404 1924
[2025-05-03 01:45:28,214] WARNING [11196] basehttp "GET /static/css/style.css HTTP/1.1" 404 1912
[2025-05-03 01:45:28,220] WARNING [11196] basehttp "GET /static/css/responsive.css HTTP/1.1" 404 1927
[2025-05-03 01:45:28,224] WARNING [11196] basehttp "GET /static/js/main.js HTTP/1.1" 404 1903
[2025-05-03 01:45:28,227] WARNING [11196] basehttp "GET /static/images/default_signup.svg HTTP/1.1" 404 1948
[2025-05-03 01:45:28,260] WARNING [11196] basehttp "GET /static/images/default-avatar.jpg HTTP/1.1" 404 1948
[2025-05-03 01:45:32,786] WARNING [11196] basehttp "GET /static/css/all.min.css HTTP/1.1" 404 1918
[2025-05-03 01:45:32,787] WARNING [11196] basehttp "GET /static/css/owl.carousel.min.css HTTP/1.1" 404 1945
[2025-05-03 01:45:32,800] WARNING [11196] basehttp "GET /static/js/jquery-3.4.1.min.js HTTP/1.1" 404 1939
[2025-05-03 01:45:32,820] WARNING [11196] basehttp "GET /static/css/style.css HTTP/1.1" 404 1912
[2025-05-03 01:45:32,820] WARNING [11196] basehttp "GET /static/css/bootstrap.css HTTP/1.1" 404 1924
[2025-05-03 01:45:32,840] WARNING [11196] basehttp "GET /static/css/responsive.css HTTP/1.1" 404 1927
[2025-05-03 01:45:32,854] WARNING [11196] basehttp "GET /static/js/owl.carousel.min.js HTTP/1.1" 404 1939
[2025-05-03 01:45:32,864] WARNING [11196] basehttp "GET /static/js/bootstrap.js HTTP/1.1" 404 1918
[2025-05-03 01:45:32,871] WARNING [11196] basehttp "GET /static/js/custom.js HTTP/1.1" 404 1909
[2025-05-03 01:45:32,873] WARNING [11196] basehttp "GET /static/js/main.js HTTP/1.1" 404 1903
[2025-05-03 01:45:32,879] WARNING [11196] basehttp "GET /static/images/default_signup.svg HTTP/1.1" 404 1948
[2025-05-03 01:45:32,909] WARNING [11196] basehttp "GET /static/images/default-avatar.jpg HTTP/1.1" 404 1948
[2025-05-03 01:45:34,379] WARNING [11196] basehttp "GET /static/css/all.min.css HTTP/1.1" 404 1918
[2025-05-03 01:45:34,379] WARNING [11196] basehttp "GET /static/css/owl.carousel.min.css HTTP/1.1" 404 1945
[2025-05-03 01:45:34,410] WARNING [11196] basehttp "GET /static/css/style.css HTTP/1.1" 404 1912
[2025-05-03 01:45:34,410] WARNING [11196] basehttp "GET /static/css/bootstrap.css HTTP/1.1" 404 1924
[2025-05-03 01:45:34,412] WARNING [11196] basehttp "GET /static/js/jquery-3.4.1.min.js HTTP/1.1" 404 1939
[2025-05-03 01:45:34,443] WARNING [11196] basehttp "GET /static/css/responsive.css HTTP/1.1" 404 1927
[2025-05-03 01:45:34,446] WARNING [11196] basehttp "GET /static/js/owl.carousel.min.js HTTP/1.1" 404 1939
[2025-05-03 01:45:34,451] WARNING [11196] basehttp "GET /static/js/bootstrap.js HTTP/1.1" 404 1918
[2025-05-03 01:45:34,467] WARNING [11196] basehttp "GET /static/js/main.js HTTP/1.1" 404 1903
[2025-05-03 01:45:34,468] WARNING [11196] basehttp "GET /static/js/custom.js HTTP/1.1" 404 1909
[2025-05-03 01:45:34,472] WARNING [11196] basehttp "GET /static/images/default_signup.svg HTTP/1.1" 404 1948
[2025-05-03 01:45:34,503] WARNING [11196] basehttp "GET /static/images/default-avatar.jpg HTTP/1.1" 404 1948
[2025-05-03 01:45:35,787] WARNING [11196] basehttp "GET /static/css/all.min.css HTTP/1.1" 404 1918
[2025-05-03 01:45:35,789] WARNING [11196] basehttp "GET /static/css/owl.carousel.min.css HTTP/1.1" 404 1945
[2025-05-03 01:45:35,801] WARNING [11196] basehttp "GET /static/js/jquery-3.4.1.min.js HTTP/1.1" 404 1939
[2025-05-03 01:45:35,811] WARNING [11196] basehttp "GET /static/css/bootstrap.css HTTP/1.1" 404 1924
[2025-05-03 01:45:35,812] WARNING [11196] basehttp "GET /static/css/style.css HTTP/1.1" 404 1912
[2025-05-03 01:45:35,832] WARNING [11196] basehttp "GET /static/js/owl.carousel.min.js HTTP/1.1" 404 1939
[2025-05-03 01:45:35,865] WARNING [11196] basehttp "GET /static/js/bootstrap.js HTTP/1.1" 404 1918
[2025-05-03 01:45:35,867] WARNING [11196] basehttp "GET /static/js/custom.js HTTP/1.1" 404 1909
[2025-05-03 01:45:35,869] WARNING [11196] basehttp "GET /static/js/main.js HTTP/1.1" 404 1903
[2025-05-03 01:45:35,870] WARNING [11196] basehttp "GET /static/css/responsive.css HTTP/1.1" 404 1927
[2025-05-03 01:45:35,873] WARNING [11196] basehttp "GET /static/images/default_signup.svg HTTP/1.1" 404 1948
[2025-05-03 01:45:35,913] WARNING [11196] basehttp "GET /static/images/default-avatar.jpg HTTP/1.1" 404 1948
[2025-05-03 01:46:17,816] WARNING [11196] basehttp "GET /static/css/all.min.css HTTP/1.1" 404 1918
[2025-05-03 01:46:17,818] WARNING [11196] basehttp "GET /static/css/owl.carousel.min.css HTTP/1.1" 404 1945
[2025-05-03 01:46:17,834] WARNING [11196] basehttp "GET /static/css/bootstrap.css HTTP/1.1" 404 1924
[2025-05-03 01:46:17,849] WARNING [11196] basehttp "GET /static/js/owl.carousel.min.js HTTP/1.1" 404 1939
[2025-05-03 01:46:17,854] WARNING [11196] basehttp "GET /static/js/jquery-3.4.1.min.js HTTP/1.1" 404 1939
[2025-05-03 01:46:17,898] WARNING [11196] basehttp "GET /static/css/style.css HTTP/1.1" 404 1912
[2025-05-03 01:46:17,919] WARNING [11196] basehttp "GET /static/js/custom.js HTTP/1.1" 404 1909
[2025-05-03 01:46:17,928] WARNING [11196] basehttp "GET /static/js/main.js HTTP/1.1" 404 1903
[2025-05-03 01:46:17,929] WARNING [11196] basehttp "GET /static/css/responsive.css HTTP/1.1" 404 1927
[2025-05-03 01:46:17,930] WARNING [11196] basehttp "GET /static/js/bootstrap.js HTTP/1.1" 404 1918
[2025-05-03 01:46:17,935] WARNING [11196] basehttp "GET /static/images/default_signup.svg HTTP/1.1" 404 1948
[2025-05-03 01:46:17,989] WARNING [11196] basehttp "GET /static/images/default-avatar.jpg HTTP/1.1" 404 1948
[2025-05-03 01:46:18,849] WARNING [11196] basehttp "GET /static/css/all.min.css HTTP/1.1" 404 1918
[2025-05-03 01:46:18,857] WARNING [11196] basehttp "GET /static/css/bootstrap.css HTTP/1.1" 404 1924
[2025-05-03 01:46:18,857] WARNING [11196] basehttp "GET /static/css/owl.carousel.min.css HTTP/1.1" 404 1945
[2025-05-03 01:46:18,858] WARNING [11196] basehttp "GET /static/js/jquery-3.4.1.min.js HTTP/1.1" 404 1939
[2025-05-03 01:46:18,909] WARNING [11196] basehttp "GET /static/css/style.css HTTP/1.1" 404 1912
[2025-05-03 01:46:18,918] WARNING [11196] basehttp "GET /static/css/responsive.css HTTP/1.1" 404 1927
[2025-05-03 01:46:18,921] WARNING [11196] basehttp "GET /static/js/owl.carousel.min.js HTTP/1.1" 404 1939
[2025-05-03 01:46:18,928] WARNING [11196] basehttp "GET /static/js/main.js HTTP/1.1" 404 1903
[2025-05-03 01:46:18,928] WARNING [11196] basehttp "GET /static/js/bootstrap.js HTTP/1.1" 404 1918
[2025-05-03 01:46:18,939] WARNING [11196] basehttp "GET /static/js/custom.js HTTP/1.1" 404 1909
[2025-05-03 01:46:18,943] WARNING [11196] basehttp "GET /static/images/default_signup.svg HTTP/1.1" 404 1948
[2025-05-03 01:46:18,990] WARNING [11196] basehttp "GET /static/images/default-avatar.jpg HTTP/1.1" 404 1948
[2025-05-03 01:48:58,246] WARNING [11196] basehttp "GET /static/css/all.min.css HTTP/1.1" 404 1918
[2025-05-03 01:48:58,250] WARNING [11196] basehttp "GET /static/js/jquery-3.4.1.min.js HTTP/1.1" 404 1939
[2025-05-03 01:48:58,256] WARNING [11196] basehttp "GET /static/css/owl.carousel.min.css HTTP/1.1" 404 1945
[2025-05-03 01:48:58,302] WARNING [11196] basehttp "GET /static/js/bootstrap.js HTTP/1.1" 404 1918
[2025-05-03 01:48:58,334] WARNING [11196] basehttp "GET /static/js/owl.carousel.min.js HTTP/1.1" 404 1939
[2025-05-03 01:48:58,344] WARNING [11196] basehttp "GET /static/css/bootstrap.css HTTP/1.1" 404 1924
[2025-05-03 01:48:58,363] WARNING [11196] basehttp "GET /static/css/style.css HTTP/1.1" 404 1912
[2025-05-03 01:48:58,370] WARNING [11196] basehttp "GET /static/css/responsive.css HTTP/1.1" 404 1927
[2025-05-03 01:48:58,370] WARNING [11196] basehttp "GET /static/js/custom.js HTTP/1.1" 404 1909
[2025-05-03 01:48:58,371] WARNING [11196] basehttp "GET /static/js/main.js HTTP/1.1" 404 1903
[2025-05-03 01:48:58,391] WARNING [11196] basehttp "GET /static/images/default_signup.svg HTTP/1.1" 404 1948
[2025-05-03 01:48:58,442] WARNING [11196] basehttp "GET /static/images/default-avatar.jpg HTTP/1.1" 404 1948
[2025-05-03 02:06:13,256] WARNING [3432] basehttp "GET /static/images/default-avatar.jpg HTTP/1.1" 404 1948
[2025-05-03 02:06:13,551] WARNING [3432] basehttp "GET /favicon.ico HTTP/1.1" 404 4295
[2025-05-03 02:06:26,970] WARNING [3432] basehttp "GET /static/images/default.jpg HTTP/1.1" 404 1927
[2025-05-03 02:07:41,635] WARNING [3432] basehttp "GET /static/images/default_signup.svg HTTP/1.1" 404 1948
[2025-05-03 02:07:43,321] WARNING [3432] basehttp "GET /static/images/default_signup.svg HTTP/1.1" 404 1948
[2025-05-03 02:07:44,328] WARNING [3432] basehttp "GET /static/images/default_signup.svg HTTP/1.1" 404 1948
[2025-05-03 02:15:31,064] WARNING [12024] basehttp "GET /static/images/default_signup.svg HTTP/1.1" 404 1948
[2025-05-03 02:15:31,810] WARNING [12024] basehttp "GET /static/images/default_signup.svg HTTP/1.1" 404 1948
[2025-05-03 02:15:32,774] WARNING [12024] basehttp "GET /static/images/default_signup.svg HTTP/1.1" 404 1948
[2025-05-03 02:15:33,278] WARNING [12024] basehttp "GET /static/images/default_signup.svg HTTP/1.1" 404 1948
[2025-05-03 02:15:34,440] WARNING [12024] basehttp "GET /static/images/default_signup.svg HTTP/1.1" 404 1948
[2025-05-03 02:15:56,493] WARNING [12024] basehttp "GET /static/images/default_signup.svg HTTP/1.1" 404 1948
[2025-05-03 02:20:38,538] WARNING [12528] basehttp "GET /static/css/all.min.css HTTP/1.1" 404 1918
[2025-05-03 02:20:38,590] WARNING [12528] basehttp "GET /static/css/owl.carousel.min.css HTTP/1.1" 404 1945
[2025-05-03 02:20:38,596] WARNING [12528] basehttp "GET /static/js/owl.carousel.min.js HTTP/1.1" 404 1939
[2025-05-03 02:20:38,628] WARNING [12528] basehttp "GET /static/js/jquery-3.4.1.min.js HTTP/1.1" 404 1939
[2025-05-03 02:20:38,628] WARNING [12528] basehttp "GET /static/css/bootstrap.css HTTP/1.1" 404 1924
[2025-05-03 02:20:38,641] WARNING [12528] basehttp "GET /static/css/style.css HTTP/1.1" 404 1912
[2025-05-03 02:20:38,648] WARNING [12528] basehttp "GET /static/js/bootstrap.js HTTP/1.1" 404 1918
[2025-05-03 02:20:38,666] WARNING [12528] basehttp "GET /static/css/responsive.css HTTP/1.1" 404 1927
[2025-05-03 02:20:38,677] WARNING [12528] basehttp "GET /static/js/custom.js HTTP/1.1" 404 1909
[2025-05-03 02:20:38,680] WARNING [12528] basehttp "GET /static/images/default_signup.svg HTTP/1.1" 404 1948
[2025-05-03 02:20:38,683] WARNING [12528] basehttp "GET /static/js/main.js HTTP/1.1" 404 1903
[2025-05-03 02:20:38,734] WARNING [12528] basehttp "GET /static/images/default_signup.svg HTTP/1.1" 404 1948
[2025-05-03 02:20:43,228] WARNING [12528] basehttp "GET /static/css/all.min.css HTTP/1.1" 404 1918
[2025-05-03 02:20:43,230] WARNING [12528] basehttp "GET /static/js/jquery-3.4.1.min.js HTTP/1.1" 404 1939
[2025-05-03 02:20:43,230] WARNING [12528] basehttp "GET /static/css/owl.carousel.min.css HTTP/1.1" 404 1945
[2025-05-03 02:20:43,237] WARNING [12528] basehttp "GET /static/css/bootstrap.css HTTP/1.1" 404 1924
[2025-05-03 02:20:43,280] WARNING [12528] basehttp "GET /static/css/style.css HTTP/1.1" 404 1912
[2025-05-03 02:20:43,291] WARNING [12528] basehttp "GET /static/css/responsive.css HTTP/1.1" 404 1927
[2025-05-03 02:20:43,310] WARNING [12528] basehttp "GET /static/js/owl.carousel.min.js HTTP/1.1" 404 1939
[2025-05-03 02:20:43,311] WARNING [12528] basehttp "GET /static/js/bootstrap.js HTTP/1.1" 404 1918
[2025-05-03 02:20:43,314] WARNING [12528] basehttp "GET /static/js/main.js HTTP/1.1" 404 1903
[2025-05-03 02:20:43,327] WARNING [12528] basehttp "GET /static/js/custom.js HTTP/1.1" 404 1909
[2025-05-03 02:20:43,332] WARNING [12528] basehttp "GET /static/images/default_signup.svg HTTP/1.1" 404 1948
[2025-05-03 02:20:43,371] WARNING [12528] basehttp "GET /static/images/default_signup.svg HTTP/1.1" 404 1948
[2025-05-03 02:20:44,514] WARNING [12528] basehttp "GET /static/css/all.min.css HTTP/1.1" 404 1918
[2025-05-03 02:20:44,516] WARNING [12528] basehttp "GET /static/js/jquery-3.4.1.min.js HTTP/1.1" 404 1939
[2025-05-03 02:20:44,526] WARNING [12528] basehttp "GET /static/css/owl.carousel.min.css HTTP/1.1" 404 1945
[2025-05-03 02:20:44,545] WARNING [12528] basehttp "GET /static/js/bootstrap.js HTTP/1.1" 404 1918
[2025-05-03 02:20:44,547] WARNING [12528] basehttp "GET /static/css/bootstrap.css HTTP/1.1" 404 1924
[2025-05-03 02:20:44,568] WARNING [12528] basehttp "GET /static/js/owl.carousel.min.js HTTP/1.1" 404 1939
[2025-05-03 02:20:44,599] WARNING [12528] basehttp "GET /static/css/style.css HTTP/1.1" 404 1912
[2025-05-03 02:20:44,605] WARNING [12528] basehttp "GET /static/css/responsive.css HTTP/1.1" 404 1927
[2025-05-03 02:20:44,612] WARNING [12528] basehttp "GET /static/js/main.js HTTP/1.1" 404 1903
[2025-05-03 02:20:44,613] WARNING [12528] basehttp "GET /static/js/custom.js HTTP/1.1" 404 1909
[2025-05-03 02:20:44,613] WARNING [12528] basehttp "GET /static/images/default_signup.svg HTTP/1.1" 404 1948
[2025-05-03 02:20:44,649] WARNING [12528] basehttp "GET /static/images/default_signup.svg HTTP/1.1" 404 1948
[2025-05-03 02:21:38,399] WARNING [12528] basehttp "GET /static/js/jquery-3.4.1.min.js HTTP/1.1" 404 1939
[2025-05-03 02:21:38,400] WARNING [12528] basehttp "GET /static/css/all.min.css HTTP/1.1" 404 1918
[2025-05-03 02:21:38,400] WARNING [12528] basehttp "GET /static/js/owl.carousel.min.js HTTP/1.1" 404 1939
[2025-05-03 02:21:38,401] WARNING [12528] basehttp "GET /static/css/owl.carousel.min.css HTTP/1.1" 404 1945
[2025-05-03 02:21:38,442] WARNING [12528] basehttp "GET /static/js/bootstrap.js HTTP/1.1" 404 1918
[2025-05-03 02:21:38,480] WARNING [12528] basehttp "GET /static/css/bootstrap.css HTTP/1.1" 404 1924
[2025-05-03 02:21:38,509] WARNING [12528] basehttp "GET /static/css/style.css HTTP/1.1" 404 1912
[2025-05-03 02:21:38,514] WARNING [12528] basehttp "GET /static/js/custom.js HTTP/1.1" 404 1909
[2025-05-03 02:21:38,516] WARNING [12528] basehttp "GET /static/css/responsive.css HTTP/1.1" 404 1927
[2025-05-03 02:21:38,524] WARNING [12528] basehttp "GET /static/js/main.js HTTP/1.1" 404 1903
[2025-05-03 02:21:38,527] WARNING [12528] basehttp "GET /static/images/default_signup.svg HTTP/1.1" 404 1948
[2025-05-03 02:21:39,258] WARNING [12528] basehttp "GET /static/css/all.min.css HTTP/1.1" 404 1918
[2025-05-03 02:21:39,259] WARNING [12528] basehttp "GET /static/css/owl.carousel.min.css HTTP/1.1" 404 1945
[2025-05-03 02:21:39,298] WARNING [12528] basehttp "GET /static/css/bootstrap.css HTTP/1.1" 404 1924
[2025-05-03 02:21:39,298] WARNING [12528] basehttp "GET /static/js/jquery-3.4.1.min.js HTTP/1.1" 404 1939
[2025-05-03 02:21:39,313] WARNING [12528] basehttp "GET /static/css/responsive.css HTTP/1.1" 404 1927
[2025-05-03 02:21:39,328] WARNING [12528] basehttp "GET /static/css/style.css HTTP/1.1" 404 1912
[2025-05-03 02:21:39,362] WARNING [12528] basehttp "GET /static/js/owl.carousel.min.js HTTP/1.1" 404 1939
[2025-05-03 02:21:39,392] WARNING [12528] basehttp "GET /static/js/bootstrap.js HTTP/1.1" 404 1918
[2025-05-03 02:21:39,397] WARNING [12528] basehttp "GET /static/images/default_signup.svg HTTP/1.1" 404 1948
[2025-05-03 02:21:39,399] WARNING [12528] basehttp "GET /static/js/custom.js HTTP/1.1" 404 1909
[2025-05-03 02:21:39,399] WARNING [12528] basehttp "GET /static/js/main.js HTTP/1.1" 404 1903
[2025-05-03 02:21:39,481] WARNING [12528] basehttp "GET /static/images/default_signup.svg HTTP/1.1" 404 1948
[2025-05-03 02:41:58,540] WARNING [13304] basehttp "GET /static/images/default_signup.svg HTTP/1.1" 404 1948
[2025-05-03 02:41:59,380] WARNING [13304] basehttp "GET /static/images/default_signup.svg HTTP/1.1" 404 1948
[2025-05-03 02:42:19,092] WARNING [13304] basehttp "GET /static/images/default-signup.svg HTTP/1.1" 404 1948
[2025-05-03 02:42:46,915] WARNING [13304] basehttp "GET /static/images/default.jpg HTTP/1.1" 404 1927
[2025-05-03 02:42:53,199] WARNING [13304] basehttp "GET /static/images/default.jpg HTTP/1.1" 404 1927
[2025-05-03 02:42:56,487] WARNING [13304] basehttp "GET /static/css/all.min.css HTTP/1.1" 404 1918
[2025-05-03 02:42:56,487] WARNING [13304] basehttp "GET /static/css/owl.carousel.min.css HTTP/1.1" 404 1945
[2025-05-03 02:42:56,496] WARNING [13304] basehttp "GET /static/css/style.css HTTP/1.1" 404 1912
[2025-05-03 02:42:56,527] WARNING [13304] basehttp "GET /static/css/bootstrap.css HTTP/1.1" 404 1924
[2025-05-03 02:42:56,536] WARNING [13304] basehttp "GET /static/css/responsive.css HTTP/1.1" 404 1927
[2025-05-03 02:42:56,555] WARNING [13304] basehttp "GET /static/js/jquery-3.4.1.min.js HTTP/1.1" 404 1939
[2025-05-03 02:42:56,572] WARNING [13304] basehttp "GET /static/js/owl.carousel.min.js HTTP/1.1" 404 1939
[2025-05-03 02:42:56,578] WARNING [13304] basehttp "GET /static/js/custom.js HTTP/1.1" 404 1909
[2025-05-03 02:42:56,582] WARNING [13304] basehttp "GET /static/js/main.js HTTP/1.1" 404 1903
[2025-05-03 02:42:56,583] WARNING [13304] basehttp "GET /static/js/bootstrap.js HTTP/1.1" 404 1918
[2025-05-03 02:42:56,603] WARNING [13304] basehttp "GET /accounts/register/url(/static/images/default-signup.svg) HTTP/1.1" 404 5418
[2025-05-03 02:42:56,652] WARNING [13304] basehttp "GET /static/images/default.jpg HTTP/1.1" 404 1927
[2025-05-03 02:42:58,218] WARNING [13304] basehttp "GET /static/css/all.min.css HTTP/1.1" 404 1918
[2025-05-03 02:42:58,244] WARNING [13304] basehttp "GET /static/css/style.css HTTP/1.1" 404 1912
[2025-05-03 02:42:58,246] WARNING [13304] basehttp "GET /static/css/responsive.css HTTP/1.1" 404 1927
[2025-05-03 02:42:58,246] WARNING [13304] basehttp "GET /static/css/owl.carousel.min.css HTTP/1.1" 404 1945
[2025-05-03 02:42:58,249] WARNING [13304] basehttp "GET /static/js/jquery-3.4.1.min.js HTTP/1.1" 404 1939
[2025-05-03 02:42:58,261] WARNING [13304] basehttp "GET /static/css/bootstrap.css HTTP/1.1" 404 1924
[2025-05-03 02:42:58,300] WARNING [13304] basehttp "GET /static/js/owl.carousel.min.js HTTP/1.1" 404 1939
[2025-05-03 02:42:58,310] WARNING [13304] basehttp "GET /static/js/custom.js HTTP/1.1" 404 1909
[2025-05-03 02:42:58,313] WARNING [13304] basehttp "GET /static/js/bootstrap.js HTTP/1.1" 404 1918
[2025-05-03 02:42:58,314] WARNING [13304] basehttp "GET /static/js/main.js HTTP/1.1" 404 1903
[2025-05-03 02:42:58,320] WARNING [13304] basehttp "GET /accounts/register/url(/static/images/default-signup.svg) HTTP/1.1" 404 5418
[2025-05-03 02:42:58,357] WARNING [13304] basehttp "GET /static/images/default.jpg HTTP/1.1" 404 1927
[2025-05-03 02:42:58,919] WARNING [13304] basehttp "GET /static/css/all.min.css HTTP/1.1" 404 1918
[2025-05-03 02:42:58,923] WARNING [13304] basehttp "GET /static/css/owl.carousel.min.css HTTP/1.1" 404 1945
[2025-05-03 02:42:58,930] WARNING [13304] basehttp "GET /static/js/jquery-3.4.1.min.js HTTP/1.1" 404 1939
[2025-05-03 02:42:58,955] WARNING [13304] basehttp "GET /static/js/owl.carousel.min.js HTTP/1.1" 404 1939
[2025-05-03 02:42:58,956] WARNING [13304] basehttp "GET /static/js/bootstrap.js HTTP/1.1" 404 1918
[2025-05-03 02:42:58,979] WARNING [13304] basehttp "GET /static/css/bootstrap.css HTTP/1.1" 404 1924
[2025-05-03 02:42:58,997] WARNING [13304] basehttp "GET /static/css/style.css HTTP/1.1" 404 1912
[2025-05-03 02:42:59,003] WARNING [13304] basehttp "GET /static/js/custom.js HTTP/1.1" 404 1909
[2025-05-03 02:42:59,003] WARNING [13304] basehttp "GET /static/css/responsive.css HTTP/1.1" 404 1927
[2025-05-03 02:42:59,011] WARNING [13304] basehttp "GET /static/js/main.js HTTP/1.1" 404 1903
[2025-05-03 02:42:59,021] WARNING [13304] basehttp "GET /accounts/register/url(/static/images/default-signup.svg) HTTP/1.1" 404 5418
[2025-05-03 02:42:59,047] WARNING [13304] basehttp "GET /static/images/default.jpg HTTP/1.1" 404 1927
[2025-05-03 02:43:22,386] WARNING [13304] basehttp "GET /static/css/owl.carousel.min.css HTTP/1.1" 404 1945
[2025-05-03 02:43:22,387] WARNING [13304] basehttp "GET /static/css/all.min.css HTTP/1.1" 404 1918
[2025-05-03 02:43:22,407] WARNING [13304] basehttp "GET /static/js/bootstrap.js HTTP/1.1" 404 1918
[2025-05-03 02:43:22,411] WARNING [13304] basehttp "GET /static/js/owl.carousel.min.js HTTP/1.1" 404 1939
[2025-05-03 02:43:22,418] WARNING [13304] basehttp "GET /static/js/jquery-3.4.1.min.js HTTP/1.1" 404 1939
[2025-05-03 02:43:22,424] WARNING [13304] basehttp "GET /static/css/bootstrap.css HTTP/1.1" 404 1924
[2025-05-03 02:43:22,471] WARNING [13304] basehttp "GET /static/css/style.css HTTP/1.1" 404 1912
[2025-05-03 02:43:22,479] WARNING [13304] basehttp "GET /static/css/responsive.css HTTP/1.1" 404 1927
[2025-05-03 02:43:22,481] WARNING [13304] basehttp "GET /static/js/custom.js HTTP/1.1" 404 1909
[2025-05-03 02:43:22,485] WARNING [13304] basehttp "GET /static/js/main.js HTTP/1.1" 404 1903
[2025-05-03 02:43:22,491] WARNING [13304] basehttp "GET /static/images/default-signup.svg HTTP/1.1" 404 1948
[2025-05-03 02:43:22,546] WARNING [13304] basehttp "GET /static/images/default.jpg HTTP/1.1" 404 1927
[2025-05-03 02:43:44,451] WARNING [11456] basehttp "GET /static/js/jquery-3.4.1.min.js HTTP/1.1" 404 1939
[2025-05-03 02:43:44,456] WARNING [11456] basehttp "GET /static/css/all.min.css HTTP/1.1" 404 1918
[2025-05-03 02:43:44,484] WARNING [11456] basehttp "GET /static/css/owl.carousel.min.css HTTP/1.1" 404 1945
[2025-05-03 02:43:44,496] WARNING [11456] basehttp "GET /static/js/bootstrap.js HTTP/1.1" 404 1918
[2025-05-03 02:43:44,508] WARNING [11456] basehttp "GET /static/css/bootstrap.css HTTP/1.1" 404 1924
[2025-05-03 02:43:44,524] WARNING [11456] basehttp "GET /static/js/owl.carousel.min.js HTTP/1.1" 404 1939
[2025-05-03 02:43:44,534] WARNING [11456] basehttp "GET /static/css/style.css HTTP/1.1" 404 1912
[2025-05-03 02:43:44,544] WARNING [11456] basehttp "GET /static/css/responsive.css HTTP/1.1" 404 1927
[2025-05-03 02:43:44,549] WARNING [11456] basehttp "GET /static/js/custom.js HTTP/1.1" 404 1909
[2025-05-03 02:43:44,554] WARNING [11456] basehttp "GET /static/js/main.js HTTP/1.1" 404 1903
[2025-05-03 02:43:44,555] WARNING [11456] basehttp "GET /static/images/default-signup.svg HTTP/1.1" 404 1948
[2025-05-03 02:43:44,605] WARNING [11456] basehttp "GET /static/images/default.jpg HTTP/1.1" 404 1927
[2025-05-03 02:43:45,328] WARNING [11456] basehttp "GET /static/css/all.min.css HTTP/1.1" 404 1918
[2025-05-03 02:43:45,333] WARNING [11456] basehttp "GET /static/css/owl.carousel.min.css HTTP/1.1" 404 1945
[2025-05-03 02:43:45,341] WARNING [11456] basehttp "GET /static/js/bootstrap.js HTTP/1.1" 404 1918
[2025-05-03 02:43:45,345] WARNING [11456] basehttp "GET /static/js/jquery-3.4.1.min.js HTTP/1.1" 404 1939
[2025-05-03 02:43:45,355] WARNING [11456] basehttp "GET /static/js/owl.carousel.min.js HTTP/1.1" 404 1939
[2025-05-03 02:43:45,369] WARNING [11456] basehttp "GET /static/css/bootstrap.css HTTP/1.1" 404 1924
[2025-05-03 02:43:45,405] WARNING [11456] basehttp "GET /static/css/style.css HTTP/1.1" 404 1912
[2025-05-03 02:43:45,406] WARNING [11456] basehttp "GET /static/css/responsive.css HTTP/1.1" 404 1927
[2025-05-03 02:43:45,407] WARNING [11456] basehttp "GET /static/js/custom.js HTTP/1.1" 404 1909
[2025-05-03 02:43:45,414] WARNING [11456] basehttp "GET /static/js/main.js HTTP/1.1" 404 1903
[2025-05-03 02:43:45,420] WARNING [11456] basehttp "GET /static/images/default-signup.svg HTTP/1.1" 404 1948
[2025-05-03 02:43:45,451] WARNING [11456] basehttp "GET /static/images/default.jpg HTTP/1.1" 404 1927
[2025-05-03 02:43:54,877] WARNING [11456] basehttp "GET /static/css/owl.carousel.min.css HTTP/1.1" 404 1945
[2025-05-03 02:43:54,883] WARNING [11456] basehttp "GET /static/css/bootstrap.css HTTP/1.1" 404 1924
[2025-05-03 02:43:54,894] WARNING [11456] basehttp "GET /static/css/all.min.css HTTP/1.1" 404 1918
[2025-05-03 02:43:54,961] WARNING [11456] basehttp "GET /static/js/jquery-3.4.1.min.js HTTP/1.1" 404 1939
[2025-05-03 02:43:54,965] WARNING [11456] basehttp "GET /static/css/responsive.css HTTP/1.1" 404 1927
[2025-05-03 02:43:54,977] WARNING [11456] basehttp "GET /static/css/style.css HTTP/1.1" 404 1912
[2025-05-03 02:43:54,988] WARNING [11456] basehttp "GET /static/js/owl.carousel.min.js HTTP/1.1" 404 1939
[2025-05-03 02:43:55,003] WARNING [11456] basehttp "GET /static/js/custom.js HTTP/1.1" 404 1909
[2025-05-03 02:43:55,015] WARNING [11456] basehttp "GET /static/js/bootstrap.js HTTP/1.1" 404 1918
[2025-05-03 02:43:55,019] WARNING [11456] basehttp "GET /static/js/main.js HTTP/1.1" 404 1903
[2025-05-03 02:43:55,079] WARNING [11456] basehttp "GET /static/js/recipe.js HTTP/1.1" 404 1909
[2025-05-03 02:43:58,045] WARNING [11456] basehttp "GET /static/css/all.min.css HTTP/1.1" 404 1918
[2025-05-03 02:43:58,060] WARNING [11456] basehttp "GET /static/css/owl.carousel.min.css HTTP/1.1" 404 1945
[2025-05-03 02:43:58,063] WARNING [11456] basehttp "GET /static/css/style.css HTTP/1.1" 404 1912
[2025-05-03 02:43:58,067] WARNING [11456] basehttp "GET /static/css/responsive.css HTTP/1.1" 404 1927
[2025-05-03 02:43:58,070] WARNING [11456] basehttp "GET /static/css/bootstrap.css HTTP/1.1" 404 1924
[2025-05-03 02:43:58,103] WARNING [11456] basehttp "GET /static/js/jquery-3.4.1.min.js HTTP/1.1" 404 1939
[2025-05-03 02:43:58,113] WARNING [11456] basehttp "GET /static/js/owl.carousel.min.js HTTP/1.1" 404 1939
[2025-05-03 02:43:58,132] WARNING [11456] basehttp "GET /static/js/bootstrap.js HTTP/1.1" 404 1918
[2025-05-03 02:43:58,133] WARNING [11456] basehttp "GET /static/images/default-signup.svg HTTP/1.1" 404 1948
[2025-05-03 02:43:58,136] WARNING [11456] basehttp "GET /static/js/custom.js HTTP/1.1" 404 1909
[2025-05-03 02:43:58,141] WARNING [11456] basehttp "GET /static/js/main.js HTTP/1.1" 404 1903
[2025-05-03 02:43:58,170] WARNING [11456] basehttp "GET /static/images/default.jpg HTTP/1.1" 404 1927
[2025-05-03 02:44:18,692] WARNING [11456] basehttp "GET /static/css/owl.carousel.min.css HTTP/1.1" 404 1945
[2025-05-03 02:44:18,692] WARNING [11456] basehttp "GET /static/js/jquery-3.4.1.min.js HTTP/1.1" 404 1939
[2025-05-03 02:44:18,697] WARNING [11456] basehttp "GET /static/css/all.min.css HTTP/1.1" 404 1918
[2025-05-03 02:44:18,698] WARNING [11456] basehttp "GET /static/js/owl.carousel.min.js HTTP/1.1" 404 1939
[2025-05-03 02:44:18,713] WARNING [11456] basehttp "GET /static/css/bootstrap.css HTTP/1.1" 404 1924
[2025-05-03 02:44:18,714] WARNING [11456] basehttp "GET /static/js/bootstrap.js HTTP/1.1" 404 1918
[2025-05-03 02:44:18,746] WARNING [11456] basehttp "GET /static/css/style.css HTTP/1.1" 404 1912
[2025-05-03 02:44:18,759] WARNING [11456] basehttp "GET /static/css/responsive.css HTTP/1.1" 404 1927
[2025-05-03 02:44:18,759] WARNING [11456] basehttp "GET /static/js/custom.js HTTP/1.1" 404 1909
[2025-05-03 02:44:18,763] WARNING [11456] basehttp "GET /static/js/main.js HTTP/1.1" 404 1903
[2025-05-03 02:44:46,970] WARNING [11456] basehttp "GET /static/css/all.min.css HTTP/1.1" 404 1918
[2025-05-03 02:44:47,023] WARNING [11456] basehttp "GET /static/css/bootstrap.css HTTP/1.1" 404 1924
[2025-05-03 02:44:47,040] WARNING [11456] basehttp "GET /static/css/responsive.css HTTP/1.1" 404 1927
[2025-05-03 02:44:47,043] WARNING [11456] basehttp "GET /static/css/style.css HTTP/1.1" 404 1912
[2025-05-03 02:44:47,056] WARNING [11456] basehttp "GET /static/js/jquery-3.4.1.min.js HTTP/1.1" 404 1939
[2025-05-03 02:44:47,063] WARNING [11456] basehttp "GET /static/css/owl.carousel.min.css HTTP/1.1" 404 1945
[2025-05-03 02:44:47,103] WARNING [11456] basehttp "GET /static/js/owl.carousel.min.js HTTP/1.1" 404 1939
[2025-05-03 02:44:47,121] WARNING [11456] basehttp "GET /static/js/main.js HTTP/1.1" 404 1903
[2025-05-03 02:44:47,127] WARNING [11456] basehttp "GET /static/js/custom.js HTTP/1.1" 404 1909
[2025-05-03 02:44:47,130] WARNING [11456] basehttp "GET /static/js/bootstrap.js HTTP/1.1" 404 1918
[2025-05-03 02:44:47,135] WARNING [11456] basehttp "GET /static/js/recipe.js HTTP/1.1" 404 1909
[2025-05-03 02:44:51,416] WARNING [11456] basehttp "GET /static/css/all.min.css HTTP/1.1" 404 1918
[2025-05-03 02:44:51,435] WARNING [11456] basehttp "GET /static/css/owl.carousel.min.css HTTP/1.1" 404 1945
[2025-05-03 02:44:51,440] WARNING [11456] basehttp "GET /static/js/jquery-3.4.1.min.js HTTP/1.1" 404 1939
[2025-05-03 02:44:51,457] WARNING [11456] basehttp "GET /static/js/owl.carousel.min.js HTTP/1.1" 404 1939
[2025-05-03 02:44:51,474] WARNING [11456] basehttp "GET /static/css/bootstrap.css HTTP/1.1" 404 1924
[2025-05-03 02:44:51,486] WARNING [11456] basehttp "GET /static/css/style.css HTTP/1.1" 404 1912
[2025-05-03 02:44:51,487] WARNING [11456] basehttp "GET /static/css/responsive.css HTTP/1.1" 404 1927
[2025-05-03 02:44:51,507] WARNING [11456] basehttp "GET /static/js/bootstrap.js HTTP/1.1" 404 1918
[2025-05-03 02:44:51,521] WARNING [11456] basehttp "GET /static/js/main.js HTTP/1.1" 404 1903
[2025-05-03 02:44:51,521] WARNING [11456] basehttp "GET /static/js/custom.js HTTP/1.1" 404 1909
[2025-05-03 02:44:51,534] WARNING [11456] basehttp "GET /media/profile_pics/default.jpg HTTP/1.1" 404 4429
[2025-05-03 02:44:55,782] WARNING [11456] basehttp "GET /static/css/all.min.css HTTP/1.1" 404 1918
[2025-05-03 02:44:55,784] WARNING [11456] basehttp "GET /static/js/jquery-3.4.1.min.js HTTP/1.1" 404 1939
[2025-05-03 02:44:55,790] WARNING [11456] basehttp "GET /static/css/owl.carousel.min.css HTTP/1.1" 404 1945
[2025-05-03 02:44:55,817] WARNING [11456] basehttp "GET /static/css/responsive.css HTTP/1.1" 404 1927
[2025-05-03 02:44:55,818] WARNING [11456] basehttp "GET /static/css/bootstrap.css HTTP/1.1" 404 1924
[2025-05-03 02:44:55,835] WARNING [11456] basehttp "GET /static/css/style.css HTTP/1.1" 404 1912
[2025-05-03 02:44:55,860] WARNING [11456] basehttp "GET /static/css/styles.css?v=1746220495 HTTP/1.1" 404 1928
[2025-05-03 02:44:55,868] WARNING [11456] basehttp "GET /static/js/bootstrap.js HTTP/1.1" 404 1918
[2025-05-03 02:44:55,869] WARNING [11456] basehttp "GET /static/js/owl.carousel.min.js HTTP/1.1" 404 1939
[2025-05-03 02:44:55,873] WARNING [11456] basehttp "GET /static/js/main.js HTTP/1.1" 404 1903
[2025-05-03 02:44:55,877] WARNING [11456] basehttp "GET /static/js/custom.js HTTP/1.1" 404 1909
[2025-05-03 02:44:55,921] WARNING [11456] basehttp "GET /media/profile_pics/default.jpg HTTP/1.1" 404 4429
[2025-05-03 02:45:07,337] WARNING [11456] basehttp "GET /static/css/all.min.css HTTP/1.1" 404 1918
[2025-05-03 02:45:07,340] WARNING [11456] basehttp "GET /static/css/owl.carousel.min.css HTTP/1.1" 404 1945
[2025-05-03 02:45:07,340] WARNING [11456] basehttp "GET /static/js/jquery-3.4.1.min.js HTTP/1.1" 404 1939
[2025-05-03 02:45:07,369] WARNING [11456] basehttp "GET /static/js/bootstrap.js HTTP/1.1" 404 1918
[2025-05-03 02:45:07,381] WARNING [11456] basehttp "GET /static/js/owl.carousel.min.js HTTP/1.1" 404 1939
[2025-05-03 02:45:07,402] WARNING [11456] basehttp "GET /static/css/bootstrap.css HTTP/1.1" 404 1924
[2025-05-03 02:45:07,402] WARNING [11456] basehttp "GET /static/css/style.css HTTP/1.1" 404 1912
[2025-05-03 02:45:07,422] WARNING [11456] basehttp "GET /static/js/main.js HTTP/1.1" 404 1903
[2025-05-03 02:45:07,428] WARNING [11456] basehttp "GET /static/js/custom.js HTTP/1.1" 404 1909
[2025-05-03 02:45:07,433] WARNING [11456] basehttp "GET /static/css/responsive.css HTTP/1.1" 404 1927
[2025-05-03 02:46:03,106] WARNING [12664] basehttp "GET /static/js/bootstrap.js HTTP/1.1" 404 1918
[2025-05-03 02:46:03,109] WARNING [12664] basehttp "GET /static/css/all.min.css HTTP/1.1" 404 1918
[2025-05-03 02:46:03,109] WARNING [12664] basehttp "GET /static/js/owl.carousel.min.js HTTP/1.1" 404 1939
[2025-05-03 02:46:03,109] WARNING [12664] basehttp "GET /static/js/custom.js HTTP/1.1" 404 1909
[2025-05-03 02:46:03,110] WARNING [12664] basehttp "GET /static/js/jquery-3.4.1.min.js HTTP/1.1" 404 1939
[2025-05-03 02:46:03,112] WARNING [12664] basehttp "GET /static/css/owl.carousel.min.css HTTP/1.1" 404 1945
[2025-05-03 02:46:03,177] WARNING [12664] basehttp "GET /static/css/bootstrap.css HTTP/1.1" 404 1924
[2025-05-03 02:46:03,189] WARNING [12664] basehttp "GET /static/css/style.css HTTP/1.1" 404 1912
[2025-05-03 02:46:03,189] WARNING [12664] basehttp "GET /static/css/responsive.css HTTP/1.1" 404 1927
[2025-05-03 02:46:03,194] WARNING [12664] basehttp "GET /static/js/main.js HTTP/1.1" 404 1903
[2025-05-03 02:46:07,194] WARNING [12664] basehttp "GET /static/css/all.min.css HTTP/1.1" 404 1918
[2025-05-03 02:46:07,196] WARNING [12664] basehttp "GET /static/css/owl.carousel.min.css HTTP/1.1" 404 1945
[2025-05-03 02:46:07,210] WARNING [12664] basehttp "GET /static/js/owl.carousel.min.js HTTP/1.1" 404 1939
[2025-05-03 02:46:07,211] WARNING [12664] basehttp "GET /static/js/jquery-3.4.1.min.js HTTP/1.1" 404 1939
[2025-05-03 02:46:07,227] WARNING [12664] basehttp "GET /static/css/bootstrap.css HTTP/1.1" 404 1924
[2025-05-03 02:46:07,237] WARNING [12664] basehttp "GET /static/js/bootstrap.js HTTP/1.1" 404 1918
[2025-05-03 02:46:07,261] WARNING [12664] basehttp "GET /static/css/style.css HTTP/1.1" 404 1912
[2025-05-03 02:46:07,272] WARNING [12664] basehttp "GET /static/css/responsive.css HTTP/1.1" 404 1927
[2025-05-03 02:46:07,277] WARNING [12664] basehttp "GET /static/js/custom.js HTTP/1.1" 404 1909
[2025-05-03 02:46:07,286] WARNING [12664] basehttp "GET /static/images/default-signup.svg HTTP/1.1" 404 1948
[2025-05-03 02:46:07,287] WARNING [12664] basehttp "GET /static/js/main.js HTTP/1.1" 404 1903
[2025-05-03 02:46:07,320] WARNING [12664] basehttp "GET /static/images/default.jpg HTTP/1.1" 404 1927
[2025-05-03 02:46:44,725] WARNING [12664] basehttp "GET /static/css/all.min.css HTTP/1.1" 404 1918
[2025-05-03 02:46:44,725] WARNING [12664] basehttp "GET /static/css/owl.carousel.min.css HTTP/1.1" 404 1945
[2025-05-03 02:46:44,743] WARNING [12664] basehttp "GET /static/js/owl.carousel.min.js HTTP/1.1" 404 1939
[2025-05-03 02:46:44,743] WARNING [12664] basehttp "GET /static/css/bootstrap.css HTTP/1.1" 404 1924
[2025-05-03 02:46:44,768] WARNING [12664] basehttp "GET /static/js/bootstrap.js HTTP/1.1" 404 1918
[2025-05-03 02:46:44,780] WARNING [12664] basehttp "GET /static/js/jquery-3.4.1.min.js HTTP/1.1" 404 1939
[2025-05-03 02:46:44,809] WARNING [12664] basehttp "GET /static/css/responsive.css HTTP/1.1" 404 1927
[2025-05-03 02:46:44,813] WARNING [12664] basehttp "GET /static/js/custom.js HTTP/1.1" 404 1909
[2025-05-03 02:46:44,824] WARNING [12664] basehttp "GET /static/css/style.css HTTP/1.1" 404 1912
[2025-05-03 02:46:44,829] WARNING [12664] basehttp "GET /static/js/main.js HTTP/1.1" 404 1903
[2025-05-03 02:46:44,831] WARNING [12664] basehttp "GET /static/images/default-signup.svg HTTP/1.1" 404 1948
[2025-05-03 02:46:44,861] WARNING [12664] basehttp "GET /static/images/default.jpg HTTP/1.1" 404 1927
[2025-05-03 02:47:21,353] WARNING [12664] basehttp "GET /static/css/all.min.css HTTP/1.1" 404 1918
[2025-05-03 02:47:21,376] WARNING [12664] basehttp "GET /static/css/owl.carousel.min.css HTTP/1.1" 404 1945
[2025-05-03 02:47:21,397] WARNING [12664] basehttp "GET /static/css/style.css HTTP/1.1" 404 1912
[2025-05-03 02:47:21,409] WARNING [12664] basehttp "GET /static/css/bootstrap.css HTTP/1.1" 404 1924
[2025-05-03 02:47:21,410] WARNING [12664] basehttp "GET /static/js/jquery-3.4.1.min.js HTTP/1.1" 404 1939
[2025-05-03 02:47:21,411] WARNING [12664] basehttp "GET /static/css/responsive.css HTTP/1.1" 404 1927
[2025-05-03 02:47:21,445] WARNING [12664] basehttp "GET /static/js/owl.carousel.min.js HTTP/1.1" 404 1939
[2025-05-03 02:47:21,462] WARNING [12664] basehttp "GET /static/js/bootstrap.js HTTP/1.1" 404 1918
[2025-05-03 02:47:21,466] WARNING [12664] basehttp "GET /static/js/main.js HTTP/1.1" 404 1903
[2025-05-03 02:47:21,470] WARNING [12664] basehttp "GET /static/js/custom.js HTTP/1.1" 404 1909
[2025-05-03 02:47:21,475] WARNING [12664] basehttp "GET /static/images/default-signup.svg HTTP/1.1" 404 1948
[2025-05-03 02:47:21,537] WARNING [12664] basehttp "GET /static/images/default.jpg HTTP/1.1" 404 1927
[2025-05-03 02:48:11,434] WARNING [12664] basehttp "GET /static/css/owl.carousel.min.css HTTP/1.1" 404 1945
[2025-05-03 02:48:11,434] WARNING [12664] basehttp "GET /static/js/jquery-3.4.1.min.js HTTP/1.1" 404 1939
[2025-05-03 02:48:11,454] WARNING [12664] basehttp "GET /static/css/all.min.css HTTP/1.1" 404 1918
[2025-05-03 02:48:11,491] WARNING [12664] basehttp "GET /static/js/bootstrap.js HTTP/1.1" 404 1918
[2025-05-03 02:48:11,505] WARNING [12664] basehttp "GET /static/css/bootstrap.css HTTP/1.1" 404 1924
[2025-05-03 02:48:11,505] WARNING [12664] basehttp "GET /static/js/owl.carousel.min.js HTTP/1.1" 404 1939
[2025-05-03 02:48:11,532] WARNING [12664] basehttp "GET /static/css/style.css HTTP/1.1" 404 1912
[2025-05-03 02:48:11,540] WARNING [12664] basehttp "GET /static/css/responsive.css HTTP/1.1" 404 1927
[2025-05-03 02:48:11,540] WARNING [12664] basehttp "GET /static/js/custom.js HTTP/1.1" 404 1909
[2025-05-03 02:48:11,544] WARNING [12664] basehttp "GET /static/js/main.js HTTP/1.1" 404 1903
[2025-05-03 02:48:43,904] WARNING [12664] basehttp "GET /static/css/all.min.css HTTP/1.1" 404 1918
[2025-05-03 02:48:43,953] WARNING [12664] basehttp "GET /static/css/bootstrap.css HTTP/1.1" 404 1924
[2025-05-03 02:48:43,967] WARNING [12664] basehttp "GET /static/css/responsive.css HTTP/1.1" 404 1927
[2025-05-03 02:48:43,968] WARNING [12664] basehttp "GET /static/css/owl.carousel.min.css HTTP/1.1" 404 1945
[2025-05-03 02:48:43,974] WARNING [12664] basehttp "GET /static/css/style.css HTTP/1.1" 404 1912
[2025-05-03 02:48:43,982] WARNING [12664] basehttp "GET /static/js/jquery-3.4.1.min.js HTTP/1.1" 404 1939
[2025-05-03 02:48:43,997] WARNING [12664] basehttp "GET /static/js/owl.carousel.min.js HTTP/1.1" 404 1939
[2025-05-03 02:48:44,043] WARNING [12664] basehttp "GET /static/js/main.js HTTP/1.1" 404 1903
[2025-05-03 02:48:44,046] WARNING [12664] basehttp "GET /static/js/bootstrap.js HTTP/1.1" 404 1918
[2025-05-03 02:48:44,047] WARNING [12664] basehttp "GET /static/js/custom.js HTTP/1.1" 404 1909
[2025-05-03 02:48:44,052] WARNING [12664] basehttp "GET /static/js/recipe.js HTTP/1.1" 404 1909
[2025-05-03 02:48:48,518] WARNING [12664] basehttp "GET /static/css/all.min.css HTTP/1.1" 404 1918
[2025-05-03 02:48:48,525] WARNING [12664] basehttp "GET /static/js/jquery-3.4.1.min.js HTTP/1.1" 404 1939
[2025-05-03 02:48:48,533] WARNING [12664] basehttp "GET /static/css/owl.carousel.min.css HTTP/1.1" 404 1945
[2025-05-03 02:48:48,569] WARNING [12664] basehttp "GET /static/js/bootstrap.js HTTP/1.1" 404 1918
[2025-05-03 02:48:48,569] WARNING [12664] basehttp "GET /static/css/bootstrap.css HTTP/1.1" 404 1924
[2025-05-03 02:48:48,587] WARNING [12664] basehttp "GET /static/css/responsive.css HTTP/1.1" 404 1927
[2025-05-03 02:48:48,590] WARNING [12664] basehttp "GET /static/css/style.css HTTP/1.1" 404 1912
[2025-05-03 02:48:48,595] WARNING [12664] basehttp "GET /static/js/owl.carousel.min.js HTTP/1.1" 404 1939
[2025-05-03 02:48:48,604] WARNING [12664] basehttp "GET /static/js/custom.js HTTP/1.1" 404 1909
[2025-05-03 02:48:48,629] WARNING [12664] basehttp "GET /static/js/main.js HTTP/1.1" 404 1903
[2025-05-03 02:48:48,636] WARNING [12664] basehttp "GET /media/static/images/default.jpg HTTP/1.1" 404 4433
[2025-05-03 02:53:10,270] WARNING [6252] basehttp "GET /static/css/owl.carousel.min.css HTTP/1.1" 404 1945
[2025-05-03 02:53:10,285] WARNING [6252] basehttp "GET /static/css/all.min.css HTTP/1.1" 404 1918
[2025-05-03 02:53:10,332] WARNING [6252] basehttp "GET /static/js/owl.carousel.min.js HTTP/1.1" 404 1939
[2025-05-03 02:53:10,350] WARNING [6252] basehttp "GET /static/js/bootstrap.js HTTP/1.1" 404 1918
[2025-05-03 02:53:10,350] WARNING [6252] basehttp "GET /static/js/custom.js HTTP/1.1" 404 1909
[2025-05-03 02:53:10,374] WARNING [6252] basehttp "GET /static/js/jquery-3.4.1.min.js HTTP/1.1" 404 1939
[2025-05-03 02:53:10,383] WARNING [6252] basehttp "GET /static/css/style.css HTTP/1.1" 404 1912
[2025-05-03 02:53:10,385] WARNING [6252] basehttp "GET /static/css/bootstrap.css HTTP/1.1" 404 1924
[2025-05-03 02:53:10,410] WARNING [6252] basehttp "GET /static/css/responsive.css HTTP/1.1" 404 1927
[2025-05-03 02:53:10,411] WARNING [6252] basehttp "GET /static/js/main.js HTTP/1.1" 404 1903
[2025-05-03 02:53:10,423] WARNING [6252] basehttp "GET /media/static/images/default.jpg HTTP/1.1" 404 4433
[2025-05-03 02:53:11,401] WARNING [6252] basehttp "GET /static/css/all.min.css HTTP/1.1" 404 1918
[2025-05-03 02:53:11,402] WARNING [6252] basehttp "GET /static/css/owl.carousel.min.css HTTP/1.1" 404 1945
[2025-05-03 02:53:11,431] WARNING [6252] basehttp "GET /static/js/jquery-3.4.1.min.js HTTP/1.1" 404 1939
[2025-05-03 02:53:11,450] WARNING [6252] basehttp "GET /static/js/owl.carousel.min.js HTTP/1.1" 404 1939
[2025-05-03 02:53:11,453] WARNING [6252] basehttp "GET /static/css/responsive.css HTTP/1.1" 404 1927
[2025-05-03 02:53:11,465] WARNING [6252] basehttp "GET /static/css/bootstrap.css HTTP/1.1" 404 1924
[2025-05-03 02:53:11,469] WARNING [6252] basehttp "GET /static/js/bootstrap.js HTTP/1.1" 404 1918
[2025-05-03 02:53:11,479] WARNING [6252] basehttp "GET /static/css/style.css HTTP/1.1" 404 1912
[2025-05-03 02:53:11,493] WARNING [6252] basehttp "GET /static/js/custom.js HTTP/1.1" 404 1909
[2025-05-03 02:53:11,505] WARNING [6252] basehttp "GET /static/js/main.js HTTP/1.1" 404 1903
[2025-05-03 02:53:11,506] WARNING [6252] basehttp "GET /media/static/images/default.jpg HTTP/1.1" 404 4433
[2025-05-03 02:53:11,570] WARNING [6252] basehttp "GET /media/static/images/default.jpg HTTP/1.1" 404 4433
[2025-05-03 02:53:38,426] WARNING [10468] basehttp "GET /static/css/all.min.css HTTP/1.1" 404 1918
[2025-05-03 02:53:38,433] WARNING [10468] basehttp "GET /static/css/owl.carousel.min.css HTTP/1.1" 404 1945
[2025-05-03 02:53:38,458] WARNING [10468] basehttp "GET /static/js/jquery-3.4.1.min.js HTTP/1.1" 404 1939
[2025-05-03 02:53:38,459] WARNING [10468] basehttp "GET /static/js/custom.js HTTP/1.1" 404 1909
[2025-05-03 02:53:38,463] WARNING [10468] basehttp "GET /static/js/owl.carousel.min.js HTTP/1.1" 404 1939
[2025-05-03 02:53:38,483] WARNING [10468] basehttp "GET /static/js/bootstrap.js HTTP/1.1" 404 1918
[2025-05-03 02:53:38,499] WARNING [10468] basehttp "GET /static/css/bootstrap.css HTTP/1.1" 404 1924
[2025-05-03 02:53:38,499] WARNING [10468] basehttp "GET /static/css/responsive.css HTTP/1.1" 404 1927
[2025-05-03 02:53:38,504] WARNING [10468] basehttp "GET /static/css/style.css HTTP/1.1" 404 1912
[2025-05-03 02:53:38,512] WARNING [10468] basehttp "GET /static/js/main.js HTTP/1.1" 404 1903
[2025-05-03 02:53:51,475] WARNING [10468] basehttp "GET /static/css/all.min.css HTTP/1.1" 404 1918
[2025-05-03 02:53:51,478] WARNING [10468] basehttp "GET /static/css/owl.carousel.min.css HTTP/1.1" 404 1945
[2025-05-03 02:53:51,495] WARNING [10468] basehttp "GET /static/js/owl.carousel.min.js HTTP/1.1" 404 1939
[2025-05-03 02:53:51,509] WARNING [10468] basehttp "GET /static/js/bootstrap.js HTTP/1.1" 404 1918
[2025-05-03 02:53:51,518] WARNING [10468] basehttp "GET /static/js/jquery-3.4.1.min.js HTTP/1.1" 404 1939
[2025-05-03 02:53:51,540] WARNING [10468] basehttp "GET /static/css/bootstrap.css HTTP/1.1" 404 1924
[2025-05-03 02:53:51,560] WARNING [10468] basehttp "GET /static/css/responsive.css HTTP/1.1" 404 1927
[2025-05-03 02:53:51,562] WARNING [10468] basehttp "GET /static/js/custom.js HTTP/1.1" 404 1909
[2025-05-03 02:53:51,567] WARNING [10468] basehttp "GET /static/js/main.js HTTP/1.1" 404 1903
[2025-05-03 02:53:51,573] WARNING [10468] basehttp "GET /static/css/style.css HTTP/1.1" 404 1912
[2025-05-03 02:53:51,577] WARNING [10468] basehttp "GET /static/js/recipe.js HTTP/1.1" 404 1909
[2025-05-03 02:54:10,755] WARNING [10468] basehttp "GET /static/css/all.min.css HTTP/1.1" 404 1918
[2025-05-03 02:54:10,796] WARNING [10468] basehttp "GET /static/css/style.css HTTP/1.1" 404 1912
[2025-05-03 02:54:10,797] WARNING [10468] basehttp "GET /static/css/owl.carousel.min.css HTTP/1.1" 404 1945
[2025-05-03 02:54:10,802] WARNING [10468] basehttp "GET /static/css/bootstrap.css HTTP/1.1" 404 1924
[2025-05-03 02:54:10,807] WARNING [10468] basehttp "GET /static/css/responsive.css HTTP/1.1" 404 1927
[2025-05-03 02:54:10,818] WARNING [10468] basehttp "GET /static/js/owl.carousel.min.js HTTP/1.1" 404 1939
[2025-05-03 02:54:10,821] WARNING [10468] basehttp "GET /static/js/jquery-3.4.1.min.js HTTP/1.1" 404 1939
[2025-05-03 02:54:10,860] WARNING [10468] basehttp "GET /static/js/bootstrap.js HTTP/1.1" 404 1918
[2025-05-03 02:54:10,862] WARNING [10468] basehttp "GET /static/js/main.js HTTP/1.1" 404 1903
[2025-05-03 02:54:10,867] WARNING [10468] basehttp "GET /static/js/custom.js HTTP/1.1" 404 1909
[2025-05-03 02:57:27,122] WARNING [10900] basehttp "GET /static/css/all.min.css HTTP/1.1" 404 1918
[2025-05-03 02:57:27,147] WARNING [10900] basehttp "GET /static/js/jquery-3.4.1.min.js HTTP/1.1" 404 1939
[2025-05-03 02:57:27,148] WARNING [10900] basehttp "GET /static/css/owl.carousel.min.css HTTP/1.1" 404 1945
[2025-05-03 02:57:27,156] WARNING [10900] basehttp "GET /static/js/owl.carousel.min.js HTTP/1.1" 404 1939
[2025-05-03 02:57:27,157] WARNING [10900] basehttp "GET /static/css/bootstrap.css HTTP/1.1" 404 1924
[2025-05-03 02:57:27,175] WARNING [10900] basehttp "GET /static/js/bootstrap.js HTTP/1.1" 404 1918
[2025-05-03 02:57:27,195] WARNING [10900] basehttp "GET /static/css/style.css HTTP/1.1" 404 1912
[2025-05-03 02:57:27,200] WARNING [10900] basehttp "GET /static/css/responsive.css HTTP/1.1" 404 1927
[2025-05-03 02:57:27,205] WARNING [10900] basehttp "GET /static/js/custom.js HTTP/1.1" 404 1909
[2025-05-03 02:57:27,208] WARNING [10900] basehttp "GET /static/js/main.js HTTP/1.1" 404 1903
[2025-05-03 02:57:28,713] WARNING [10900] basehttp "GET /static/css/all.min.css HTTP/1.1" 404 1918
[2025-05-03 02:57:28,714] WARNING [10900] basehttp "GET /static/css/owl.carousel.min.css HTTP/1.1" 404 1945
[2025-05-03 02:57:28,727] WARNING [10900] basehttp "GET /static/css/bootstrap.css HTTP/1.1" 404 1924
[2025-05-03 02:57:28,740] WARNING [10900] basehttp "GET /static/css/style.css HTTP/1.1" 404 1912
[2025-05-03 02:57:28,747] WARNING [10900] basehttp "GET /static/js/owl.carousel.min.js HTTP/1.1" 404 1939
[2025-05-03 02:57:28,753] WARNING [10900] basehttp "GET /static/css/responsive.css HTTP/1.1" 404 1927
[2025-05-03 02:57:28,774] WARNING [10900] basehttp "GET /static/js/bootstrap.js HTTP/1.1" 404 1918
[2025-05-03 02:57:28,778] WARNING [10900] basehttp "GET /static/js/custom.js HTTP/1.1" 404 1909
[2025-05-03 02:57:28,781] WARNING [10900] basehttp "GET /static/js/jquery-3.4.1.min.js HTTP/1.1" 404 1939
[2025-05-03 02:57:28,785] WARNING [10900] basehttp "GET /static/js/main.js HTTP/1.1" 404 1903
[2025-05-03 02:57:55,235] WARNING [10900] basehttp "GET /static/css/all.min.css HTTP/1.1" 404 1918
[2025-05-03 02:57:55,250] WARNING [10900] basehttp "GET /static/js/owl.carousel.min.js HTTP/1.1" 404 1939
[2025-05-03 02:57:55,253] WARNING [10900] basehttp "GET /static/css/owl.carousel.min.css HTTP/1.1" 404 1945
[2025-05-03 02:57:55,264] WARNING [10900] basehttp "GET /static/js/bootstrap.js HTTP/1.1" 404 1918
[2025-05-03 02:57:55,275] WARNING [10900] basehttp "GET /static/css/bootstrap.css HTTP/1.1" 404 1924
[2025-05-03 02:57:55,288] WARNING [10900] basehttp "GET /static/js/jquery-3.4.1.min.js HTTP/1.1" 404 1939
[2025-05-03 02:57:55,301] WARNING [10900] basehttp "GET /static/css/style.css HTTP/1.1" 404 1912
[2025-05-03 02:57:55,314] WARNING [10900] basehttp "GET /static/css/responsive.css HTTP/1.1" 404 1927
[2025-05-03 02:57:55,319] WARNING [10900] basehttp "GET /static/js/main.js HTTP/1.1" 404 1903
[2025-05-03 02:57:55,320] WARNING [10900] basehttp "GET /static/js/custom.js HTTP/1.1" 404 1909
[2025-05-03 02:57:56,271] WARNING [10900] basehttp "GET /static/js/jquery-3.4.1.min.js HTTP/1.1" 404 1939
[2025-05-03 02:57:56,281] WARNING [10900] basehttp "GET /static/css/owl.carousel.min.css HTTP/1.1" 404 1945
[2025-05-03 02:57:56,282] WARNING [10900] basehttp "GET /static/css/all.min.css HTTP/1.1" 404 1918
[2025-05-03 02:57:56,302] WARNING [10900] basehttp "GET /static/css/style.css HTTP/1.1" 404 1912
[2025-05-03 02:57:56,302] WARNING [10900] basehttp "GET /static/css/responsive.css HTTP/1.1" 404 1927
[2025-05-03 02:57:56,319] WARNING [10900] basehttp "GET /static/css/bootstrap.css HTTP/1.1" 404 1924
[2025-05-03 02:57:56,324] WARNING [10900] basehttp "GET /static/js/bootstrap.js HTTP/1.1" 404 1918
[2025-05-03 02:57:56,328] WARNING [10900] basehttp "GET /static/js/owl.carousel.min.js HTTP/1.1" 404 1939
[2025-05-03 02:57:56,351] WARNING [10900] basehttp "GET /static/js/custom.js HTTP/1.1" 404 1909
[2025-05-03 02:57:56,354] WARNING [10900] basehttp "GET /static/js/main.js HTTP/1.1" 404 1903
[2025-05-03 02:59:50,262] WARNING [10900] basehttp "GET /static/css/all.min.css HTTP/1.1" 404 1918
[2025-05-03 02:59:50,281] WARNING [10900] basehttp "GET /static/js/jquery-3.4.1.min.js HTTP/1.1" 404 1939
[2025-05-03 02:59:50,281] WARNING [10900] basehttp "GET /static/css/bootstrap.css HTTP/1.1" 404 1924
[2025-05-03 02:59:50,297] WARNING [10900] basehttp "GET /static/css/owl.carousel.min.css HTTP/1.1" 404 1945
[2025-05-03 02:59:50,306] WARNING [10900] basehttp "GET /static/css/style.css HTTP/1.1" 404 1912
[2025-05-03 02:59:50,324] WARNING [10900] basehttp "GET /static/js/owl.carousel.min.js HTTP/1.1" 404 1939
[2025-05-03 02:59:50,340] WARNING [10900] basehttp "GET /static/css/responsive.css HTTP/1.1" 404 1927
[2025-05-03 02:59:50,345] WARNING [10900] basehttp "GET /static/js/custom.js HTTP/1.1" 404 1909
[2025-05-03 02:59:50,347] WARNING [10900] basehttp "GET /static/js/bootstrap.js HTTP/1.1" 404 1918
[2025-05-03 02:59:50,354] WARNING [10900] basehttp "GET /static/js/main.js HTTP/1.1" 404 1903
[2025-05-03 03:00:06,369] WARNING [10900] basehttp "GET /static/css/all.min.css HTTP/1.1" 404 1918
[2025-05-03 03:00:06,371] WARNING [10900] basehttp "GET /static/js/jquery-3.4.1.min.js HTTP/1.1" 404 1939
[2025-05-03 03:00:06,372] WARNING [10900] basehttp "GET /static/css/owl.carousel.min.css HTTP/1.1" 404 1945
[2025-05-03 03:00:06,372] WARNING [10900] basehttp "GET /static/js/owl.carousel.min.js HTTP/1.1" 404 1939
[2025-05-03 03:00:06,403] WARNING [10900] basehttp "GET /static/js/bootstrap.js HTTP/1.1" 404 1918
[2025-05-03 03:00:06,420] WARNING [10900] basehttp "GET /static/css/bootstrap.css HTTP/1.1" 404 1924
[2025-05-03 03:00:06,439] WARNING [10900] basehttp "GET /static/css/style.css HTTP/1.1" 404 1912
[2025-05-03 03:00:06,439] WARNING [10900] basehttp "GET /static/css/responsive.css HTTP/1.1" 404 1927
[2025-05-03 03:00:06,443] WARNING [10900] basehttp "GET /static/js/custom.js HTTP/1.1" 404 1909
[2025-05-03 03:00:06,448] WARNING [10900] basehttp "GET /static/js/main.js HTTP/1.1" 404 1903
[2025-05-03 03:00:06,451] WARNING [10900] basehttp "GET /static/images/default-signup.svg HTTP/1.1" 404 1948
[2025-05-03 03:01:23,559] WARNING [10900] basehttp "GET /static/css/all.min.css HTTP/1.1" 404 1918
[2025-05-03 03:01:23,566] WARNING [10900] basehttp "GET /static/css/owl.carousel.min.css HTTP/1.1" 404 1945
[2025-05-03 03:01:23,613] WARNING [10900] basehttp "GET /static/js/bootstrap.js HTTP/1.1" 404 1918
[2025-05-03 03:01:23,616] WARNING [10900] basehttp "GET /static/js/owl.carousel.min.js HTTP/1.1" 404 1939
[2025-05-03 03:01:23,624] WARNING [10900] basehttp "GET /static/js/custom.js HTTP/1.1" 404 1909
[2025-05-03 03:01:23,635] WARNING [10900] basehttp "GET /static/css/style.css HTTP/1.1" 404 1912
[2025-05-03 03:01:23,636] WARNING [10900] basehttp "GET /static/js/jquery-3.4.1.min.js HTTP/1.1" 404 1939
[2025-05-03 03:01:23,644] WARNING [10900] basehttp "GET /static/css/bootstrap.css HTTP/1.1" 404 1924
[2025-05-03 03:01:23,678] WARNING [10900] basehttp "GET /static/css/responsive.css HTTP/1.1" 404 1927
[2025-05-03 03:01:23,680] WARNING [10900] basehttp "GET /static/images/default-signup.svg HTTP/1.1" 404 1948
[2025-05-03 03:01:23,681] WARNING [10900] basehttp "GET /static/js/main.js HTTP/1.1" 404 1903
[2025-05-03 03:01:28,694] WARNING [10900] basehttp "GET /static/css/all.min.css HTTP/1.1" 404 1918
[2025-05-03 03:01:28,694] WARNING [10900] basehttp "GET /static/css/owl.carousel.min.css HTTP/1.1" 404 1945
[2025-05-03 03:01:28,732] WARNING [10900] basehttp "GET /static/js/owl.carousel.min.js HTTP/1.1" 404 1939
[2025-05-03 03:01:28,754] WARNING [10900] basehttp "GET /static/js/custom.js HTTP/1.1" 404 1909
[2025-05-03 03:01:28,765] WARNING [10900] basehttp "GET /static/js/jquery-3.4.1.min.js HTTP/1.1" 404 1939
[2025-05-03 03:01:28,774] WARNING [10900] basehttp "GET /static/css/bootstrap.css HTTP/1.1" 404 1924
[2025-05-03 03:01:28,791] WARNING [10900] basehttp "GET /static/js/bootstrap.js HTTP/1.1" 404 1918
[2025-05-03 03:01:28,793] WARNING [10900] basehttp "GET /static/css/style.css HTTP/1.1" 404 1912
[2025-05-03 03:01:28,796] WARNING [10900] basehttp "GET /static/css/responsive.css HTTP/1.1" 404 1927
[2025-05-03 03:01:28,798] WARNING [10900] basehttp "GET /static/js/main.js HTTP/1.1" 404 1903
[2025-05-03 03:01:40,025] WARNING [10900] basehttp "GET /static/css/owl.carousel.min.css HTTP/1.1" 404 1945
[2025-05-03 03:01:40,025] WARNING [10900] basehttp "GET /static/css/all.min.css HTTP/1.1" 404 1918
[2025-05-03 03:01:40,030] WARNING [10900] basehttp "GET /static/js/jquery-3.4.1.min.js HTTP/1.1" 404 1939
[2025-05-03 03:01:40,062] WARNING [10900] basehttp "GET /static/js/bootstrap.js HTTP/1.1" 404 1918
[2025-05-03 03:01:40,078] WARNING [10900] basehttp "GET /static/js/owl.carousel.min.js HTTP/1.1" 404 1939
[2025-05-03 03:01:40,094] WARNING [10900] basehttp "GET /static/css/bootstrap.css HTTP/1.1" 404 1924
[2025-05-03 03:01:40,108] WARNING [10900] basehttp "GET /static/css/style.css HTTP/1.1" 404 1912
[2025-05-03 03:01:40,115] WARNING [10900] basehttp "GET /static/js/custom.js HTTP/1.1" 404 1909
[2025-05-03 03:01:40,120] WARNING [10900] basehttp "GET /static/css/responsive.css HTTP/1.1" 404 1927
[2025-05-03 03:01:40,126] WARNING [10900] basehttp "GET /static/js/recipe.js HTTP/1.1" 404 1909
[2025-05-03 03:01:40,127] WARNING [10900] basehttp "GET /static/js/main.js HTTP/1.1" 404 1903
[2025-05-03 03:01:43,466] WARNING [10900] basehttp "GET /static/css/all.min.css HTTP/1.1" 404 1918
[2025-05-03 03:01:43,473] WARNING [10900] basehttp "GET /static/css/owl.carousel.min.css HTTP/1.1" 404 1945
[2025-05-03 03:01:43,493] WARNING [10900] basehttp "GET /static/js/jquery-3.4.1.min.js HTTP/1.1" 404 1939
[2025-05-03 03:01:43,494] WARNING [10900] basehttp "GET /static/css/bootstrap.css HTTP/1.1" 404 1924
[2025-05-03 03:01:43,495] WARNING [10900] basehttp "GET /static/js/owl.carousel.min.js HTTP/1.1" 404 1939
[2025-05-03 03:01:43,501] WARNING [10900] basehttp "GET /static/js/bootstrap.js HTTP/1.1" 404 1918
[2025-05-03 03:01:43,527] WARNING [10900] basehttp "GET /static/css/style.css HTTP/1.1" 404 1912
[2025-05-03 03:01:43,530] WARNING [10900] basehttp "GET /static/css/responsive.css HTTP/1.1" 404 1927
[2025-05-03 03:01:43,534] WARNING [10900] basehttp "GET /static/js/main.js HTTP/1.1" 404 1903
[2025-05-03 03:01:43,536] WARNING [10900] basehttp "GET /static/js/custom.js HTTP/1.1" 404 1909
[2025-05-03 03:02:32,444] WARNING [10900] basehttp "GET /static/css/owl.carousel.min.css HTTP/1.1" 404 1945
[2025-05-03 03:02:32,444] WARNING [10900] basehttp "GET /static/css/all.min.css HTTP/1.1" 404 1918
[2025-05-03 03:02:32,486] WARNING [10900] basehttp "GET /static/css/bootstrap.css HTTP/1.1" 404 1924
[2025-05-03 03:02:32,486] WARNING [10900] basehttp "GET /static/css/style.css HTTP/1.1" 404 1912
[2025-05-03 03:02:32,499] WARNING [10900] basehttp "GET /static/css/styles.css?v=1746221552 HTTP/1.1" 404 1928
[2025-05-03 03:02:32,510] WARNING [10900] basehttp "GET /static/css/responsive.css HTTP/1.1" 404 1927
[2025-05-03 03:02:32,540] WARNING [10900] basehttp "GET /static/js/jquery-3.4.1.min.js HTTP/1.1" 404 1939
[2025-05-03 03:02:32,555] WARNING [10900] basehttp "GET /static/js/owl.carousel.min.js HTTP/1.1" 404 1939
[2025-05-03 03:02:32,565] WARNING [10900] basehttp "GET /static/js/custom.js HTTP/1.1" 404 1909
[2025-05-03 03:02:32,572] WARNING [10900] basehttp "GET /static/js/main.js HTTP/1.1" 404 1903
[2025-05-03 03:02:32,610] WARNING [10900] basehttp "GET /static/js/bootstrap.js HTTP/1.1" 404 1918
[2025-05-03 03:05:11,792] WARNING [3892] basehttp "GET /static/css/owl.carousel.min.css HTTP/1.1" 404 1945
[2025-05-03 03:05:11,792] WARNING [3892] basehttp "GET /static/css/all.min.css HTTP/1.1" 404 1918
[2025-05-03 03:05:11,805] WARNING [3892] basehttp "GET /static/css/bootstrap.css HTTP/1.1" 404 1924
[2025-05-03 03:05:11,816] WARNING [3892] basehttp "GET /static/js/jquery-3.4.1.min.js HTTP/1.1" 404 1939
[2025-05-03 03:05:11,820] WARNING [3892] basehttp "GET /static/js/owl.carousel.min.js HTTP/1.1" 404 1939
[2025-05-03 03:05:11,820] WARNING [3892] basehttp "GET /static/js/bootstrap.js HTTP/1.1" 404 1918
[2025-05-03 03:05:11,860] WARNING [3892] basehttp "GET /static/css/responsive.css HTTP/1.1" 404 1927
[2025-05-03 03:05:11,860] WARNING [3892] basehttp "GET /static/css/style.css HTTP/1.1" 404 1912
[2025-05-03 03:05:11,865] WARNING [3892] basehttp "GET /static/css/styles.css?v=1746221711 HTTP/1.1" 404 1928
[2025-05-03 03:05:11,869] WARNING [3892] basehttp "GET /static/js/custom.js HTTP/1.1" 404 1909
[2025-05-03 03:05:11,869] WARNING [3892] basehttp "GET /static/js/main.js HTTP/1.1" 404 1903
[2025-05-03 03:05:13,006] WARNING [3892] basehttp "GET /static/css/owl.carousel.min.css HTTP/1.1" 404 1945
[2025-05-03 03:05:13,007] WARNING [3892] basehttp "GET /static/js/jquery-3.4.1.min.js HTTP/1.1" 404 1939
[2025-05-03 03:05:13,007] WARNING [3892] basehttp "GET /static/css/all.min.css HTTP/1.1" 404 1918
[2025-05-03 03:05:13,054] WARNING [3892] basehttp "GET /static/js/owl.carousel.min.js HTTP/1.1" 404 1939
[2025-05-03 03:05:13,066] WARNING [3892] basehttp "GET /static/css/bootstrap.css HTTP/1.1" 404 1924
[2025-05-03 03:05:13,066] WARNING [3892] basehttp "GET /static/js/bootstrap.js HTTP/1.1" 404 1918
[2025-05-03 03:05:13,086] WARNING [3892] basehttp "GET /static/css/style.css HTTP/1.1" 404 1912
[2025-05-03 03:05:13,088] WARNING [3892] basehttp "GET /static/css/responsive.css HTTP/1.1" 404 1927
[2025-05-03 03:05:13,103] WARNING [3892] basehttp "GET /static/css/styles.css?v=1746221712 HTTP/1.1" 404 1928
[2025-05-03 03:05:13,110] WARNING [3892] basehttp "GET /static/js/custom.js HTTP/1.1" 404 1909
[2025-05-03 03:05:13,111] WARNING [3892] basehttp "GET /static/js/main.js HTTP/1.1" 404 1903
[2025-05-03 03:05:14,853] WARNING [3892] basehttp "GET /static/css/all.min.css HTTP/1.1" 404 1918
[2025-05-03 03:05:14,858] WARNING [3892] basehttp "GET /static/js/jquery-3.4.1.min.js HTTP/1.1" 404 1939
[2025-05-03 03:05:14,867] WARNING [3892] basehttp "GET /static/css/bootstrap.css HTTP/1.1" 404 1924
[2025-05-03 03:05:14,869] WARNING [3892] basehttp "GET /static/js/owl.carousel.min.js HTTP/1.1" 404 1939
[2025-05-03 03:05:14,881] WARNING [3892] basehttp "GET /static/css/owl.carousel.min.css HTTP/1.1" 404 1945
[2025-05-03 03:05:14,888] WARNING [3892] basehttp "GET /static/css/style.css HTTP/1.1" 404 1912
[2025-05-03 03:05:14,904] WARNING [3892] basehttp "GET /static/css/responsive.css HTTP/1.1" 404 1927
[2025-05-03 03:05:14,909] WARNING [3892] basehttp "GET /static/js/bootstrap.js HTTP/1.1" 404 1918
[2025-05-03 03:05:14,921] WARNING [3892] basehttp "GET /static/js/custom.js HTTP/1.1" 404 1909
[2025-05-03 03:05:14,927] WARNING [3892] basehttp "GET /static/js/main.js HTTP/1.1" 404 1903
[2025-05-03 03:12:28,635] WARNING [3756] basehttp "GET /static/css/all.min.css HTTP/1.1" 404 1918
[2025-05-03 03:12:28,639] WARNING [3756] basehttp "GET /static/js/jquery-3.4.1.min.js HTTP/1.1" 404 1939
[2025-05-03 03:12:28,645] WARNING [3756] basehttp "GET /static/css/owl.carousel.min.css HTTP/1.1" 404 1945
[2025-05-03 03:12:28,657] WARNING [3756] basehttp "GET /static/js/bootstrap.js HTTP/1.1" 404 1918
[2025-05-03 03:12:28,660] WARNING [3756] basehttp "GET /static/css/bootstrap.css HTTP/1.1" 404 1924
[2025-05-03 03:12:28,674] WARNING [3756] basehttp "GET /static/js/owl.carousel.min.js HTTP/1.1" 404 1939
[2025-05-03 03:12:28,701] WARNING [3756] basehttp "GET /static/css/style.css HTTP/1.1" 404 1912
[2025-05-03 03:12:28,709] WARNING [3756] basehttp "GET /static/css/responsive.css HTTP/1.1" 404 1927
[2025-05-03 03:12:28,713] WARNING [3756] basehttp "GET /static/js/custom.js HTTP/1.1" 404 1909
[2025-05-03 03:12:28,716] WARNING [3756] basehttp "GET /static/js/main.js HTTP/1.1" 404 1903
[2025-05-03 03:12:28,729] WARNING [3756] basehttp "GET /media/profile_pics/default.jpg HTTP/1.1" 404 4429
[2025-05-03 03:12:28,762] WARNING [3756] basehttp "GET /media/profile_pics/default.jpg HTTP/1.1" 404 4429
[2025-05-03 03:12:32,953] WARNING [3756] basehttp "GET /static/css/all.min.css HTTP/1.1" 404 1918
[2025-05-03 03:12:32,957] WARNING [3756] basehttp "GET /static/js/jquery-3.4.1.min.js HTTP/1.1" 404 1939
[2025-05-03 03:12:32,958] WARNING [3756] basehttp "GET /static/css/bootstrap.css HTTP/1.1" 404 1924
[2025-05-03 03:12:32,963] WARNING [3756] basehttp "GET /static/css/owl.carousel.min.css HTTP/1.1" 404 1945
[2025-05-03 03:12:33,003] WARNING [3756] basehttp "GET /static/css/responsive.css HTTP/1.1" 404 1927
[2025-05-03 03:12:33,014] WARNING [3756] basehttp "GET /static/css/style.css HTTP/1.1" 404 1912
[2025-05-03 03:12:33,020] WARNING [3756] basehttp "GET /static/js/custom.js HTTP/1.1" 404 1909
[2025-05-03 03:12:33,021] WARNING [3756] basehttp "GET /static/js/owl.carousel.min.js HTTP/1.1" 404 1939
[2025-05-03 03:12:33,028] WARNING [3756] basehttp "GET /static/js/bootstrap.js HTTP/1.1" 404 1918
[2025-05-03 03:12:33,029] WARNING [3756] basehttp "GET /static/js/main.js HTTP/1.1" 404 1903
[2025-05-03 03:12:34,410] WARNING [3756] basehttp "GET /static/css/owl.carousel.min.css HTTP/1.1" 404 1945
[2025-05-03 03:12:34,410] WARNING [3756] basehttp "GET /static/css/all.min.css HTTP/1.1" 404 1918
[2025-05-03 03:12:34,413] WARNING [3756] basehttp "GET /static/js/jquery-3.4.1.min.js HTTP/1.1" 404 1939
[2025-05-03 03:12:34,437] WARNING [3756] basehttp "GET /static/css/style.css HTTP/1.1" 404 1912
[2025-05-03 03:12:34,444] WARNING [3756] basehttp "GET /static/css/bootstrap.css HTTP/1.1" 404 1924
[2025-05-03 03:12:34,464] WARNING [3756] basehttp "GET /static/css/responsive.css HTTP/1.1" 404 1927
[2025-05-03 03:12:34,487] WARNING [3756] basehttp "GET /static/js/custom.js HTTP/1.1" 404 1909
[2025-05-03 03:12:34,488] WARNING [3756] basehttp "GET /static/js/owl.carousel.min.js HTTP/1.1" 404 1939
[2025-05-03 03:12:34,490] WARNING [3756] basehttp "GET /static/js/main.js HTTP/1.1" 404 1903
[2025-05-03 03:12:34,496] WARNING [3756] basehttp "GET /static/js/bootstrap.js HTTP/1.1" 404 1918
[2025-05-03 03:12:34,499] WARNING [3756] basehttp "GET /static/images/default-signup.svg HTTP/1.1" 404 1948
[2025-05-03 03:12:34,534] WARNING [3756] basehttp "GET /static/images/default.jpg HTTP/1.1" 404 1927
[2025-05-03 03:12:36,849] WARNING [3756] basehttp "GET /static/css/all.min.css HTTP/1.1" 404 1918
[2025-05-03 03:12:36,923] WARNING [3756] basehttp "GET /static/js/custom.js HTTP/1.1" 404 1909
[2025-05-03 03:12:36,923] WARNING [3756] basehttp "GET /static/js/owl.carousel.min.js HTTP/1.1" 404 1939
[2025-05-03 03:12:36,930] WARNING [3756] basehttp "GET /static/js/jquery-3.4.1.min.js HTTP/1.1" 404 1939
[2025-05-03 03:12:36,941] WARNING [3756] basehttp "GET /static/css/bootstrap.css HTTP/1.1" 404 1924
[2025-05-03 03:12:36,943] WARNING [3756] basehttp "GET /static/css/style.css HTTP/1.1" 404 1912
[2025-05-03 03:12:37,000] WARNING [3756] basehttp "GET /static/css/responsive.css HTTP/1.1" 404 1927
[2025-05-03 03:12:37,037] WARNING [3756] basehttp "GET /static/js/main.js HTTP/1.1" 404 1903
[2025-05-03 03:12:37,039] WARNING [3756] basehttp "GET /static/js/bootstrap.js HTTP/1.1" 404 1918
[2025-05-03 03:12:37,051] WARNING [3756] basehttp "GET /static/css/owl.carousel.min.css HTTP/1.1" 404 1945
[2025-05-03 03:12:37,055] WARNING [3756] basehttp "GET /static/images/default-signup.svg HTTP/1.1" 404 1948
[2025-05-03 03:12:37,191] WARNING [3756] basehttp "GET /static/images/default.jpg HTTP/1.1" 404 1927
[2025-05-03 03:12:38,838] WARNING [3756] basehttp "GET /static/css/all.min.css HTTP/1.1" 404 1918
[2025-05-03 03:12:38,838] WARNING [3756] basehttp "GET /static/css/owl.carousel.min.css HTTP/1.1" 404 1945
[2025-05-03 03:12:38,839] WARNING [3756] basehttp "GET /static/css/style.css HTTP/1.1" 404 1912
[2025-05-03 03:12:38,855] WARNING [3756] basehttp "GET /static/css/responsive.css HTTP/1.1" 404 1927
[2025-05-03 03:12:38,872] WARNING [3756] basehttp "GET /static/js/bootstrap.js HTTP/1.1" 404 1918
[2025-05-03 03:12:38,895] WARNING [3756] basehttp "GET /static/js/custom.js HTTP/1.1" 404 1909
[2025-05-03 03:12:38,913] WARNING [3756] basehttp "GET /static/images/default-signup.svg HTTP/1.1" 404 1948
[2025-05-03 03:12:38,913] WARNING [3756] basehttp "GET /static/css/bootstrap.css HTTP/1.1" 404 1924
[2025-05-03 03:12:38,922] WARNING [3756] basehttp "GET /static/js/main.js HTTP/1.1" 404 1903
[2025-05-03 03:12:38,922] WARNING [3756] basehttp "GET /static/js/jquery-3.4.1.min.js HTTP/1.1" 404 1939
[2025-05-03 03:12:38,926] WARNING [3756] basehttp "GET /static/js/owl.carousel.min.js HTTP/1.1" 404 1939
[2025-05-03 03:12:38,966] WARNING [3756] basehttp "GET /static/images/default.jpg HTTP/1.1" 404 1927
[2025-05-03 03:12:40,446] WARNING [3756] basehttp "GET /static/css/all.min.css HTTP/1.1" 404 1918
[2025-05-03 03:12:40,447] WARNING [3756] basehttp "GET /static/css/owl.carousel.min.css HTTP/1.1" 404 1945
[2025-05-03 03:12:40,451] WARNING [3756] basehttp "GET /static/js/jquery-3.4.1.min.js HTTP/1.1" 404 1939
[2025-05-03 03:12:40,486] WARNING [3756] basehttp "GET /static/css/bootstrap.css HTTP/1.1" 404 1924
[2025-05-03 03:12:40,502] WARNING [3756] basehttp "GET /static/css/style.css HTTP/1.1" 404 1912
[2025-05-03 03:12:40,522] WARNING [3756] basehttp "GET /static/js/bootstrap.js HTTP/1.1" 404 1918
[2025-05-03 03:12:40,543] WARNING [3756] basehttp "GET /static/css/responsive.css HTTP/1.1" 404 1927
[2025-05-03 03:12:40,547] WARNING [3756] basehttp "GET /static/js/custom.js HTTP/1.1" 404 1909
[2025-05-03 03:12:40,555] WARNING [3756] basehttp "GET /static/js/owl.carousel.min.js HTTP/1.1" 404 1939
[2025-05-03 03:12:40,559] WARNING [3756] basehttp "GET /static/js/main.js HTTP/1.1" 404 1903
[2025-05-03 03:12:40,565] WARNING [3756] basehttp "GET /static/images/default-signup.svg HTTP/1.1" 404 1948
[2025-05-03 03:12:40,599] WARNING [3756] basehttp "GET /static/images/default.jpg HTTP/1.1" 404 1927
[2025-05-03 03:12:41,651] WARNING [3756] basehttp "GET /static/css/all.min.css HTTP/1.1" 404 1918
[2025-05-03 03:12:41,659] WARNING [3756] basehttp "GET /static/css/owl.carousel.min.css HTTP/1.1" 404 1945
[2025-05-03 03:12:41,663] WARNING [3756] basehttp "GET /static/js/jquery-3.4.1.min.js HTTP/1.1" 404 1939
[2025-05-03 03:12:41,680] WARNING [3756] basehttp "GET /static/css/style.css HTTP/1.1" 404 1912
[2025-05-03 03:12:41,692] WARNING [3756] basehttp "GET /static/css/bootstrap.css HTTP/1.1" 404 1924
[2025-05-03 03:12:41,710] WARNING [3756] basehttp "GET /static/css/responsive.css HTTP/1.1" 404 1927
[2025-05-03 03:12:41,724] WARNING [3756] basehttp "GET /static/js/owl.carousel.min.js HTTP/1.1" 404 1939
[2025-05-03 03:12:41,731] WARNING [3756] basehttp "GET /static/js/custom.js HTTP/1.1" 404 1909
[2025-05-03 03:12:41,737] WARNING [3756] basehttp "GET /static/js/bootstrap.js HTTP/1.1" 404 1918
[2025-05-03 03:12:41,738] WARNING [3756] basehttp "GET /static/js/main.js HTTP/1.1" 404 1903
[2025-05-03 03:12:41,742] WARNING [3756] basehttp "GET /static/images/default-signup.svg HTTP/1.1" 404 1948
[2025-05-03 03:12:41,773] WARNING [3756] basehttp "GET /static/images/default.jpg HTTP/1.1" 404 1927
[2025-05-03 03:12:43,941] WARNING [3756] basehttp "GET /static/css/all.min.css HTTP/1.1" 404 1918
[2025-05-03 03:12:43,953] WARNING [3756] basehttp "GET /static/js/jquery-3.4.1.min.js HTTP/1.1" 404 1939
[2025-05-03 03:12:43,953] WARNING [3756] basehttp "GET /static/css/owl.carousel.min.css HTTP/1.1" 404 1945
[2025-05-03 03:12:43,972] WARNING [3756] basehttp "GET /static/css/bootstrap.css HTTP/1.1" 404 1924
[2025-05-03 03:12:43,981] WARNING [3756] basehttp "GET /static/css/style.css HTTP/1.1" 404 1912
[2025-05-03 03:12:44,004] WARNING [3756] basehttp "GET /static/css/responsive.css HTTP/1.1" 404 1927
[2025-05-03 03:12:44,022] WARNING [3756] basehttp "GET /static/js/owl.carousel.min.js HTTP/1.1" 404 1939
[2025-05-03 03:12:44,030] WARNING [3756] basehttp "GET /static/js/main.js HTTP/1.1" 404 1903
[2025-05-03 03:12:44,031] WARNING [3756] basehttp "GET /static/js/custom.js HTTP/1.1" 404 1909
[2025-05-03 03:12:44,036] WARNING [3756] basehttp "GET /static/images/default-signup.svg HTTP/1.1" 404 1948
[2025-05-03 03:12:44,037] WARNING [3756] basehttp "GET /static/js/bootstrap.js HTTP/1.1" 404 1918
[2025-05-03 03:12:44,109] WARNING [3756] basehttp "GET /static/images/default.jpg HTTP/1.1" 404 1927
[2025-05-03 03:13:18,912] WARNING [3756] basehttp "GET /static/css/all.min.css HTTP/1.1" 404 1918
[2025-05-03 03:13:18,914] WARNING [3756] basehttp "GET /static/js/jquery-3.4.1.min.js HTTP/1.1" 404 1939
[2025-05-03 03:13:18,922] WARNING [3756] basehttp "GET /static/css/owl.carousel.min.css HTTP/1.1" 404 1945
[2025-05-03 03:13:18,938] WARNING [3756] basehttp "GET /static/js/owl.carousel.min.js HTTP/1.1" 404 1939
[2025-05-03 03:13:18,970] WARNING [3756] basehttp "GET /static/css/bootstrap.css HTTP/1.1" 404 1924
[2025-05-03 03:13:18,983] WARNING [3756] basehttp "GET /static/css/responsive.css HTTP/1.1" 404 1927
[2025-05-03 03:13:18,996] WARNING [3756] basehttp "GET /static/js/custom.js HTTP/1.1" 404 1909
[2025-05-03 03:13:18,997] WARNING [3756] basehttp "GET /static/css/style.css HTTP/1.1" 404 1912
[2025-05-03 03:13:18,997] WARNING [3756] basehttp "GET /static/js/bootstrap.js HTTP/1.1" 404 1918
[2025-05-03 03:13:19,005] WARNING [3756] basehttp "GET /static/images/default-signup.svg HTTP/1.1" 404 1948
[2025-05-03 03:13:19,006] WARNING [3756] basehttp "GET /static/js/main.js HTTP/1.1" 404 1903
[2025-05-03 03:13:19,051] WARNING [3756] basehttp "GET /static/images/default.jpg HTTP/1.1" 404 1927
[2025-05-03 03:13:20,283] WARNING [3756] basehttp "GET /static/css/all.min.css HTTP/1.1" 404 1918
[2025-05-03 03:13:20,293] WARNING [3756] basehttp "GET /static/css/owl.carousel.min.css HTTP/1.1" 404 1945
[2025-05-03 03:13:20,297] WARNING [3756] basehttp "GET /static/css/style.css HTTP/1.1" 404 1912
[2025-05-03 03:13:20,303] WARNING [3756] basehttp "GET /static/js/jquery-3.4.1.min.js HTTP/1.1" 404 1939
[2025-05-03 03:13:20,304] WARNING [3756] basehttp "GET /static/css/bootstrap.css HTTP/1.1" 404 1924
[2025-05-03 03:13:20,341] WARNING [3756] basehttp "GET /static/js/owl.carousel.min.js HTTP/1.1" 404 1939
[2025-05-03 03:13:20,362] WARNING [3756] basehttp "GET /static/css/responsive.css HTTP/1.1" 404 1927
[2025-05-03 03:13:20,369] WARNING [3756] basehttp "GET /static/js/bootstrap.js HTTP/1.1" 404 1918
[2025-05-03 03:13:20,372] WARNING [3756] basehttp "GET /static/js/main.js HTTP/1.1" 404 1903
[2025-05-03 03:13:20,373] WARNING [3756] basehttp "GET /static/js/custom.js HTTP/1.1" 404 1909
[2025-05-03 03:13:20,380] WARNING [3756] basehttp "GET /static/images/default-signup.svg HTTP/1.1" 404 1948
[2025-05-03 03:13:20,415] WARNING [3756] basehttp "GET /static/images/default.jpg HTTP/1.1" 404 1927
[2025-05-03 03:13:21,070] WARNING [3756] basehttp "GET /static/css/all.min.css HTTP/1.1" 404 1918
[2025-05-03 03:13:21,084] WARNING [3756] basehttp "GET /static/css/style.css HTTP/1.1" 404 1912
[2025-05-03 03:13:21,089] WARNING [3756] basehttp "GET /static/js/jquery-3.4.1.min.js HTTP/1.1" 404 1939
[2025-05-03 03:13:21,089] WARNING [3756] basehttp "GET /static/css/bootstrap.css HTTP/1.1" 404 1924
[2025-05-03 03:13:21,094] WARNING [3756] basehttp "GET /static/css/responsive.css HTTP/1.1" 404 1927
[2025-05-03 03:13:21,104] WARNING [3756] basehttp "GET /static/css/owl.carousel.min.css HTTP/1.1" 404 1945
[2025-05-03 03:13:21,140] WARNING [3756] basehttp "GET /static/js/owl.carousel.min.js HTTP/1.1" 404 1939
[2025-05-03 03:13:21,155] WARNING [3756] basehttp "GET /static/js/custom.js HTTP/1.1" 404 1909
[2025-05-03 03:13:21,162] WARNING [3756] basehttp "GET /static/js/main.js HTTP/1.1" 404 1903
[2025-05-03 03:13:21,162] WARNING [3756] basehttp "GET /static/js/bootstrap.js HTTP/1.1" 404 1918
[2025-05-03 03:13:21,168] WARNING [3756] basehttp "GET /static/images/default-signup.svg HTTP/1.1" 404 1948
[2025-05-03 03:13:21,538] WARNING [3756] basehttp "GET /static/css/all.min.css HTTP/1.1" 404 1918
[2025-05-03 03:13:21,538] WARNING [3756] basehttp "GET /static/js/jquery-3.4.1.min.js HTTP/1.1" 404 1939
[2025-05-03 03:13:21,543] WARNING [3756] basehttp "GET /static/css/owl.carousel.min.css HTTP/1.1" 404 1945
[2025-05-03 03:13:21,549] WARNING [3756] basehttp "GET /static/js/bootstrap.js HTTP/1.1" 404 1918
[2025-05-03 03:13:21,562] WARNING [3756] basehttp "GET /static/js/owl.carousel.min.js HTTP/1.1" 404 1939
[2025-05-03 03:13:21,566] WARNING [3756] basehttp "GET /static/css/bootstrap.css HTTP/1.1" 404 1924
[2025-05-03 03:13:21,616] WARNING [3756] basehttp "GET /static/css/style.css HTTP/1.1" 404 1912
[2025-05-03 03:13:21,626] WARNING [3756] basehttp "GET /static/js/custom.js HTTP/1.1" 404 1909
[2025-05-03 03:13:21,631] WARNING [3756] basehttp "GET /static/images/default-signup.svg HTTP/1.1" 404 1948
[2025-05-03 03:13:21,631] WARNING [3756] basehttp "GET /static/css/responsive.css HTTP/1.1" 404 1927
[2025-05-03 03:13:21,632] WARNING [3756] basehttp "GET /static/js/main.js HTTP/1.1" 404 1903
[2025-05-03 03:13:21,677] WARNING [3756] basehttp "GET /static/images/default.jpg HTTP/1.1" 404 1927
[2025-05-03 03:13:58,429] WARNING [3756] basehttp "GET /static/css/all.min.css HTTP/1.1" 404 1918
[2025-05-03 03:13:58,431] WARNING [3756] basehttp "GET /static/js/jquery-3.4.1.min.js HTTP/1.1" 404 1939
[2025-05-03 03:13:58,431] WARNING [3756] basehttp "GET /static/css/owl.carousel.min.css HTTP/1.1" 404 1945
[2025-05-03 03:13:58,496] WARNING [3756] basehttp "GET /static/css/bootstrap.css HTTP/1.1" 404 1924
[2025-05-03 03:13:58,519] WARNING [3756] basehttp "GET /static/js/owl.carousel.min.js HTTP/1.1" 404 1939
[2025-05-03 03:13:58,520] WARNING [3756] basehttp "GET /static/js/custom.js HTTP/1.1" 404 1909
[2025-05-03 03:13:58,524] WARNING [3756] basehttp "GET /static/css/style.css HTTP/1.1" 404 1912
[2025-05-03 03:13:58,537] WARNING [3756] basehttp "GET /static/css/responsive.css HTTP/1.1" 404 1927
[2025-05-03 03:13:58,541] WARNING [3756] basehttp "GET /static/js/bootstrap.js HTTP/1.1" 404 1918
[2025-05-03 03:13:58,556] WARNING [3756] basehttp "GET /static/js/main.js HTTP/1.1" 404 1903
[2025-05-03 03:13:58,561] WARNING [3756] basehttp "GET /static/images/default-signup.svg HTTP/1.1" 404 1948
[2025-05-03 03:14:18,957] WARNING [3756] basehttp "GET /static/css/all.min.css HTTP/1.1" 404 1918
[2025-05-03 03:14:18,960] WARNING [3756] basehttp "GET /static/css/owl.carousel.min.css HTTP/1.1" 404 1945
[2025-05-03 03:14:18,989] WARNING [3756] basehttp "GET /static/js/jquery-3.4.1.min.js HTTP/1.1" 404 1939
[2025-05-03 03:14:19,007] WARNING [3756] basehttp "GET /static/css/style.css HTTP/1.1" 404 1912
[2025-05-03 03:14:19,011] WARNING [3756] basehttp "GET /static/css/bootstrap.css HTTP/1.1" 404 1924
[2025-05-03 03:14:19,037] WARNING [3756] basehttp "GET /static/js/owl.carousel.min.js HTTP/1.1" 404 1939
[2025-05-03 03:14:19,044] WARNING [3756] basehttp "GET /static/js/custom.js HTTP/1.1" 404 1909
[2025-05-03 03:14:19,049] WARNING [3756] basehttp "GET /static/css/responsive.css HTTP/1.1" 404 1927
[2025-05-03 03:14:19,051] WARNING [3756] basehttp "GET /static/js/bootstrap.js HTTP/1.1" 404 1918
[2025-05-03 03:14:19,054] WARNING [3756] basehttp "GET /static/js/main.js HTTP/1.1" 404 1903
[2025-05-03 03:14:19,060] WARNING [3756] basehttp "GET /static/images/default-signup.svg HTTP/1.1" 404 1948
[2025-05-03 03:14:31,039] WARNING [3756] basehttp "GET /static/css/all.min.css HTTP/1.1" 404 1918
[2025-05-03 03:14:31,045] WARNING [3756] basehttp "GET /static/css/owl.carousel.min.css HTTP/1.1" 404 1945
[2025-05-03 03:14:31,045] WARNING [3756] basehttp "GET /static/js/jquery-3.4.1.min.js HTTP/1.1" 404 1939
[2025-05-03 03:14:31,078] WARNING [3756] basehttp "GET /static/js/owl.carousel.min.js HTTP/1.1" 404 1939
[2025-05-03 03:14:31,079] WARNING [3756] basehttp "GET /static/css/bootstrap.css HTTP/1.1" 404 1924
[2025-05-03 03:14:31,090] WARNING [3756] basehttp "GET /static/js/bootstrap.js HTTP/1.1" 404 1918
[2025-05-03 03:14:31,116] WARNING [3756] basehttp "GET /static/css/style.css HTTP/1.1" 404 1912
[2025-05-03 03:14:31,119] WARNING [3756] basehttp "GET /static/css/responsive.css HTTP/1.1" 404 1927
[2025-05-03 03:14:31,122] WARNING [3756] basehttp "GET /static/js/custom.js HTTP/1.1" 404 1909
[2025-05-03 03:14:31,126] WARNING [3756] basehttp "GET /static/js/main.js HTTP/1.1" 404 1903
[2025-05-03 03:14:31,131] WARNING [3756] basehttp "GET /static/images/default-signup.svg HTTP/1.1" 404 1948
[2025-05-03 03:14:31,167] WARNING [3756] basehttp "GET /static/images/default.jpg HTTP/1.1" 404 1927
[2025-05-03 03:14:31,952] WARNING [3756] basehttp "GET /static/css/all.min.css HTTP/1.1" 404 1918
[2025-05-03 03:14:31,961] WARNING [3756] basehttp "GET /static/css/bootstrap.css HTTP/1.1" 404 1924
[2025-05-03 03:14:31,963] WARNING [3756] basehttp "GET /static/css/owl.carousel.min.css HTTP/1.1" 404 1945
[2025-05-03 03:14:31,986] WARNING [3756] basehttp "GET /static/css/style.css HTTP/1.1" 404 1912
[2025-05-03 03:14:31,988] WARNING [3756] basehttp "GET /static/js/jquery-3.4.1.min.js HTTP/1.1" 404 1939
[2025-05-03 03:14:31,998] WARNING [3756] basehttp "GET /static/js/owl.carousel.min.js HTTP/1.1" 404 1939
[2025-05-03 03:14:32,015] WARNING [3756] basehttp "GET /static/css/responsive.css HTTP/1.1" 404 1927
[2025-05-03 03:14:32,020] WARNING [3756] basehttp "GET /static/js/custom.js HTTP/1.1" 404 1909
[2025-05-03 03:14:32,030] WARNING [3756] basehttp "GET /static/js/bootstrap.js HTTP/1.1" 404 1918
[2025-05-03 03:14:32,031] WARNING [3756] basehttp "GET /static/js/main.js HTTP/1.1" 404 1903
[2025-05-03 03:14:32,037] WARNING [3756] basehttp "GET /static/images/default-signup.svg HTTP/1.1" 404 1948
[2025-05-03 03:14:32,063] WARNING [3756] basehttp "GET /static/images/default.jpg HTTP/1.1" 404 1927
[2025-05-03 03:15:40,890] WARNING [3756] basehttp "GET /static/css/owl.carousel.min.css HTTP/1.1" 404 1945
[2025-05-03 03:15:40,892] WARNING [3756] basehttp "GET /static/js/jquery-3.4.1.min.js HTTP/1.1" 404 1939
[2025-05-03 03:15:40,893] WARNING [3756] basehttp "GET /static/css/all.min.css HTTP/1.1" 404 1918
[2025-05-03 03:15:40,924] WARNING [3756] basehttp "GET /static/js/owl.carousel.min.js HTTP/1.1" 404 1939
[2025-05-03 03:15:40,938] WARNING [3756] basehttp "GET /static/css/bootstrap.css HTTP/1.1" 404 1924
[2025-05-03 03:15:40,948] WARNING [3756] basehttp "GET /static/js/bootstrap.js HTTP/1.1" 404 1918
[2025-05-03 03:15:40,987] WARNING [3756] basehttp "GET /static/js/custom.js HTTP/1.1" 404 1909
[2025-05-03 03:15:40,987] WARNING [3756] basehttp "GET /static/css/style.css HTTP/1.1" 404 1912
[2025-05-03 03:15:40,993] WARNING [3756] basehttp "GET /static/css/responsive.css HTTP/1.1" 404 1927
[2025-05-03 03:15:41,000] WARNING [3756] basehttp "GET /static/js/main.js HTTP/1.1" 404 1903
[2025-05-03 03:15:41,003] WARNING [3756] basehttp "GET /static/images/default-signup.svg HTTP/1.1" 404 1948
[2025-05-03 03:15:41,048] WARNING [3756] basehttp "GET /static/images/default.jpg HTTP/1.1" 404 1927
[2025-05-03 03:15:41,679] WARNING [3756] basehttp "GET /static/css/all.min.css HTTP/1.1" 404 1918
[2025-05-03 03:15:41,681] WARNING [3756] basehttp "GET /static/css/owl.carousel.min.css HTTP/1.1" 404 1945
[2025-05-03 03:15:41,709] WARNING [3756] basehttp "GET /static/css/bootstrap.css HTTP/1.1" 404 1924
[2025-05-03 03:15:41,714] WARNING [3756] basehttp "GET /static/css/responsive.css HTTP/1.1" 404 1927
[2025-05-03 03:15:41,730] WARNING [3756] basehttp "GET /static/css/style.css HTTP/1.1" 404 1912
[2025-05-03 03:15:41,755] WARNING [3756] basehttp "GET /static/js/jquery-3.4.1.min.js HTTP/1.1" 404 1939
[2025-05-03 03:15:41,757] WARNING [3756] basehttp "GET /static/js/owl.carousel.min.js HTTP/1.1" 404 1939
[2025-05-03 03:15:41,771] WARNING [3756] basehttp "GET /static/js/custom.js HTTP/1.1" 404 1909
[2025-05-03 03:15:41,771] WARNING [3756] basehttp "GET /static/js/bootstrap.js HTTP/1.1" 404 1918
[2025-05-03 03:15:41,775] WARNING [3756] basehttp "GET /static/js/main.js HTTP/1.1" 404 1903
[2025-05-03 03:15:41,778] WARNING [3756] basehttp "GET /static/images/default-signup.svg HTTP/1.1" 404 1948
[2025-05-03 03:15:41,834] WARNING [3756] basehttp "GET /static/images/default.jpg HTTP/1.1" 404 1927
[2025-05-03 03:25:09,643] ERROR [3756] log Internal Server Error: /accounts/register/
Traceback (most recent call last):
  File "D:\Django Practice\env_practice\Lib\site-packages\django\template\base.py", line 505, in parse
    compile_func = self.tags[command]
                   ~~~~~~~~~^^^^^^^^^
KeyError: 'media'

During handling of the above exception, another exception occurred:

Traceback (most recent call last):
  File "D:\Django Practice\env_practice\Lib\site-packages\django\core\handlers\exception.py", line 55, in inner
    response = get_response(request)
               ^^^^^^^^^^^^^^^^^^^^^
  File "D:\Django Practice\env_practice\Lib\site-packages\django\core\handlers\base.py", line 197, in _get_response
    response = wrapped_callback(request, *callback_args, **callback_kwargs)
               ^^^^^^^^^^^^^^^^^^^^^^^^^^^^^^^^^^^^^^^^^^^^^^^^^^^^^^^^^^^^
  File "D:\Django Practice\env_practice\Lib\site-packages\django\views\decorators\csrf.py", line 56, in wrapper_view
    return view_func(*args, **kwargs)
           ^^^^^^^^^^^^^^^^^^^^^^^^^^
  File "D:\Django Practice\env_practice\Lib\site-packages\django\utils\decorators.py", line 134, in _wrapper_view
    response = view_func(request, *args, **kwargs)
               ^^^^^^^^^^^^^^^^^^^^^^^^^^^^^^^^^^^
  File "D:\Django Practice\core\accounts\views.py", line 105, in register_view
    return render(request, 'accounts/register.html', {'page': 'register'})
           ^^^^^^^^^^^^^^^^^^^^^^^^^^^^^^^^^^^^^^^^^^^^^^^^^^^^^^^^^^^^^^^
  File "D:\Django Practice\env_practice\Lib\site-packages\django\shortcuts.py", line 24, in render
    content = loader.render_to_string(template_name, context, request, using=using)
              ^^^^^^^^^^^^^^^^^^^^^^^^^^^^^^^^^^^^^^^^^^^^^^^^^^^^^^^^^^^^^^^^^^^^^
  File "D:\Django Practice\env_practice\Lib\site-packages\django\template\loader.py", line 61, in render_to_string
    template = get_template(template_name, using=using)
               ^^^^^^^^^^^^^^^^^^^^^^^^^^^^^^^^^^^^^^^^
  File "D:\Django Practice\env_practice\Lib\site-packages\django\template\loader.py", line 15, in get_template
    return engine.get_template(template_name)
           ^^^^^^^^^^^^^^^^^^^^^^^^^^^^^^^^^^
  File "D:\Django Practice\env_practice\Lib\site-packages\django\template\backends\django.py", line 33, in get_template
    return Template(self.engine.get_template(template_name), self)
                    ^^^^^^^^^^^^^^^^^^^^^^^^^^^^^^^^^^^^^^^
  File "D:\Django Practice\env_practice\Lib\site-packages\django\template\engine.py", line 175, in get_template
    template, origin = self.find_template(template_name)
                       ^^^^^^^^^^^^^^^^^^^^^^^^^^^^^^^^^
  File "D:\Django Practice\env_practice\Lib\site-packages\django\template\engine.py", line 157, in find_template
    template = loader.get_template(name, skip=skip)
               ^^^^^^^^^^^^^^^^^^^^^^^^^^^^^^^^^^^^
  File "D:\Django Practice\env_practice\Lib\site-packages\django\template\loaders\cached.py", line 57, in get_template
    template = super().get_template(template_name, skip)
               ^^^^^^^^^^^^^^^^^^^^^^^^^^^^^^^^^^^^^^^^^
  File "D:\Django Practice\env_practice\Lib\site-packages\django\template\loaders\base.py", line 28, in get_template
    return Template(
           ^^^^^^^^^
  File "D:\Django Practice\env_practice\Lib\site-packages\django\template\base.py", line 154, in __init__
    self.nodelist = self.compile_nodelist()
                    ^^^^^^^^^^^^^^^^^^^^^^^
  File "D:\Django Practice\env_practice\Lib\site-packages\django\template\base.py", line 200, in compile_nodelist
    return parser.parse()
           ^^^^^^^^^^^^^^
  File "D:\Django Practice\env_practice\Lib\site-packages\django\template\base.py", line 513, in parse
    raise self.error(token, e)
  File "D:\Django Practice\env_practice\Lib\site-packages\django\template\base.py", line 511, in parse
    compiled_result = compile_func(self, token)
                      ^^^^^^^^^^^^^^^^^^^^^^^^^
  File "D:\Django Practice\env_practice\Lib\site-packages\django\template\loader_tags.py", line 293, in do_extends
    nodelist = parser.parse()
               ^^^^^^^^^^^^^^
  File "D:\Django Practice\env_practice\Lib\site-packages\django\template\base.py", line 513, in parse
    raise self.error(token, e)
  File "D:\Django Practice\env_practice\Lib\site-packages\django\template\base.py", line 511, in parse
    compiled_result = compile_func(self, token)
                      ^^^^^^^^^^^^^^^^^^^^^^^^^
  File "D:\Django Practice\env_practice\Lib\site-packages\django\template\loader_tags.py", line 232, in do_block
    nodelist = parser.parse(("endblock",))
               ^^^^^^^^^^^^^^^^^^^^^^^^^^^
  File "D:\Django Practice\env_practice\Lib\site-packages\django\template\base.py", line 507, in parse
    self.invalid_block_tag(token, command, parse_until)
  File "D:\Django Practice\env_practice\Lib\site-packages\django\template\base.py", line 558, in invalid_block_tag
    raise self.error(
django.template.exceptions.TemplateSyntaxError: Invalid block tag on line 38: 'media', expected 'endblock'. Did you forget to register or load this tag?
[2025-05-03 03:25:09,667] ERROR [3756] basehttp "GET /accounts/register/ HTTP/1.1" 500 204161
[2025-05-03 03:25:59,450] ERROR [9840] log Internal Server Error: /accounts/register/
Traceback (most recent call last):
  File "D:\Django Practice\env_practice\Lib\site-packages\django\template\base.py", line 505, in parse
    compile_func = self.tags[command]
                   ~~~~~~~~~^^^^^^^^^
KeyError: 'media'

During handling of the above exception, another exception occurred:

Traceback (most recent call last):
  File "D:\Django Practice\env_practice\Lib\site-packages\django\core\handlers\exception.py", line 55, in inner
    response = get_response(request)
               ^^^^^^^^^^^^^^^^^^^^^
  File "D:\Django Practice\env_practice\Lib\site-packages\django\core\handlers\base.py", line 197, in _get_response
    response = wrapped_callback(request, *callback_args, **callback_kwargs)
               ^^^^^^^^^^^^^^^^^^^^^^^^^^^^^^^^^^^^^^^^^^^^^^^^^^^^^^^^^^^^
  File "D:\Django Practice\env_practice\Lib\site-packages\django\views\decorators\csrf.py", line 56, in wrapper_view
    return view_func(*args, **kwargs)
           ^^^^^^^^^^^^^^^^^^^^^^^^^^
  File "D:\Django Practice\env_practice\Lib\site-packages\django\utils\decorators.py", line 134, in _wrapper_view
    response = view_func(request, *args, **kwargs)
               ^^^^^^^^^^^^^^^^^^^^^^^^^^^^^^^^^^^
  File "D:\Django Practice\core\accounts\views.py", line 105, in register_view
    return render(request, 'accounts/register.html', {'page': 'register'})
           ^^^^^^^^^^^^^^^^^^^^^^^^^^^^^^^^^^^^^^^^^^^^^^^^^^^^^^^^^^^^^^^
  File "D:\Django Practice\env_practice\Lib\site-packages\django\shortcuts.py", line 24, in render
    content = loader.render_to_string(template_name, context, request, using=using)
              ^^^^^^^^^^^^^^^^^^^^^^^^^^^^^^^^^^^^^^^^^^^^^^^^^^^^^^^^^^^^^^^^^^^^^
  File "D:\Django Practice\env_practice\Lib\site-packages\django\template\loader.py", line 61, in render_to_string
    template = get_template(template_name, using=using)
               ^^^^^^^^^^^^^^^^^^^^^^^^^^^^^^^^^^^^^^^^
  File "D:\Django Practice\env_practice\Lib\site-packages\django\template\loader.py", line 15, in get_template
    return engine.get_template(template_name)
           ^^^^^^^^^^^^^^^^^^^^^^^^^^^^^^^^^^
  File "D:\Django Practice\env_practice\Lib\site-packages\django\template\backends\django.py", line 33, in get_template
    return Template(self.engine.get_template(template_name), self)
                    ^^^^^^^^^^^^^^^^^^^^^^^^^^^^^^^^^^^^^^^
  File "D:\Django Practice\env_practice\Lib\site-packages\django\template\engine.py", line 175, in get_template
    template, origin = self.find_template(template_name)
                       ^^^^^^^^^^^^^^^^^^^^^^^^^^^^^^^^^
  File "D:\Django Practice\env_practice\Lib\site-packages\django\template\engine.py", line 157, in find_template
    template = loader.get_template(name, skip=skip)
               ^^^^^^^^^^^^^^^^^^^^^^^^^^^^^^^^^^^^
  File "D:\Django Practice\env_practice\Lib\site-packages\django\template\loaders\cached.py", line 57, in get_template
    template = super().get_template(template_name, skip)
               ^^^^^^^^^^^^^^^^^^^^^^^^^^^^^^^^^^^^^^^^^
  File "D:\Django Practice\env_practice\Lib\site-packages\django\template\loaders\base.py", line 28, in get_template
    return Template(
           ^^^^^^^^^
  File "D:\Django Practice\env_practice\Lib\site-packages\django\template\base.py", line 154, in __init__
    self.nodelist = self.compile_nodelist()
                    ^^^^^^^^^^^^^^^^^^^^^^^
  File "D:\Django Practice\env_practice\Lib\site-packages\django\template\base.py", line 200, in compile_nodelist
    return parser.parse()
           ^^^^^^^^^^^^^^
  File "D:\Django Practice\env_practice\Lib\site-packages\django\template\base.py", line 513, in parse
    raise self.error(token, e)
  File "D:\Django Practice\env_practice\Lib\site-packages\django\template\base.py", line 511, in parse
    compiled_result = compile_func(self, token)
                      ^^^^^^^^^^^^^^^^^^^^^^^^^
  File "D:\Django Practice\env_practice\Lib\site-packages\django\template\loader_tags.py", line 293, in do_extends
    nodelist = parser.parse()
               ^^^^^^^^^^^^^^
  File "D:\Django Practice\env_practice\Lib\site-packages\django\template\base.py", line 513, in parse
    raise self.error(token, e)
  File "D:\Django Practice\env_practice\Lib\site-packages\django\template\base.py", line 511, in parse
    compiled_result = compile_func(self, token)
                      ^^^^^^^^^^^^^^^^^^^^^^^^^
  File "D:\Django Practice\env_practice\Lib\site-packages\django\template\loader_tags.py", line 232, in do_block
    nodelist = parser.parse(("endblock",))
               ^^^^^^^^^^^^^^^^^^^^^^^^^^^
  File "D:\Django Practice\env_practice\Lib\site-packages\django\template\base.py", line 507, in parse
    self.invalid_block_tag(token, command, parse_until)
  File "D:\Django Practice\env_practice\Lib\site-packages\django\template\base.py", line 558, in invalid_block_tag
    raise self.error(
django.template.exceptions.TemplateSyntaxError: Invalid block tag on line 38: 'media', expected 'endblock'. Did you forget to register or load this tag?
[2025-05-03 03:25:59,457] ERROR [9840] basehttp "GET /accounts/register/ HTTP/1.1" 500 204161
[2025-05-03 03:26:00,256] ERROR [9840] log Internal Server Error: /accounts/register/
Traceback (most recent call last):
  File "D:\Django Practice\env_practice\Lib\site-packages\django\template\base.py", line 505, in parse
    compile_func = self.tags[command]
                   ~~~~~~~~~^^^^^^^^^
KeyError: 'media'

During handling of the above exception, another exception occurred:

Traceback (most recent call last):
  File "D:\Django Practice\env_practice\Lib\site-packages\django\core\handlers\exception.py", line 55, in inner
    response = get_response(request)
               ^^^^^^^^^^^^^^^^^^^^^
  File "D:\Django Practice\env_practice\Lib\site-packages\django\core\handlers\base.py", line 197, in _get_response
    response = wrapped_callback(request, *callback_args, **callback_kwargs)
               ^^^^^^^^^^^^^^^^^^^^^^^^^^^^^^^^^^^^^^^^^^^^^^^^^^^^^^^^^^^^
  File "D:\Django Practice\env_practice\Lib\site-packages\django\views\decorators\csrf.py", line 56, in wrapper_view
    return view_func(*args, **kwargs)
           ^^^^^^^^^^^^^^^^^^^^^^^^^^
  File "D:\Django Practice\env_practice\Lib\site-packages\django\utils\decorators.py", line 134, in _wrapper_view
    response = view_func(request, *args, **kwargs)
               ^^^^^^^^^^^^^^^^^^^^^^^^^^^^^^^^^^^
  File "D:\Django Practice\core\accounts\views.py", line 105, in register_view
    return render(request, 'accounts/register.html', {'page': 'register'})
           ^^^^^^^^^^^^^^^^^^^^^^^^^^^^^^^^^^^^^^^^^^^^^^^^^^^^^^^^^^^^^^^
  File "D:\Django Practice\env_practice\Lib\site-packages\django\shortcuts.py", line 24, in render
    content = loader.render_to_string(template_name, context, request, using=using)
              ^^^^^^^^^^^^^^^^^^^^^^^^^^^^^^^^^^^^^^^^^^^^^^^^^^^^^^^^^^^^^^^^^^^^^
  File "D:\Django Practice\env_practice\Lib\site-packages\django\template\loader.py", line 61, in render_to_string
    template = get_template(template_name, using=using)
               ^^^^^^^^^^^^^^^^^^^^^^^^^^^^^^^^^^^^^^^^
  File "D:\Django Practice\env_practice\Lib\site-packages\django\template\loader.py", line 15, in get_template
    return engine.get_template(template_name)
           ^^^^^^^^^^^^^^^^^^^^^^^^^^^^^^^^^^
  File "D:\Django Practice\env_practice\Lib\site-packages\django\template\backends\django.py", line 33, in get_template
    return Template(self.engine.get_template(template_name), self)
                    ^^^^^^^^^^^^^^^^^^^^^^^^^^^^^^^^^^^^^^^
  File "D:\Django Practice\env_practice\Lib\site-packages\django\template\engine.py", line 175, in get_template
    template, origin = self.find_template(template_name)
                       ^^^^^^^^^^^^^^^^^^^^^^^^^^^^^^^^^
  File "D:\Django Practice\env_practice\Lib\site-packages\django\template\engine.py", line 157, in find_template
    template = loader.get_template(name, skip=skip)
               ^^^^^^^^^^^^^^^^^^^^^^^^^^^^^^^^^^^^
  File "D:\Django Practice\env_practice\Lib\site-packages\django\template\loaders\cached.py", line 57, in get_template
    template = super().get_template(template_name, skip)
               ^^^^^^^^^^^^^^^^^^^^^^^^^^^^^^^^^^^^^^^^^
  File "D:\Django Practice\env_practice\Lib\site-packages\django\template\loaders\base.py", line 28, in get_template
    return Template(
           ^^^^^^^^^
  File "D:\Django Practice\env_practice\Lib\site-packages\django\template\base.py", line 154, in __init__
    self.nodelist = self.compile_nodelist()
                    ^^^^^^^^^^^^^^^^^^^^^^^
  File "D:\Django Practice\env_practice\Lib\site-packages\django\template\base.py", line 200, in compile_nodelist
    return parser.parse()
           ^^^^^^^^^^^^^^
  File "D:\Django Practice\env_practice\Lib\site-packages\django\template\base.py", line 513, in parse
    raise self.error(token, e)
  File "D:\Django Practice\env_practice\Lib\site-packages\django\template\base.py", line 511, in parse
    compiled_result = compile_func(self, token)
                      ^^^^^^^^^^^^^^^^^^^^^^^^^
  File "D:\Django Practice\env_practice\Lib\site-packages\django\template\loader_tags.py", line 293, in do_extends
    nodelist = parser.parse()
               ^^^^^^^^^^^^^^
  File "D:\Django Practice\env_practice\Lib\site-packages\django\template\base.py", line 513, in parse
    raise self.error(token, e)
  File "D:\Django Practice\env_practice\Lib\site-packages\django\template\base.py", line 511, in parse
    compiled_result = compile_func(self, token)
                      ^^^^^^^^^^^^^^^^^^^^^^^^^
  File "D:\Django Practice\env_practice\Lib\site-packages\django\template\loader_tags.py", line 232, in do_block
    nodelist = parser.parse(("endblock",))
               ^^^^^^^^^^^^^^^^^^^^^^^^^^^
  File "D:\Django Practice\env_practice\Lib\site-packages\django\template\base.py", line 507, in parse
    self.invalid_block_tag(token, command, parse_until)
  File "D:\Django Practice\env_practice\Lib\site-packages\django\template\base.py", line 558, in invalid_block_tag
    raise self.error(
django.template.exceptions.TemplateSyntaxError: Invalid block tag on line 38: 'media', expected 'endblock'. Did you forget to register or load this tag?
[2025-05-03 03:26:00,261] ERROR [9840] basehttp "GET /accounts/register/ HTTP/1.1" 500 204161
[2025-05-03 03:26:47,229] ERROR [9840] log Internal Server Error: /accounts/register/
Traceback (most recent call last):
  File "D:\Django Practice\env_practice\Lib\site-packages\django\template\defaulttags.py", line 1026, in find_library
    return parser.libraries[name]
           ~~~~~~~~~~~~~~~~^^^^^^
KeyError: 'media'

During handling of the above exception, another exception occurred:

Traceback (most recent call last):
  File "D:\Django Practice\env_practice\Lib\site-packages\django\core\handlers\exception.py", line 55, in inner
    response = get_response(request)
               ^^^^^^^^^^^^^^^^^^^^^
  File "D:\Django Practice\env_practice\Lib\site-packages\django\core\handlers\base.py", line 197, in _get_response
    response = wrapped_callback(request, *callback_args, **callback_kwargs)
               ^^^^^^^^^^^^^^^^^^^^^^^^^^^^^^^^^^^^^^^^^^^^^^^^^^^^^^^^^^^^
  File "D:\Django Practice\env_practice\Lib\site-packages\django\views\decorators\csrf.py", line 56, in wrapper_view
    return view_func(*args, **kwargs)
           ^^^^^^^^^^^^^^^^^^^^^^^^^^
  File "D:\Django Practice\env_practice\Lib\site-packages\django\utils\decorators.py", line 134, in _wrapper_view
    response = view_func(request, *args, **kwargs)
               ^^^^^^^^^^^^^^^^^^^^^^^^^^^^^^^^^^^
  File "D:\Django Practice\core\accounts\views.py", line 105, in register_view
    return render(request, 'accounts/register.html', {'page': 'register'})
           ^^^^^^^^^^^^^^^^^^^^^^^^^^^^^^^^^^^^^^^^^^^^^^^^^^^^^^^^^^^^^^^
  File "D:\Django Practice\env_practice\Lib\site-packages\django\shortcuts.py", line 24, in render
    content = loader.render_to_string(template_name, context, request, using=using)
              ^^^^^^^^^^^^^^^^^^^^^^^^^^^^^^^^^^^^^^^^^^^^^^^^^^^^^^^^^^^^^^^^^^^^^
  File "D:\Django Practice\env_practice\Lib\site-packages\django\template\loader.py", line 61, in render_to_string
    template = get_template(template_name, using=using)
               ^^^^^^^^^^^^^^^^^^^^^^^^^^^^^^^^^^^^^^^^
  File "D:\Django Practice\env_practice\Lib\site-packages\django\template\loader.py", line 15, in get_template
    return engine.get_template(template_name)
           ^^^^^^^^^^^^^^^^^^^^^^^^^^^^^^^^^^
  File "D:\Django Practice\env_practice\Lib\site-packages\django\template\backends\django.py", line 33, in get_template
    return Template(self.engine.get_template(template_name), self)
                    ^^^^^^^^^^^^^^^^^^^^^^^^^^^^^^^^^^^^^^^
  File "D:\Django Practice\env_practice\Lib\site-packages\django\template\engine.py", line 175, in get_template
    template, origin = self.find_template(template_name)
                       ^^^^^^^^^^^^^^^^^^^^^^^^^^^^^^^^^
  File "D:\Django Practice\env_practice\Lib\site-packages\django\template\engine.py", line 157, in find_template
    template = loader.get_template(name, skip=skip)
               ^^^^^^^^^^^^^^^^^^^^^^^^^^^^^^^^^^^^
  File "D:\Django Practice\env_practice\Lib\site-packages\django\template\loaders\cached.py", line 57, in get_template
    template = super().get_template(template_name, skip)
               ^^^^^^^^^^^^^^^^^^^^^^^^^^^^^^^^^^^^^^^^^
  File "D:\Django Practice\env_practice\Lib\site-packages\django\template\loaders\base.py", line 28, in get_template
    return Template(
           ^^^^^^^^^
  File "D:\Django Practice\env_practice\Lib\site-packages\django\template\base.py", line 154, in __init__
    self.nodelist = self.compile_nodelist()
                    ^^^^^^^^^^^^^^^^^^^^^^^
  File "D:\Django Practice\env_practice\Lib\site-packages\django\template\base.py", line 200, in compile_nodelist
    return parser.parse()
           ^^^^^^^^^^^^^^
  File "D:\Django Practice\env_practice\Lib\site-packages\django\template\base.py", line 513, in parse
    raise self.error(token, e)
  File "D:\Django Practice\env_practice\Lib\site-packages\django\template\base.py", line 511, in parse
    compiled_result = compile_func(self, token)
                      ^^^^^^^^^^^^^^^^^^^^^^^^^
  File "D:\Django Practice\env_practice\Lib\site-packages\django\template\loader_tags.py", line 293, in do_extends
    nodelist = parser.parse()
               ^^^^^^^^^^^^^^
  File "D:\Django Practice\env_practice\Lib\site-packages\django\template\base.py", line 513, in parse
    raise self.error(token, e)
  File "D:\Django Practice\env_practice\Lib\site-packages\django\template\base.py", line 511, in parse
    compiled_result = compile_func(self, token)
                      ^^^^^^^^^^^^^^^^^^^^^^^^^
  File "D:\Django Practice\env_practice\Lib\site-packages\django\template\defaulttags.py", line 1088, in load
    lib = find_library(parser, name)
          ^^^^^^^^^^^^^^^^^^^^^^^^^^
  File "D:\Django Practice\env_practice\Lib\site-packages\django\template\defaulttags.py", line 1028, in find_library
    raise TemplateSyntaxError(
django.template.exceptions.TemplateSyntaxError: 'media' is not a registered tag library. Must be one of:
admin_list
admin_modify
admin_urls
cache
crispy_forms_field
crispy_forms_filters
crispy_forms_tags
crispy_forms_utils
i18n
l10n
log
static
tz
[2025-05-03 03:26:47,233] ERROR [9840] basehttp "GET /accounts/register/ HTTP/1.1" 500 202210
[2025-05-03 03:26:48,093] ERROR [9840] log Internal Server Error: /accounts/register/
Traceback (most recent call last):
  File "D:\Django Practice\env_practice\Lib\site-packages\django\template\defaulttags.py", line 1026, in find_library
    return parser.libraries[name]
           ~~~~~~~~~~~~~~~~^^^^^^
KeyError: 'media'

During handling of the above exception, another exception occurred:

Traceback (most recent call last):
  File "D:\Django Practice\env_practice\Lib\site-packages\django\core\handlers\exception.py", line 55, in inner
    response = get_response(request)
               ^^^^^^^^^^^^^^^^^^^^^
  File "D:\Django Practice\env_practice\Lib\site-packages\django\core\handlers\base.py", line 197, in _get_response
    response = wrapped_callback(request, *callback_args, **callback_kwargs)
               ^^^^^^^^^^^^^^^^^^^^^^^^^^^^^^^^^^^^^^^^^^^^^^^^^^^^^^^^^^^^
  File "D:\Django Practice\env_practice\Lib\site-packages\django\views\decorators\csrf.py", line 56, in wrapper_view
    return view_func(*args, **kwargs)
           ^^^^^^^^^^^^^^^^^^^^^^^^^^
  File "D:\Django Practice\env_practice\Lib\site-packages\django\utils\decorators.py", line 134, in _wrapper_view
    response = view_func(request, *args, **kwargs)
               ^^^^^^^^^^^^^^^^^^^^^^^^^^^^^^^^^^^
  File "D:\Django Practice\core\accounts\views.py", line 105, in register_view
    return render(request, 'accounts/register.html', {'page': 'register'})
           ^^^^^^^^^^^^^^^^^^^^^^^^^^^^^^^^^^^^^^^^^^^^^^^^^^^^^^^^^^^^^^^
  File "D:\Django Practice\env_practice\Lib\site-packages\django\shortcuts.py", line 24, in render
    content = loader.render_to_string(template_name, context, request, using=using)
              ^^^^^^^^^^^^^^^^^^^^^^^^^^^^^^^^^^^^^^^^^^^^^^^^^^^^^^^^^^^^^^^^^^^^^
  File "D:\Django Practice\env_practice\Lib\site-packages\django\template\loader.py", line 61, in render_to_string
    template = get_template(template_name, using=using)
               ^^^^^^^^^^^^^^^^^^^^^^^^^^^^^^^^^^^^^^^^
  File "D:\Django Practice\env_practice\Lib\site-packages\django\template\loader.py", line 15, in get_template
    return engine.get_template(template_name)
           ^^^^^^^^^^^^^^^^^^^^^^^^^^^^^^^^^^
  File "D:\Django Practice\env_practice\Lib\site-packages\django\template\backends\django.py", line 33, in get_template
    return Template(self.engine.get_template(template_name), self)
                    ^^^^^^^^^^^^^^^^^^^^^^^^^^^^^^^^^^^^^^^
  File "D:\Django Practice\env_practice\Lib\site-packages\django\template\engine.py", line 175, in get_template
    template, origin = self.find_template(template_name)
                       ^^^^^^^^^^^^^^^^^^^^^^^^^^^^^^^^^
  File "D:\Django Practice\env_practice\Lib\site-packages\django\template\engine.py", line 157, in find_template
    template = loader.get_template(name, skip=skip)
               ^^^^^^^^^^^^^^^^^^^^^^^^^^^^^^^^^^^^
  File "D:\Django Practice\env_practice\Lib\site-packages\django\template\loaders\cached.py", line 57, in get_template
    template = super().get_template(template_name, skip)
               ^^^^^^^^^^^^^^^^^^^^^^^^^^^^^^^^^^^^^^^^^
  File "D:\Django Practice\env_practice\Lib\site-packages\django\template\loaders\base.py", line 28, in get_template
    return Template(
           ^^^^^^^^^
  File "D:\Django Practice\env_practice\Lib\site-packages\django\template\base.py", line 154, in __init__
    self.nodelist = self.compile_nodelist()
                    ^^^^^^^^^^^^^^^^^^^^^^^
  File "D:\Django Practice\env_practice\Lib\site-packages\django\template\base.py", line 200, in compile_nodelist
    return parser.parse()
           ^^^^^^^^^^^^^^
  File "D:\Django Practice\env_practice\Lib\site-packages\django\template\base.py", line 513, in parse
    raise self.error(token, e)
  File "D:\Django Practice\env_practice\Lib\site-packages\django\template\base.py", line 511, in parse
    compiled_result = compile_func(self, token)
                      ^^^^^^^^^^^^^^^^^^^^^^^^^
  File "D:\Django Practice\env_practice\Lib\site-packages\django\template\loader_tags.py", line 293, in do_extends
    nodelist = parser.parse()
               ^^^^^^^^^^^^^^
  File "D:\Django Practice\env_practice\Lib\site-packages\django\template\base.py", line 513, in parse
    raise self.error(token, e)
  File "D:\Django Practice\env_practice\Lib\site-packages\django\template\base.py", line 511, in parse
    compiled_result = compile_func(self, token)
                      ^^^^^^^^^^^^^^^^^^^^^^^^^
  File "D:\Django Practice\env_practice\Lib\site-packages\django\template\defaulttags.py", line 1088, in load
    lib = find_library(parser, name)
          ^^^^^^^^^^^^^^^^^^^^^^^^^^
  File "D:\Django Practice\env_practice\Lib\site-packages\django\template\defaulttags.py", line 1028, in find_library
    raise TemplateSyntaxError(
django.template.exceptions.TemplateSyntaxError: 'media' is not a registered tag library. Must be one of:
admin_list
admin_modify
admin_urls
cache
crispy_forms_field
crispy_forms_filters
crispy_forms_tags
crispy_forms_utils
i18n
l10n
log
static
tz
[2025-05-03 03:26:48,096] ERROR [9840] basehttp "GET /accounts/register/ HTTP/1.1" 500 202210
[2025-05-03 03:27:52,237] WARNING [9840] basehttp "GET /static/css/all.min.css HTTP/1.1" 404 1918
[2025-05-03 03:27:52,276] WARNING [9840] basehttp "GET /static/js/jquery-3.4.1.min.js HTTP/1.1" 404 1939
[2025-05-03 03:27:52,277] WARNING [9840] basehttp "GET /static/css/bootstrap.css HTTP/1.1" 404 1924
[2025-05-03 03:27:52,286] WARNING [9840] basehttp "GET /static/css/owl.carousel.min.css HTTP/1.1" 404 1945
[2025-05-03 03:27:52,294] WARNING [9840] basehttp "GET /static/js/bootstrap.js HTTP/1.1" 404 1918
[2025-05-03 03:27:52,312] WARNING [9840] basehttp "GET /static/js/owl.carousel.min.js HTTP/1.1" 404 1939
[2025-05-03 03:27:52,315] WARNING [9840] basehttp "GET /static/css/style.css HTTP/1.1" 404 1912
[2025-05-03 03:27:52,359] WARNING [9840] basehttp "GET /static/css/responsive.css HTTP/1.1" 404 1927
[2025-05-03 03:27:52,366] WARNING [9840] basehttp "GET /static/images/default-signup.svg HTTP/1.1" 404 1948
[2025-05-03 03:27:52,369] WARNING [9840] basehttp "GET /static/js/custom.js HTTP/1.1" 404 1909
[2025-05-03 03:27:52,370] WARNING [9840] basehttp "GET /static/js/main.js HTTP/1.1" 404 1903
[2025-05-03 03:27:52,432] WARNING [9840] basehttp "GET /static/images/default.jpg HTTP/1.1" 404 1927
[2025-05-03 03:28:18,402] WARNING [9840] basehttp "GET /static/css/all.min.css HTTP/1.1" 404 1918
[2025-05-03 03:28:18,437] WARNING [9840] basehttp "GET /static/css/owl.carousel.min.css HTTP/1.1" 404 1945
[2025-05-03 03:28:18,438] WARNING [9840] basehttp "GET /static/js/jquery-3.4.1.min.js HTTP/1.1" 404 1939
[2025-05-03 03:28:18,459] WARNING [9840] basehttp "GET /static/css/bootstrap.css HTTP/1.1" 404 1924
[2025-05-03 03:28:18,477] WARNING [9840] basehttp "GET /static/css/style.css HTTP/1.1" 404 1912
[2025-05-03 03:28:18,481] WARNING [9840] basehttp "GET /static/js/owl.carousel.min.js HTTP/1.1" 404 1939
[2025-05-03 03:28:18,488] WARNING [9840] basehttp "GET /static/css/responsive.css HTTP/1.1" 404 1927
[2025-05-03 03:28:18,500] WARNING [9840] basehttp "GET /static/js/bootstrap.js HTTP/1.1" 404 1918
[2025-05-03 03:28:18,510] WARNING [9840] basehttp "GET /static/js/custom.js HTTP/1.1" 404 1909
[2025-05-03 03:28:18,515] WARNING [9840] basehttp "GET /static/js/main.js HTTP/1.1" 404 1903
[2025-05-03 03:28:18,519] WARNING [9840] basehttp "GET /static/images/default-signup.svg HTTP/1.1" 404 1948
[2025-05-03 03:28:36,888] WARNING [9840] basehttp "GET /static/css/all.min.css HTTP/1.1" 404 1918
[2025-05-03 03:28:36,890] WARNING [9840] basehttp "GET /static/css/owl.carousel.min.css HTTP/1.1" 404 1945
[2025-05-03 03:28:36,894] WARNING [9840] basehttp "GET /static/js/jquery-3.4.1.min.js HTTP/1.1" 404 1939
[2025-05-03 03:28:36,918] WARNING [9840] basehttp "GET /static/js/owl.carousel.min.js HTTP/1.1" 404 1939
[2025-05-03 03:28:36,933] WARNING [9840] basehttp "GET /static/css/bootstrap.css HTTP/1.1" 404 1924
[2025-05-03 03:28:36,940] WARNING [9840] basehttp "GET /static/js/bootstrap.js HTTP/1.1" 404 1918
[2025-05-03 03:28:36,952] WARNING [9840] basehttp "GET /static/css/style.css HTTP/1.1" 404 1912
[2025-05-03 03:28:36,967] WARNING [9840] basehttp "GET /static/js/custom.js HTTP/1.1" 404 1909
[2025-05-03 03:28:36,967] WARNING [9840] basehttp "GET /static/css/responsive.css HTTP/1.1" 404 1927
[2025-05-03 03:28:36,972] WARNING [9840] basehttp "GET /static/js/main.js HTTP/1.1" 404 1903
[2025-05-03 03:28:36,976] WARNING [9840] basehttp "GET /static/images/default-signup.svg HTTP/1.1" 404 1948
[2025-05-03 03:28:37,788] WARNING [9840] basehttp "GET /static/css/all.min.css HTTP/1.1" 404 1918
[2025-05-03 03:28:37,798] WARNING [9840] basehttp "GET /static/css/owl.carousel.min.css HTTP/1.1" 404 1945
[2025-05-03 03:28:37,804] WARNING [9840] basehttp "GET /static/js/owl.carousel.min.js HTTP/1.1" 404 1939
[2025-05-03 03:28:37,811] WARNING [9840] basehttp "GET /static/js/jquery-3.4.1.min.js HTTP/1.1" 404 1939
[2025-05-03 03:28:37,817] WARNING [9840] basehttp "GET /static/js/bootstrap.js HTTP/1.1" 404 1918
[2025-05-03 03:28:37,838] WARNING [9840] basehttp "GET /static/css/bootstrap.css HTTP/1.1" 404 1924
[2025-05-03 03:28:37,857] WARNING [9840] basehttp "GET /static/css/style.css HTTP/1.1" 404 1912
[2025-05-03 03:28:37,857] WARNING [9840] basehttp "GET /static/css/responsive.css HTTP/1.1" 404 1927
[2025-05-03 03:28:37,867] WARNING [9840] basehttp "GET /static/js/main.js HTTP/1.1" 404 1903
[2025-05-03 03:28:37,871] WARNING [9840] basehttp "GET /static/js/custom.js HTTP/1.1" 404 1909
[2025-05-03 03:28:37,874] WARNING [9840] basehttp "GET /static/images/default-signup.svg HTTP/1.1" 404 1948
[2025-05-03 03:28:55,861] WARNING [9840] basehttp "GET /static/css/all.min.css HTTP/1.1" 404 1918
[2025-05-03 03:28:55,864] WARNING [9840] basehttp "GET /static/js/jquery-3.4.1.min.js HTTP/1.1" 404 1939
[2025-05-03 03:28:55,875] WARNING [9840] basehttp "GET /static/css/owl.carousel.min.css HTTP/1.1" 404 1945
[2025-05-03 03:28:55,903] WARNING [9840] basehttp "GET /static/css/bootstrap.css HTTP/1.1" 404 1924
[2025-05-03 03:28:55,908] WARNING [9840] basehttp "GET /static/css/style.css HTTP/1.1" 404 1912
[2025-05-03 03:28:55,915] WARNING [9840] basehttp "GET /static/js/owl.carousel.min.js HTTP/1.1" 404 1939
[2025-05-03 03:28:55,927] WARNING [9840] basehttp "GET /static/css/responsive.css HTTP/1.1" 404 1927
[2025-05-03 03:28:55,946] WARNING [9840] basehttp "GET /static/js/custom.js HTTP/1.1" 404 1909
[2025-05-03 03:28:55,957] WARNING [9840] basehttp "GET /static/js/main.js HTTP/1.1" 404 1903
[2025-05-03 03:28:55,962] WARNING [9840] basehttp "GET /static/js/bootstrap.js HTTP/1.1" 404 1918
[2025-05-03 03:28:55,969] WARNING [9840] basehttp "GET /static/images/default-signup.svg HTTP/1.1" 404 1948
[2025-05-03 03:28:57,177] WARNING [9840] basehttp "GET /static/css/all.min.css HTTP/1.1" 404 1918
[2025-05-03 03:28:57,187] WARNING [9840] basehttp "GET /static/js/jquery-3.4.1.min.js HTTP/1.1" 404 1939
[2025-05-03 03:28:57,187] WARNING [9840] basehttp "GET /static/css/owl.carousel.min.css HTTP/1.1" 404 1945
[2025-05-03 03:28:57,194] WARNING [9840] basehttp "GET /static/css/bootstrap.css HTTP/1.1" 404 1924
[2025-05-03 03:28:57,198] WARNING [9840] basehttp "GET /static/js/bootstrap.js HTTP/1.1" 404 1918
[2025-05-03 03:28:57,201] WARNING [9840] basehttp "GET /static/js/owl.carousel.min.js HTTP/1.1" 404 1939
[2025-05-03 03:28:57,254] WARNING [9840] basehttp "GET /static/css/style.css HTTP/1.1" 404 1912
[2025-05-03 03:28:57,261] WARNING [9840] basehttp "GET /static/css/responsive.css HTTP/1.1" 404 1927
[2025-05-03 03:28:57,262] WARNING [9840] basehttp "GET /static/js/main.js HTTP/1.1" 404 1903
[2025-05-03 03:28:57,269] WARNING [9840] basehttp "GET /static/js/custom.js HTTP/1.1" 404 1909
[2025-05-03 03:28:57,275] WARNING [9840] basehttp "GET /static/images/default-signup.svg HTTP/1.1" 404 1948
[2025-05-03 03:29:59,559] WARNING [9840] basehttp "GET /static/css/all.min.css HTTP/1.1" 404 1918
[2025-05-03 03:29:59,562] WARNING [9840] basehttp "GET /static/css/owl.carousel.min.css HTTP/1.1" 404 1945
[2025-05-03 03:29:59,564] WARNING [9840] basehttp "GET /static/js/jquery-3.4.1.min.js HTTP/1.1" 404 1939
[2025-05-03 03:29:59,611] WARNING [9840] basehttp "GET /static/css/bootstrap.css HTTP/1.1" 404 1924
[2025-05-03 03:29:59,623] WARNING [9840] basehttp "GET /static/js/bootstrap.js HTTP/1.1" 404 1918
[2025-05-03 03:29:59,631] WARNING [9840] basehttp "GET /static/js/owl.carousel.min.js HTTP/1.1" 404 1939
[2025-05-03 03:29:59,674] WARNING [9840] basehttp "GET /static/js/custom.js HTTP/1.1" 404 1909
[2025-05-03 03:29:59,674] WARNING [9840] basehttp "GET /static/css/responsive.css HTTP/1.1" 404 1927
[2025-05-03 03:29:59,678] WARNING [9840] basehttp "GET /static/css/style.css HTTP/1.1" 404 1912
[2025-05-03 03:29:59,682] WARNING [9840] basehttp "GET /static/js/main.js HTTP/1.1" 404 1903
[2025-05-03 03:29:59,692] WARNING [9840] basehttp "GET /static/images/default-signup.svg HTTP/1.1" 404 1948
[2025-05-03 03:29:59,718] WARNING [9840] basehttp "GET /static/images/default.jpg HTTP/1.1" 404 1927
[2025-05-03 03:30:00,372] WARNING [9840] basehttp "GET /static/css/all.min.css HTTP/1.1" 404 1918
[2025-05-03 03:30:00,395] WARNING [9840] basehttp "GET /static/js/owl.carousel.min.js HTTP/1.1" 404 1939
[2025-05-03 03:30:00,396] WARNING [9840] basehttp "GET /static/js/jquery-3.4.1.min.js HTTP/1.1" 404 1939
[2025-05-03 03:30:00,403] WARNING [9840] basehttp "GET /static/css/owl.carousel.min.css HTTP/1.1" 404 1945
[2025-05-03 03:30:00,410] WARNING [9840] basehttp "GET /static/css/bootstrap.css HTTP/1.1" 404 1924
[2025-05-03 03:30:00,424] WARNING [9840] basehttp "GET /static/js/bootstrap.js HTTP/1.1" 404 1918
[2025-05-03 03:30:00,441] WARNING [9840] basehttp "GET /static/css/responsive.css HTTP/1.1" 404 1927
[2025-05-03 03:30:00,460] WARNING [9840] basehttp "GET /static/css/style.css HTTP/1.1" 404 1912
[2025-05-03 03:30:00,465] WARNING [9840] basehttp "GET /static/js/custom.js HTTP/1.1" 404 1909
[2025-05-03 03:30:00,466] WARNING [9840] basehttp "GET /static/images/default-signup.svg HTTP/1.1" 404 1948
[2025-05-03 03:30:00,467] WARNING [9840] basehttp "GET /static/js/main.js HTTP/1.1" 404 1903
[2025-05-03 03:30:00,538] WARNING [9840] basehttp "GET /static/images/default.jpg HTTP/1.1" 404 1927
[2025-05-03 03:30:00,807] WARNING [9840] basehttp "GET /static/css/all.min.css HTTP/1.1" 404 1918
[2025-05-03 03:30:00,819] WARNING [9840] basehttp "GET /static/css/owl.carousel.min.css HTTP/1.1" 404 1945
[2025-05-03 03:30:00,824] WARNING [9840] basehttp "GET /static/css/bootstrap.css HTTP/1.1" 404 1924
[2025-05-03 03:30:00,824] WARNING [9840] basehttp "GET /static/css/responsive.css HTTP/1.1" 404 1927
[2025-05-03 03:30:00,845] WARNING [9840] basehttp "GET /static/css/style.css HTTP/1.1" 404 1912
[2025-05-03 03:30:00,861] WARNING [9840] basehttp "GET /static/js/jquery-3.4.1.min.js HTTP/1.1" 404 1939
[2025-05-03 03:30:00,875] WARNING [9840] basehttp "GET /static/js/owl.carousel.min.js HTTP/1.1" 404 1939
[2025-05-03 03:30:00,885] WARNING [9840] basehttp "GET /static/js/custom.js HTTP/1.1" 404 1909
[2025-05-03 03:30:00,891] WARNING [9840] basehttp "GET /static/js/bootstrap.js HTTP/1.1" 404 1918
[2025-05-03 03:30:00,891] WARNING [9840] basehttp "GET /static/js/main.js HTTP/1.1" 404 1903
[2025-05-03 03:30:00,896] WARNING [9840] basehttp "GET /static/images/default-signup.svg HTTP/1.1" 404 1948
[2025-05-03 03:30:00,933] WARNING [9840] basehttp "GET /static/images/default.jpg HTTP/1.1" 404 1927
[2025-05-03 03:30:02,963] WARNING [9840] basehttp "GET /static/css/all.min.css HTTP/1.1" 404 1918
[2025-05-03 03:30:02,967] WARNING [9840] basehttp "GET /static/css/owl.carousel.min.css HTTP/1.1" 404 1945
[2025-05-03 03:30:02,969] WARNING [9840] basehttp "GET /static/js/jquery-3.4.1.min.js HTTP/1.1" 404 1939
[2025-05-03 03:30:02,980] WARNING [9840] basehttp "GET /static/js/bootstrap.js HTTP/1.1" 404 1918
[2025-05-03 03:30:02,988] WARNING [9840] basehttp "GET /static/js/owl.carousel.min.js HTTP/1.1" 404 1939
[2025-05-03 03:30:02,995] WARNING [9840] basehttp "GET /static/css/bootstrap.css HTTP/1.1" 404 1924
[2025-05-03 03:30:03,036] WARNING [9840] basehttp "GET /static/css/style.css HTTP/1.1" 404 1912
[2025-05-03 03:30:03,045] WARNING [9840] basehttp "GET /static/js/custom.js HTTP/1.1" 404 1909
[2025-05-03 03:30:03,046] WARNING [9840] basehttp "GET /static/images/default-signup.svg HTTP/1.1" 404 1948
[2025-05-03 03:30:03,046] WARNING [9840] basehttp "GET /static/css/responsive.css HTTP/1.1" 404 1927
[2025-05-03 03:30:03,050] WARNING [9840] basehttp "GET /static/js/main.js HTTP/1.1" 404 1903
[2025-05-03 03:30:03,094] WARNING [9840] basehttp "GET /static/images/default.jpg HTTP/1.1" 404 1927
[2025-05-03 03:31:06,056] WARNING [11996] basehttp "GET /static/css/owl.carousel.min.css HTTP/1.1" 404 1945
[2025-05-03 03:31:06,060] WARNING [11996] basehttp "GET /static/css/all.min.css HTTP/1.1" 404 1918
[2025-05-03 03:31:06,064] WARNING [11996] basehttp "GET /static/js/owl.carousel.min.js HTTP/1.1" 404 1939
[2025-05-03 03:31:06,072] WARNING [11996] basehttp "GET /static/js/bootstrap.js HTTP/1.1" 404 1918
[2025-05-03 03:31:06,087] WARNING [11996] basehttp "GET /static/js/jquery-3.4.1.min.js HTTP/1.1" 404 1939
[2025-05-03 03:31:06,089] WARNING [11996] basehttp "GET /static/css/bootstrap.css HTTP/1.1" 404 1924
[2025-05-03 03:31:06,119] WARNING [11996] basehttp "GET /static/css/style.css HTTP/1.1" 404 1912
[2025-05-03 03:31:06,126] WARNING [11996] basehttp "GET /static/js/main.js HTTP/1.1" 404 1903
[2025-05-03 03:31:06,126] WARNING [11996] basehttp "GET /static/css/responsive.css HTTP/1.1" 404 1927
[2025-05-03 03:31:06,126] WARNING [11996] basehttp "GET /static/js/custom.js HTTP/1.1" 404 1909
[2025-05-03 03:31:06,153] WARNING [11996] basehttp "GET /static/images/default-signup.svg HTTP/1.1" 404 1948
[2025-05-03 03:31:06,199] WARNING [11996] basehttp "GET /static/images/-original-imahap7bqtwmsfpg.png HTTP/1.1" 404 1984
[2025-05-03 03:31:07,128] WARNING [11996] basehttp "GET /static/css/all.min.css HTTP/1.1" 404 1918
[2025-05-03 03:31:07,133] WARNING [11996] basehttp "GET /static/css/owl.carousel.min.css HTTP/1.1" 404 1945
[2025-05-03 03:31:07,134] WARNING [11996] basehttp "GET /static/css/bootstrap.css HTTP/1.1" 404 1924
[2025-05-03 03:31:07,146] WARNING [11996] basehttp "GET /static/js/jquery-3.4.1.min.js HTTP/1.1" 404 1939
[2025-05-03 03:31:07,163] WARNING [11996] basehttp "GET /static/css/responsive.css HTTP/1.1" 404 1927
[2025-05-03 03:31:07,166] WARNING [11996] basehttp "GET /static/css/style.css HTTP/1.1" 404 1912
[2025-05-03 03:31:07,183] WARNING [11996] basehttp "GET /static/js/owl.carousel.min.js HTTP/1.1" 404 1939
[2025-05-03 03:31:07,195] WARNING [11996] basehttp "GET /static/js/bootstrap.js HTTP/1.1" 404 1918
[2025-05-03 03:31:07,195] WARNING [11996] basehttp "GET /static/js/custom.js HTTP/1.1" 404 1909
[2025-05-03 03:31:07,202] WARNING [11996] basehttp "GET /static/js/main.js HTTP/1.1" 404 1903
[2025-05-03 03:31:07,213] WARNING [11996] basehttp "GET /static/images/default-signup.svg HTTP/1.1" 404 1948
[2025-05-03 03:31:07,230] WARNING [11996] basehttp "GET /static/images/-original-imahap7bqtwmsfpg.png HTTP/1.1" 404 1984
[2025-05-03 03:31:26,640] WARNING [12360] basehttp "GET /static/css/owl.carousel.min.css HTTP/1.1" 404 1945
[2025-05-03 03:31:26,646] WARNING [12360] basehttp "GET /static/css/all.min.css HTTP/1.1" 404 1918
[2025-05-03 03:31:26,655] WARNING [12360] basehttp "GET /static/css/style.css HTTP/1.1" 404 1912
[2025-05-03 03:31:26,658] WARNING [12360] basehttp "GET /static/css/responsive.css HTTP/1.1" 404 1927
[2025-05-03 03:31:26,664] WARNING [12360] basehttp "GET /static/css/bootstrap.css HTTP/1.1" 404 1924
[2025-05-03 03:31:26,690] WARNING [12360] basehttp "GET /static/js/jquery-3.4.1.min.js HTTP/1.1" 404 1939
[2025-05-03 03:31:26,696] WARNING [12360] basehttp "GET /static/js/owl.carousel.min.js HTTP/1.1" 404 1939
[2025-05-03 03:31:26,696] WARNING [12360] basehttp "GET /static/js/bootstrap.js HTTP/1.1" 404 1918
[2025-05-03 03:31:26,704] WARNING [12360] basehttp "GET /static/js/custom.js HTTP/1.1" 404 1909
[2025-05-03 03:31:26,743] WARNING [12360] basehttp "GET /static/images/default-signup.svg HTTP/1.1" 404 1948
[2025-05-03 03:31:26,746] WARNING [12360] basehttp "GET /static/js/main.js HTTP/1.1" 404 1903
[2025-05-03 03:31:26,771] WARNING [12360] basehttp "GET /static/images/-original-imahap7bqtwmsfpg.png HTTP/1.1" 404 1984
[2025-05-03 03:31:30,319] WARNING [12360] basehttp "GET /static/css/all.min.css HTTP/1.1" 404 1918
[2025-05-03 03:31:30,355] WARNING [12360] basehttp "GET /static/css/owl.carousel.min.css HTTP/1.1" 404 1945
[2025-05-03 03:31:30,358] WARNING [12360] basehttp "GET /static/css/responsive.css HTTP/1.1" 404 1927
[2025-05-03 03:31:30,364] WARNING [12360] basehttp "GET /static/css/style.css HTTP/1.1" 404 1912
[2025-05-03 03:31:30,373] WARNING [12360] basehttp "GET /static/css/bootstrap.css HTTP/1.1" 404 1924
[2025-05-03 03:31:30,378] WARNING [12360] basehttp "GET /static/js/jquery-3.4.1.min.js HTTP/1.1" 404 1939
[2025-05-03 03:31:30,395] WARNING [12360] basehttp "GET /static/js/custom.js HTTP/1.1" 404 1909
[2025-05-03 03:31:30,404] WARNING [12360] basehttp "GET /static/js/owl.carousel.min.js HTTP/1.1" 404 1939
[2025-05-03 03:31:30,408] WARNING [12360] basehttp "GET /static/js/main.js HTTP/1.1" 404 1903
[2025-05-03 03:31:30,410] WARNING [12360] basehttp "GET /static/js/bootstrap.js HTTP/1.1" 404 1918
[2025-05-03 03:31:30,436] WARNING [12360] basehttp "GET /static/images/default-signup.svg HTTP/1.1" 404 1948
[2025-05-03 03:31:30,455] WARNING [12360] basehttp "GET /static/images/-original-imahap7bqtwmsfpg.png HTTP/1.1" 404 1984
[2025-05-03 03:31:31,202] WARNING [12360] basehttp "GET /static/css/all.min.css HTTP/1.1" 404 1918
[2025-05-03 03:31:31,208] WARNING [12360] basehttp "GET /static/css/bootstrap.css HTTP/1.1" 404 1924
[2025-05-03 03:31:31,210] WARNING [12360] basehttp "GET /static/css/owl.carousel.min.css HTTP/1.1" 404 1945
[2025-05-03 03:31:31,233] WARNING [12360] basehttp "GET /static/css/responsive.css HTTP/1.1" 404 1927
[2025-05-03 03:31:31,245] WARNING [12360] basehttp "GET /static/css/style.css HTTP/1.1" 404 1912
[2025-05-03 03:31:31,249] WARNING [12360] basehttp "GET /static/js/jquery-3.4.1.min.js HTTP/1.1" 404 1939
[2025-05-03 03:31:31,263] WARNING [12360] basehttp "GET /static/js/bootstrap.js HTTP/1.1" 404 1918
[2025-05-03 03:31:31,273] WARNING [12360] basehttp "GET /static/js/owl.carousel.min.js HTTP/1.1" 404 1939
[2025-05-03 03:31:31,276] WARNING [12360] basehttp "GET /static/js/custom.js HTTP/1.1" 404 1909
[2025-05-03 03:31:31,286] WARNING [12360] basehttp "GET /static/js/main.js HTTP/1.1" 404 1903
[2025-05-03 03:31:31,295] WARNING [12360] basehttp "GET /static/images/default-signup.svg HTTP/1.1" 404 1948
[2025-05-03 03:31:31,313] WARNING [12360] basehttp "GET /static/images/-original-imahap7bqtwmsfpg.png HTTP/1.1" 404 1984
[2025-05-03 03:31:46,694] WARNING [12360] basehttp "GET /static/css/all.min.css HTTP/1.1" 404 1918
[2025-05-03 03:31:46,695] WARNING [12360] basehttp "GET /static/css/owl.carousel.min.css HTTP/1.1" 404 1945
[2025-05-03 03:31:46,777] WARNING [12360] basehttp "GET /static/css/bootstrap.css HTTP/1.1" 404 1924
[2025-05-03 03:31:46,777] WARNING [12360] basehttp "GET /static/css/responsive.css HTTP/1.1" 404 1927
[2025-05-03 03:31:46,790] WARNING [12360] basehttp "GET /static/js/jquery-3.4.1.min.js HTTP/1.1" 404 1939
[2025-05-03 03:31:46,790] WARNING [12360] basehttp "GET /static/css/style.css HTTP/1.1" 404 1912
[2025-05-03 03:31:46,804] WARNING [12360] basehttp "GET /static/js/owl.carousel.min.js HTTP/1.1" 404 1939
[2025-05-03 03:31:46,808] WARNING [12360] basehttp "GET /static/js/bootstrap.js HTTP/1.1" 404 1918
[2025-05-03 03:31:46,839] WARNING [12360] basehttp "GET /static/js/main.js HTTP/1.1" 404 1903
[2025-05-03 03:31:46,842] WARNING [12360] basehttp "GET /static/js/custom.js HTTP/1.1" 404 1909
[2025-05-03 03:31:46,848] WARNING [12360] basehttp "GET /static/images/default-signup.svg HTTP/1.1" 404 1948
[2025-05-03 03:36:07,552] WARNING [9048] basehttp "GET /static/js/jquery-3.4.1.min.js HTTP/1.1" 404 1939
[2025-05-03 03:36:07,553] WARNING [9048] basehttp "GET /static/css/all.min.css HTTP/1.1" 404 1918
[2025-05-03 03:36:07,558] WARNING [9048] basehttp "GET /static/css/bootstrap.css HTTP/1.1" 404 1924
[2025-05-03 03:36:07,564] WARNING [9048] basehttp "GET /static/js/owl.carousel.min.js HTTP/1.1" 404 1939
[2025-05-03 03:36:07,574] WARNING [9048] basehttp "GET /static/js/bootstrap.js HTTP/1.1" 404 1918
[2025-05-03 03:36:07,575] WARNING [9048] basehttp "GET /static/css/owl.carousel.min.css HTTP/1.1" 404 1945
[2025-05-03 03:36:07,607] WARNING [9048] basehttp "GET /static/css/style.css HTTP/1.1" 404 1912
[2025-05-03 03:36:07,613] WARNING [9048] basehttp "GET /static/css/responsive.css HTTP/1.1" 404 1927
[2025-05-03 03:36:07,617] WARNING [9048] basehttp "GET /static/js/custom.js HTTP/1.1" 404 1909
[2025-05-03 03:36:07,625] WARNING [9048] basehttp "GET /static/js/main.js HTTP/1.1" 404 1903
[2025-05-03 03:36:07,647] WARNING [9048] basehttp "GET /static/img/default-signup.svg HTTP/1.1" 404 1939
[2025-05-03 03:36:09,957] WARNING [9048] basehttp "GET /static/css/all.min.css HTTP/1.1" 404 1918
[2025-05-03 03:36:09,959] WARNING [9048] basehttp "GET /static/js/jquery-3.4.1.min.js HTTP/1.1" 404 1939
[2025-05-03 03:36:09,965] WARNING [9048] basehttp "GET /static/css/owl.carousel.min.css HTTP/1.1" 404 1945
[2025-05-03 03:36:09,970] WARNING [9048] basehttp "GET /static/css/bootstrap.css HTTP/1.1" 404 1924
[2025-05-03 03:36:09,977] WARNING [9048] basehttp "GET /static/css/style.css HTTP/1.1" 404 1912
[2025-05-03 03:36:09,977] WARNING [9048] basehttp "GET /static/css/responsive.css HTTP/1.1" 404 1927
[2025-05-03 03:36:10,027] WARNING [9048] basehttp "GET /static/js/bootstrap.js HTTP/1.1" 404 1918
[2025-05-03 03:36:10,030] WARNING [9048] basehttp "GET /static/js/owl.carousel.min.js HTTP/1.1" 404 1939
[2025-05-03 03:36:10,032] WARNING [9048] basehttp "GET /static/js/custom.js HTTP/1.1" 404 1909
[2025-05-03 03:36:10,040] WARNING [9048] basehttp "GET /static/js/main.js HTTP/1.1" 404 1903
[2025-05-03 03:36:10,055] WARNING [9048] basehttp "GET /static/img/default-signup.svg HTTP/1.1" 404 1939
[2025-05-03 03:36:10,636] WARNING [9048] basehttp "GET /static/css/all.min.css HTTP/1.1" 404 1918
[2025-05-03 03:36:10,639] WARNING [9048] basehttp "GET /static/css/owl.carousel.min.css HTTP/1.1" 404 1945
[2025-05-03 03:36:10,646] WARNING [9048] basehttp "GET /static/js/jquery-3.4.1.min.js HTTP/1.1" 404 1939
[2025-05-03 03:36:10,665] WARNING [9048] basehttp "GET /static/js/bootstrap.js HTTP/1.1" 404 1918
[2025-05-03 03:36:10,665] WARNING [9048] basehttp "GET /static/js/owl.carousel.min.js HTTP/1.1" 404 1939
[2025-05-03 03:36:10,693] WARNING [9048] basehttp "GET /static/css/bootstrap.css HTTP/1.1" 404 1924
[2025-05-03 03:36:10,703] WARNING [9048] basehttp "GET /static/css/style.css HTTP/1.1" 404 1912
[2025-05-03 03:36:10,718] WARNING [9048] basehttp "GET /static/js/custom.js HTTP/1.1" 404 1909
[2025-05-03 03:36:10,721] WARNING [9048] basehttp "GET /static/css/responsive.css HTTP/1.1" 404 1927
[2025-05-03 03:36:10,731] WARNING [9048] basehttp "GET /static/js/main.js HTTP/1.1" 404 1903
[2025-05-03 03:36:10,745] WARNING [9048] basehttp "GET /static/img/default-signup.svg HTTP/1.1" 404 1939
[2025-05-03 03:36:11,053] WARNING [9048] basehttp "GET /static/css/all.min.css HTTP/1.1" 404 1918
[2025-05-03 03:36:11,053] WARNING [9048] basehttp "GET /static/css/owl.carousel.min.css HTTP/1.1" 404 1945
[2025-05-03 03:36:11,055] WARNING [9048] basehttp "GET /static/css/bootstrap.css HTTP/1.1" 404 1924
[2025-05-03 03:36:11,079] WARNING [9048] basehttp "GET /static/css/style.css HTTP/1.1" 404 1912
[2025-05-03 03:36:11,087] WARNING [9048] basehttp "GET /static/js/owl.carousel.min.js HTTP/1.1" 404 1939
[2025-05-03 03:36:11,101] WARNING [9048] basehttp "GET /static/js/jquery-3.4.1.min.js HTTP/1.1" 404 1939
[2025-05-03 03:36:11,114] WARNING [9048] basehttp "GET /static/js/bootstrap.js HTTP/1.1" 404 1918
[2025-05-03 03:36:11,137] WARNING [9048] basehttp "GET /static/css/responsive.css HTTP/1.1" 404 1927
[2025-05-03 03:36:11,143] WARNING [9048] basehttp "GET /static/js/main.js HTTP/1.1" 404 1903
[2025-05-03 03:36:11,145] WARNING [9048] basehttp "GET /static/js/custom.js HTTP/1.1" 404 1909
[2025-05-03 03:36:11,199] WARNING [9048] basehttp "GET /static/img/default-signup.svg HTTP/1.1" 404 1939
[2025-05-03 03:39:04,862] WARNING [11700] basehttp "GET /static/images/default_signup.svg HTTP/1.1" 404 1948
[2025-05-03 03:40:08,903] WARNING [11700] basehttp "GET /static/images/default_signup.svg HTTP/1.1" 404 1948
[2025-05-03 03:40:28,434] WARNING [11700] basehttp "GET /static/images/default_signup.svg HTTP/1.1" 404 1948
[2025-05-03 03:40:28,811] WARNING [11700] basehttp "GET /favicon.ico HTTP/1.1" 404 4295
[2025-05-03 03:40:28,859] WARNING [11700] basehttp "GET /static/images/default_signup.svg HTTP/1.1" 404 1948
[2025-05-03 03:40:29,067] WARNING [11700] basehttp "GET /favicon.ico HTTP/1.1" 404 4295
[2025-05-03 03:40:29,120] WARNING [11700] basehttp "GET /static/images/default_signup.svg HTTP/1.1" 404 1948
[2025-05-03 03:40:29,239] WARNING [11700] basehttp "GET /favicon.ico HTTP/1.1" 404 4295
[2025-05-03 03:40:29,292] WARNING [11700] basehttp "GET /static/images/default_signup.svg HTTP/1.1" 404 1948
[2025-05-03 03:40:29,501] WARNING [11700] basehttp "GET /favicon.ico HTTP/1.1" 404 4295
[2025-05-03 03:48:52,169] WARNING [12260] basehttp "GET /static/css/all.min.css HTTP/1.1" 404 1918
[2025-05-03 03:48:52,194] WARNING [12260] basehttp "GET /static/js/jquery-3.4.1.min.js HTTP/1.1" 404 1939
[2025-05-03 03:48:52,198] WARNING [12260] basehttp "GET /static/js/bootstrap.js HTTP/1.1" 404 1918
[2025-05-03 03:48:52,208] WARNING [12260] basehttp "GET /static/js/owl.carousel.min.js HTTP/1.1" 404 1939
[2025-05-03 03:48:52,216] WARNING [12260] basehttp "GET /static/css/owl.carousel.min.css HTTP/1.1" 404 1945
[2025-05-03 03:48:52,230] WARNING [12260] basehttp "GET /static/css/bootstrap.css HTTP/1.1" 404 1924
[2025-05-03 03:48:52,250] WARNING [12260] basehttp "GET /static/css/style.css HTTP/1.1" 404 1912
[2025-05-03 03:48:52,262] WARNING [12260] basehttp "GET /static/css/responsive.css HTTP/1.1" 404 1927
[2025-05-03 03:48:52,263] WARNING [12260] basehttp "GET /static/js/main.js HTTP/1.1" 404 1903
[2025-05-03 03:48:52,263] WARNING [12260] basehttp "GET /static/js/custom.js HTTP/1.1" 404 1909
[2025-05-03 03:48:52,277] WARNING [12260] basehttp "GET /accounts/register/url('/static/images/default-signup.svg') HTTP/1.1" 404 5637
[2025-05-03 03:48:52,397] WARNING [12260] basehttp "GET /favicon.ico HTTP/1.1" 404 4295
[2025-05-03 03:48:53,239] WARNING [12260] basehttp "GET /static/css/all.min.css HTTP/1.1" 404 1918
[2025-05-03 03:48:53,246] WARNING [12260] basehttp "GET /static/css/owl.carousel.min.css HTTP/1.1" 404 1945
[2025-05-03 03:48:53,255] WARNING [12260] basehttp "GET /static/css/responsive.css HTTP/1.1" 404 1927
[2025-05-03 03:48:53,257] WARNING [12260] basehttp "GET /static/css/style.css HTTP/1.1" 404 1912
[2025-05-03 03:48:53,257] WARNING [12260] basehttp "GET /static/css/bootstrap.css HTTP/1.1" 404 1924
[2025-05-03 03:48:53,294] WARNING [12260] basehttp "GET /static/js/jquery-3.4.1.min.js HTTP/1.1" 404 1939
[2025-05-03 03:48:53,310] WARNING [12260] basehttp "GET /static/js/bootstrap.js HTTP/1.1" 404 1918
[2025-05-03 03:48:53,313] WARNING [12260] basehttp "GET /static/js/custom.js HTTP/1.1" 404 1909
[2025-05-03 03:48:53,316] WARNING [12260] basehttp "GET /static/js/owl.carousel.min.js HTTP/1.1" 404 1939
[2025-05-03 03:48:53,318] WARNING [12260] basehttp "GET /static/js/main.js HTTP/1.1" 404 1903
[2025-05-03 03:48:53,326] WARNING [12260] basehttp "GET /accounts/register/url('/static/images/default-signup.svg') HTTP/1.1" 404 5637
[2025-05-03 03:52:22,031] WARNING [12260] basehttp "GET /static/css/all.min.css HTTP/1.1" 404 1918
[2025-05-03 03:52:22,058] WARNING [12260] basehttp "GET /static/css/owl.carousel.min.css HTTP/1.1" 404 1945
[2025-05-03 03:52:22,072] WARNING [12260] basehttp "GET /static/js/owl.carousel.min.js HTTP/1.1" 404 1939
[2025-05-03 03:52:22,079] WARNING [12260] basehttp "GET /static/js/jquery-3.4.1.min.js HTTP/1.1" 404 1939
[2025-05-03 03:52:22,081] WARNING [12260] basehttp "GET /static/js/bootstrap.js HTTP/1.1" 404 1918
[2025-05-03 03:52:22,105] WARNING [12260] basehttp "GET /static/css/bootstrap.css HTTP/1.1" 404 1924
[2025-05-03 03:52:22,121] WARNING [12260] basehttp "GET /static/css/style.css HTTP/1.1" 404 1912
[2025-05-03 03:52:22,124] WARNING [12260] basehttp "GET /static/css/responsive.css HTTP/1.1" 404 1927
[2025-05-03 03:52:22,129] WARNING [12260] basehttp "GET /static/js/custom.js HTTP/1.1" 404 1909
[2025-05-03 03:52:22,133] WARNING [12260] basehttp "GET /static/js/main.js HTTP/1.1" 404 1903
[2025-05-03 03:52:22,133] WARNING [12260] basehttp "GET /static/images/default-signup.svg HTTP/1.1" 404 1948
[2025-05-03 03:52:22,911] WARNING [12260] basehttp "GET /static/css/owl.carousel.min.css HTTP/1.1" 404 1945
[2025-05-03 03:52:22,923] WARNING [12260] basehttp "GET /static/js/bootstrap.js HTTP/1.1" 404 1918
[2025-05-03 03:52:22,927] WARNING [12260] basehttp "GET /static/css/bootstrap.css HTTP/1.1" 404 1924
[2025-05-03 03:52:22,927] WARNING [12260] basehttp "GET /static/css/all.min.css HTTP/1.1" 404 1918
[2025-05-03 03:52:22,929] WARNING [12260] basehttp "GET /static/js/jquery-3.4.1.min.js HTTP/1.1" 404 1939
[2025-05-03 03:52:22,933] WARNING [12260] basehttp "GET /static/js/owl.carousel.min.js HTTP/1.1" 404 1939
[2025-05-03 03:52:22,981] WARNING [12260] basehttp "GET /static/css/responsive.css HTTP/1.1" 404 1927
[2025-05-03 03:52:22,981] WARNING [12260] basehttp "GET /static/css/style.css HTTP/1.1" 404 1912
[2025-05-03 03:52:22,983] WARNING [12260] basehttp "GET /static/js/main.js HTTP/1.1" 404 1903
[2025-05-03 03:52:22,989] WARNING [12260] basehttp "GET /static/js/custom.js HTTP/1.1" 404 1909
[2025-05-03 03:52:22,993] WARNING [12260] basehttp "GET /static/images/default-signup.svg HTTP/1.1" 404 1948
[2025-05-03 03:52:25,473] WARNING [12260] basehttp "GET /static/css/all.min.css HTTP/1.1" 404 1918
[2025-05-03 03:52:25,476] WARNING [12260] basehttp "GET /static/js/jquery-3.4.1.min.js HTTP/1.1" 404 1939
[2025-05-03 03:52:25,477] WARNING [12260] basehttp "GET /static/css/owl.carousel.min.css HTTP/1.1" 404 1945
[2025-05-03 03:52:25,498] WARNING [12260] basehttp "GET /static/js/owl.carousel.min.js HTTP/1.1" 404 1939
[2025-05-03 03:52:25,499] WARNING [12260] basehttp "GET /static/css/bootstrap.css HTTP/1.1" 404 1924
[2025-05-03 03:52:25,527] WARNING [12260] basehttp "GET /static/css/style.css HTTP/1.1" 404 1912
[2025-05-03 03:52:25,543] WARNING [12260] basehttp "GET /static/css/responsive.css HTTP/1.1" 404 1927
[2025-05-03 03:52:25,555] WARNING [12260] basehttp "GET /static/js/bootstrap.js HTTP/1.1" 404 1918
[2025-05-03 03:52:25,557] WARNING [12260] basehttp "GET /static/js/custom.js HTTP/1.1" 404 1909
[2025-05-03 03:52:25,557] WARNING [12260] basehttp "GET /static/js/main.js HTTP/1.1" 404 1903
[2025-05-03 03:52:25,563] WARNING [12260] basehttp "GET /static/images/default-signup.svg HTTP/1.1" 404 1948
[2025-05-03 03:52:26,265] WARNING [12260] basehttp "GET /static/css/all.min.css HTTP/1.1" 404 1918
[2025-05-03 03:52:26,271] WARNING [12260] basehttp "GET /static/css/bootstrap.css HTTP/1.1" 404 1924
[2025-05-03 03:52:26,282] WARNING [12260] basehttp "GET /static/js/jquery-3.4.1.min.js HTTP/1.1" 404 1939
[2025-05-03 03:52:26,282] WARNING [12260] basehttp "GET /static/js/bootstrap.js HTTP/1.1" 404 1918
[2025-05-03 03:52:26,287] WARNING [12260] basehttp "GET /static/js/owl.carousel.min.js HTTP/1.1" 404 1939
[2025-05-03 03:52:26,297] WARNING [12260] basehttp "GET /static/css/owl.carousel.min.css HTTP/1.1" 404 1945
[2025-05-03 03:52:26,329] WARNING [12260] basehttp "GET /static/css/style.css HTTP/1.1" 404 1912
[2025-05-03 03:52:26,334] WARNING [12260] basehttp "GET /static/css/responsive.css HTTP/1.1" 404 1927
[2025-05-03 03:52:26,340] WARNING [12260] basehttp "GET /static/js/main.js HTTP/1.1" 404 1903
[2025-05-03 03:52:26,340] WARNING [12260] basehttp "GET /static/js/custom.js HTTP/1.1" 404 1909
[2025-05-03 03:52:26,341] WARNING [12260] basehttp "GET /static/images/default-signup.svg HTTP/1.1" 404 1948
[2025-05-03 03:52:30,338] WARNING [12260] basehttp "GET /static/js/jquery-3.4.1.min.js HTTP/1.1" 404 1939
[2025-05-03 03:52:30,340] WARNING [12260] basehttp "GET /static/css/all.min.css HTTP/1.1" 404 1918
[2025-05-03 03:52:30,341] WARNING [12260] basehttp "GET /static/css/owl.carousel.min.css HTTP/1.1" 404 1945
[2025-05-03 03:52:30,365] WARNING [12260] basehttp "GET /static/js/owl.carousel.min.js HTTP/1.1" 404 1939
[2025-05-03 03:52:30,397] WARNING [12260] basehttp "GET /static/css/bootstrap.css HTTP/1.1" 404 1924
[2025-05-03 03:52:30,414] WARNING [12260] basehttp "GET /static/css/style.css HTTP/1.1" 404 1912
[2025-05-03 03:52:30,425] WARNING [12260] basehttp "GET /static/css/responsive.css HTTP/1.1" 404 1927
[2025-05-03 03:52:30,426] WARNING [12260] basehttp "GET /static/js/bootstrap.js HTTP/1.1" 404 1918
[2025-05-03 03:52:30,430] WARNING [12260] basehttp "GET /static/js/custom.js HTTP/1.1" 404 1909
[2025-05-03 03:52:30,439] WARNING [12260] basehttp "GET /static/js/main.js HTTP/1.1" 404 1903
[2025-05-03 03:52:30,444] WARNING [12260] basehttp "GET /static/images/default-signup.svg HTTP/1.1" 404 1948
[2025-05-03 03:53:18,248] WARNING [12260] basehttp "GET /static/images/default-signup.svg HTTP/1.1" 404 1948
[2025-05-03 03:56:13,152] WARNING [7252] basehttp "GET /static/css/all.min.css HTTP/1.1" 404 1905
[2025-05-03 03:56:13,152] WARNING [7252] basehttp "GET /static/js/owl.carousel.min.js HTTP/1.1" 404 1926
[2025-05-03 03:56:13,156] WARNING [7252] basehttp "GET /static/css/bootstrap.css HTTP/1.1" 404 1911
[2025-05-03 03:56:13,164] WARNING [7252] basehttp "GET /static/js/jquery-3.4.1.min.js HTTP/1.1" 404 1926
[2025-05-03 03:56:13,164] WARNING [7252] basehttp "GET /static/css/owl.carousel.min.css HTTP/1.1" 404 1932
[2025-05-03 03:56:13,170] WARNING [7252] basehttp "GET /static/css/style.css HTTP/1.1" 404 1899
[2025-05-03 03:56:13,219] WARNING [7252] basehttp "GET /static/js/custom.js HTTP/1.1" 404 1896
[2025-05-03 03:56:13,220] WARNING [7252] basehttp "GET /static/css/responsive.css HTTP/1.1" 404 1914
[2025-05-03 03:56:13,223] WARNING [7252] basehttp "GET /static/js/main.js HTTP/1.1" 404 1890
[2025-05-03 03:56:13,225] WARNING [7252] basehttp "GET /static/js/bootstrap.js HTTP/1.1" 404 1905
[2025-05-03 03:56:13,230] WARNING [7252] basehttp "GET /static/images/default-signup.svg HTTP/1.1" 404 1935
[2025-05-03 03:56:13,978] WARNING [7252] basehttp "GET /static/css/all.min.css HTTP/1.1" 404 1905
[2025-05-03 03:56:13,998] WARNING [7252] basehttp "GET /static/css/style.css HTTP/1.1" 404 1899
[2025-05-03 03:56:14,001] WARNING [7252] basehttp "GET /static/css/responsive.css HTTP/1.1" 404 1914
[2025-05-03 03:56:14,012] WARNING [7252] basehttp "GET /static/css/owl.carousel.min.css HTTP/1.1" 404 1932
[2025-05-03 03:56:14,012] WARNING [7252] basehttp "GET /static/css/bootstrap.css HTTP/1.1" 404 1911
[2025-05-03 03:56:14,016] WARNING [7252] basehttp "GET /static/js/jquery-3.4.1.min.js HTTP/1.1" 404 1926
[2025-05-03 03:56:14,041] WARNING [7252] basehttp "GET /static/js/owl.carousel.min.js HTTP/1.1" 404 1926
[2025-05-03 03:56:14,052] WARNING [7252] basehttp "GET /static/js/bootstrap.js HTTP/1.1" 404 1905
[2025-05-03 03:56:14,062] WARNING [7252] basehttp "GET /static/js/custom.js HTTP/1.1" 404 1896
[2025-05-03 03:56:14,063] WARNING [7252] basehttp "GET /static/js/main.js HTTP/1.1" 404 1890
[2025-05-03 03:56:14,070] WARNING [7252] basehttp "GET /static/images/default-signup.svg HTTP/1.1" 404 1935
[2025-05-03 03:56:16,583] WARNING [7252] basehttp "GET /static/css/all.min.css HTTP/1.1" 404 1905
[2025-05-03 03:56:16,588] WARNING [7252] basehttp "GET /static/css/owl.carousel.min.css HTTP/1.1" 404 1932
[2025-05-03 03:56:16,592] WARNING [7252] basehttp "GET /static/js/jquery-3.4.1.min.js HTTP/1.1" 404 1926
[2025-05-03 03:56:16,593] WARNING [7252] basehttp "GET /static/js/bootstrap.js HTTP/1.1" 404 1905
[2025-05-03 03:56:16,594] WARNING [7252] basehttp "GET /static/js/owl.carousel.min.js HTTP/1.1" 404 1926
[2025-05-03 03:56:16,603] WARNING [7252] basehttp "GET /static/css/bootstrap.css HTTP/1.1" 404 1911
[2025-05-03 03:56:16,645] WARNING [7252] basehttp "GET /static/css/style.css HTTP/1.1" 404 1899
[2025-05-03 03:56:16,655] WARNING [7252] basehttp "GET /static/js/main.js HTTP/1.1" 404 1890
[2025-05-03 03:56:16,655] WARNING [7252] basehttp "GET /static/css/responsive.css HTTP/1.1" 404 1914
[2025-05-03 03:56:16,658] WARNING [7252] basehttp "GET /static/images/default-signup.svg HTTP/1.1" 404 1935
[2025-05-03 03:56:16,658] WARNING [7252] basehttp "GET /static/js/custom.js HTTP/1.1" 404 1896
[2025-05-03 03:56:17,249] WARNING [7252] basehttp "GET /static/css/all.min.css HTTP/1.1" 404 1905
[2025-05-03 03:56:17,262] WARNING [7252] basehttp "GET /static/css/owl.carousel.min.css HTTP/1.1" 404 1932
[2025-05-03 03:56:17,262] WARNING [7252] basehttp "GET /static/css/bootstrap.css HTTP/1.1" 404 1911
[2025-05-03 03:56:17,282] WARNING [7252] basehttp "GET /static/css/style.css HTTP/1.1" 404 1899
[2025-05-03 03:56:17,299] WARNING [7252] basehttp "GET /static/css/responsive.css HTTP/1.1" 404 1914
[2025-05-03 03:56:17,305] WARNING [7252] basehttp "GET /static/js/jquery-3.4.1.min.js HTTP/1.1" 404 1926
[2025-05-03 03:56:17,328] WARNING [7252] basehttp "GET /static/js/owl.carousel.min.js HTTP/1.1" 404 1926
[2025-05-03 03:56:17,337] WARNING [7252] basehttp "GET /static/js/bootstrap.js HTTP/1.1" 404 1905
[2025-05-03 03:56:17,337] WARNING [7252] basehttp "GET /static/js/custom.js HTTP/1.1" 404 1896
[2025-05-03 03:56:17,342] WARNING [7252] basehttp "GET /static/js/main.js HTTP/1.1" 404 1890
[2025-05-03 03:56:17,346] WARNING [7252] basehttp "GET /static/images/default-signup.svg HTTP/1.1" 404 1935
[2025-05-03 03:56:20,872] WARNING [7252] basehttp "GET /static/images/default-signup.svg HTTP/1.1" 404 1935
[2025-05-03 03:56:21,512] WARNING [7252] basehttp "GET /static/images/default-signup.svg HTTP/1.1" 404 1935
[2025-05-03 03:57:53,913] WARNING [11248] basehttp "GET /static/css/all.min.css HTTP/1.1" 404 1905
[2025-05-03 03:57:53,918] WARNING [11248] basehttp "GET /static/js/jquery-3.4.1.min.js HTTP/1.1" 404 1926
[2025-05-03 03:57:53,920] WARNING [11248] basehttp "GET /static/css/owl.carousel.min.css HTTP/1.1" 404 1932
[2025-05-03 03:57:53,922] WARNING [11248] basehttp "GET /static/css/bootstrap.css HTTP/1.1" 404 1911
[2025-05-03 03:57:53,937] WARNING [11248] basehttp "GET /static/css/responsive.css HTTP/1.1" 404 1914
[2025-05-03 03:57:53,938] WARNING [11248] basehttp "GET /static/css/style.css HTTP/1.1" 404 1899
[2025-05-03 03:57:53,971] WARNING [11248] basehttp "GET /static/js/owl.carousel.min.js HTTP/1.1" 404 1926
[2025-05-03 03:57:53,976] WARNING [11248] basehttp "GET /static/js/custom.js HTTP/1.1" 404 1896
[2025-05-03 03:57:53,979] WARNING [11248] basehttp "GET /static/js/bootstrap.js HTTP/1.1" 404 1905
[2025-05-03 03:57:53,982] WARNING [11248] basehttp "GET /static/js/main.js HTTP/1.1" 404 1890
[2025-05-03 03:57:53,984] WARNING [11248] basehttp "GET /static/images/default-signup.svg HTTP/1.1" 404 1935
[2025-05-03 03:58:31,697] WARNING [11248] basehttp "GET /static/css/all.min.css HTTP/1.1" 404 1905
[2025-05-03 03:58:31,705] WARNING [11248] basehttp "GET /static/css/owl.carousel.min.css HTTP/1.1" 404 1932
[2025-05-03 03:58:31,720] WARNING [11248] basehttp "GET /static/js/jquery-3.4.1.min.js HTTP/1.1" 404 1926
[2025-05-03 03:58:31,739] WARNING [11248] basehttp "GET /static/css/style.css HTTP/1.1" 404 1899
[2025-05-03 03:58:31,739] WARNING [11248] basehttp "GET /static/js/owl.carousel.min.js HTTP/1.1" 404 1926
[2025-05-03 03:58:31,745] WARNING [11248] basehttp "GET /static/css/bootstrap.css HTTP/1.1" 404 1911
[2025-05-03 03:58:31,772] WARNING [11248] basehttp "GET /static/css/responsive.css HTTP/1.1" 404 1914
[2025-05-03 03:58:31,785] WARNING [11248] basehttp "GET /static/js/bootstrap.js HTTP/1.1" 404 1905
[2025-05-03 03:58:31,789] WARNING [11248] basehttp "GET /static/js/custom.js HTTP/1.1" 404 1896
[2025-05-03 03:58:31,800] WARNING [11248] basehttp "GET /static/js/main.js HTTP/1.1" 404 1890
[2025-05-03 03:58:31,815] WARNING [11248] basehttp "GET /static/images/default-signup.svg HTTP/1.1" 404 1935
[2025-05-03 03:58:55,194] WARNING [11248] basehttp "GET /static/css/all.min.css HTTP/1.1" 404 1905
[2025-05-03 03:58:55,199] WARNING [11248] basehttp "GET /static/css/owl.carousel.min.css HTTP/1.1" 404 1932
[2025-05-03 03:58:55,206] WARNING [11248] basehttp "GET /static/css/bootstrap.css HTTP/1.1" 404 1911
[2025-05-03 03:58:55,213] WARNING [11248] basehttp "GET /static/css/style.css HTTP/1.1" 404 1899
[2025-05-03 03:58:55,223] WARNING [11248] basehttp "GET /static/css/responsive.css HTTP/1.1" 404 1914
[2025-05-03 03:58:55,249] WARNING [11248] basehttp "GET /static/js/jquery-3.4.1.min.js HTTP/1.1" 404 1926
[2025-05-03 03:58:55,266] WARNING [11248] basehttp "GET /static/js/owl.carousel.min.js HTTP/1.1" 404 1926
[2025-05-03 03:58:55,275] WARNING [11248] basehttp "GET /static/js/custom.js HTTP/1.1" 404 1896
[2025-05-03 03:58:55,279] WARNING [11248] basehttp "GET /static/js/bootstrap.js HTTP/1.1" 404 1905
[2025-05-03 03:58:55,283] WARNING [11248] basehttp "GET /static/js/main.js HTTP/1.1" 404 1890
[2025-05-03 03:59:04,517] WARNING [11248] basehttp "GET /static/css/all.min.css HTTP/1.1" 404 1905
[2025-05-03 03:59:04,525] WARNING [11248] basehttp "GET /static/css/owl.carousel.min.css HTTP/1.1" 404 1932
[2025-05-03 03:59:04,526] WARNING [11248] basehttp "GET /static/js/jquery-3.4.1.min.js HTTP/1.1" 404 1926
[2025-05-03 03:59:04,535] WARNING [11248] basehttp "GET /static/css/bootstrap.css HTTP/1.1" 404 1911
[2025-05-03 03:59:04,539] WARNING [11248] basehttp "GET /static/css/style.css HTTP/1.1" 404 1899
[2025-05-03 03:59:04,569] WARNING [11248] basehttp "GET /static/js/owl.carousel.min.js HTTP/1.1" 404 1926
[2025-05-03 03:59:04,587] WARNING [11248] basehttp "GET /static/css/responsive.css HTTP/1.1" 404 1914
[2025-05-03 03:59:04,592] WARNING [11248] basehttp "GET /static/js/custom.js HTTP/1.1" 404 1896
[2025-05-03 03:59:04,596] WARNING [11248] basehttp "GET /static/js/main.js HTTP/1.1" 404 1890
[2025-05-03 03:59:04,601] WARNING [11248] basehttp "GET /static/js/bootstrap.js HTTP/1.1" 404 1905
[2025-05-03 03:59:04,610] WARNING [11248] basehttp "GET /static/images/default-signup.svg HTTP/1.1" 404 1935
[2025-05-03 03:59:05,330] WARNING [11248] basehttp "GET /static/css/all.min.css HTTP/1.1" 404 1905
[2025-05-03 03:59:05,339] WARNING [11248] basehttp "GET /static/css/owl.carousel.min.css HTTP/1.1" 404 1932
[2025-05-03 03:59:05,339] WARNING [11248] basehttp "GET /static/js/jquery-3.4.1.min.js HTTP/1.1" 404 1926
[2025-05-03 03:59:05,349] WARNING [11248] basehttp "GET /static/js/custom.js HTTP/1.1" 404 1896
[2025-05-03 03:59:05,357] WARNING [11248] basehttp "GET /static/css/style.css HTTP/1.1" 404 1899
[2025-05-03 03:59:05,369] WARNING [11248] basehttp "GET /static/js/owl.carousel.min.js HTTP/1.1" 404 1926
[2025-05-03 03:59:05,398] WARNING [11248] basehttp "GET /static/css/responsive.css HTTP/1.1" 404 1914
[2025-05-03 03:59:05,404] WARNING [11248] basehttp "GET /static/css/bootstrap.css HTTP/1.1" 404 1911
[2025-05-03 03:59:05,405] WARNING [11248] basehttp "GET /static/js/bootstrap.js HTTP/1.1" 404 1905
[2025-05-03 03:59:05,405] WARNING [11248] basehttp "GET /static/js/main.js HTTP/1.1" 404 1890
[2025-05-03 03:59:05,423] WARNING [11248] basehttp "GET /static/images/default-signup.svg HTTP/1.1" 404 1935
[2025-05-03 03:59:07,125] WARNING [11248] basehttp "GET /static/css/all.min.css HTTP/1.1" 404 1905
[2025-05-03 03:59:07,136] WARNING [11248] basehttp "GET /static/css/owl.carousel.min.css HTTP/1.1" 404 1932
[2025-05-03 03:59:07,154] WARNING [11248] basehttp "GET /static/js/jquery-3.4.1.min.js HTTP/1.1" 404 1926
[2025-05-03 03:59:07,162] WARNING [11248] basehttp "GET /static/js/custom.js HTTP/1.1" 404 1896
[2025-05-03 03:59:07,171] WARNING [11248] basehttp "GET /static/js/bootstrap.js HTTP/1.1" 404 1905
[2025-05-03 03:59:07,184] WARNING [11248] basehttp "GET /static/js/owl.carousel.min.js HTTP/1.1" 404 1926
[2025-05-03 03:59:07,200] WARNING [11248] basehttp "GET /static/css/style.css HTTP/1.1" 404 1899
[2025-05-03 03:59:07,214] WARNING [11248] basehttp "GET /static/css/responsive.css HTTP/1.1" 404 1914
[2025-05-03 03:59:07,214] WARNING [11248] basehttp "GET /static/js/main.js HTTP/1.1" 404 1890
[2025-05-03 03:59:07,220] WARNING [11248] basehttp "GET /static/css/bootstrap.css HTTP/1.1" 404 1911
[2025-05-03 03:59:07,232] WARNING [11248] basehttp "GET /static/images/default-signup.svg HTTP/1.1" 404 1935
[2025-05-03 04:07:37,258] WARNING [12108] basehttp "GET /static/js/jquery-3.4.1.min.js HTTP/1.1" 404 1926
[2025-05-03 04:07:37,264] WARNING [12108] basehttp "GET /static/css/owl.carousel.min.css HTTP/1.1" 404 1932
[2025-05-03 04:07:37,277] WARNING [12108] basehttp "GET /static/css/all.min.css HTTP/1.1" 404 1905
[2025-05-03 04:07:37,277] WARNING [12108] basehttp "GET /static/css/bootstrap.css HTTP/1.1" 404 1911
[2025-05-03 04:07:37,293] WARNING [12108] basehttp "GET /static/js/owl.carousel.min.js HTTP/1.1" 404 1926
[2025-05-03 04:07:37,311] WARNING [12108] basehttp "GET /static/js/bootstrap.js HTTP/1.1" 404 1905
[2025-05-03 04:07:37,329] WARNING [12108] basehttp "GET /static/css/style.css HTTP/1.1" 404 1899
[2025-05-03 04:07:37,335] WARNING [12108] basehttp "GET /static/js/custom.js HTTP/1.1" 404 1896
[2025-05-03 04:07:37,337] WARNING [12108] basehttp "GET /static/images/signup-illustration.svg HTTP/1.1" 404 1950
[2025-05-03 04:07:37,340] WARNING [12108] basehttp "GET /static/css/responsive.css HTTP/1.1" 404 1914
[2025-05-03 04:07:37,340] WARNING [12108] basehttp "GET /static/js/main.js HTTP/1.1" 404 1890
[2025-05-03 04:07:55,981] WARNING [12108] basehttp "GET /static/css/all.min.css HTTP/1.1" 404 1905
[2025-05-03 04:07:56,061] WARNING [12108] basehttp "GET /static/css/owl.carousel.min.css HTTP/1.1" 404 1932
[2025-05-03 04:07:56,073] WARNING [12108] basehttp "GET /static/css/bootstrap.css HTTP/1.1" 404 1911
[2025-05-03 04:07:56,073] WARNING [12108] basehttp "GET /static/css/style.css HTTP/1.1" 404 1899
[2025-05-03 04:07:56,077] WARNING [12108] basehttp "GET /static/js/jquery-3.4.1.min.js HTTP/1.1" 404 1926
[2025-05-03 04:07:56,141] WARNING [12108] basehttp "GET /static/js/owl.carousel.min.js HTTP/1.1" 404 1926
[2025-05-03 04:07:56,154] WARNING [12108] basehttp "GET /static/css/responsive.css HTTP/1.1" 404 1914
[2025-05-03 04:07:56,162] WARNING [12108] basehttp "GET /static/js/main.js HTTP/1.1" 404 1890
[2025-05-03 04:07:56,162] WARNING [12108] basehttp "GET /static/js/bootstrap.js HTTP/1.1" 404 1905
[2025-05-03 04:07:56,167] WARNING [12108] basehttp "GET /static/images/default-signup.svg HTTP/1.1" 404 1935
[2025-05-03 04:07:56,171] WARNING [12108] basehttp "GET /static/js/custom.js HTTP/1.1" 404 1896
[2025-05-03 04:08:56,764] WARNING [12108] basehttp "GET /static/css/all.min.css HTTP/1.1" 404 1905
[2025-05-03 04:08:56,771] WARNING [12108] basehttp "GET /static/css/owl.carousel.min.css HTTP/1.1" 404 1932
[2025-05-03 04:08:56,824] WARNING [12108] basehttp "GET /static/css/style.css HTTP/1.1" 404 1899
[2025-05-03 04:08:56,829] WARNING [12108] basehttp "GET /static/css/bootstrap.css HTTP/1.1" 404 1911
[2025-05-03 04:08:56,830] WARNING [12108] basehttp "GET /static/css/responsive.css HTTP/1.1" 404 1914
[2025-05-03 04:08:56,858] WARNING [12108] basehttp "GET /static/js/owl.carousel.min.js HTTP/1.1" 404 1926
[2025-05-03 04:08:56,862] WARNING [12108] basehttp "GET /static/js/bootstrap.js HTTP/1.1" 404 1905
[2025-05-03 04:08:56,881] WARNING [12108] basehttp "GET /static/js/main.js HTTP/1.1" 404 1890
[2025-05-03 04:08:56,887] WARNING [12108] basehttp "GET /static/js/custom.js HTTP/1.1" 404 1896
[2025-05-03 04:08:56,888] WARNING [12108] basehttp "GET /static/js/jquery-3.4.1.min.js HTTP/1.1" 404 1926
[2025-05-03 04:08:56,893] WARNING [12108] basehttp "GET /static/images/signup-illustration.svg HTTP/1.1" 404 1950
[2025-05-03 04:08:57,967] WARNING [12108] basehttp "GET /static/css/all.min.css HTTP/1.1" 404 1905
[2025-05-03 04:08:57,969] WARNING [12108] basehttp "GET /static/css/owl.carousel.min.css HTTP/1.1" 404 1932
[2025-05-03 04:08:58,000] WARNING [12108] basehttp "GET /static/css/responsive.css HTTP/1.1" 404 1914
[2025-05-03 04:08:58,025] WARNING [12108] basehttp "GET /static/js/jquery-3.4.1.min.js HTTP/1.1" 404 1926
[2025-05-03 04:08:58,029] WARNING [12108] basehttp "GET /static/css/style.css HTTP/1.1" 404 1899
[2025-05-03 04:08:58,058] WARNING [12108] basehttp "GET /static/css/bootstrap.css HTTP/1.1" 404 1911
[2025-05-03 04:08:58,059] WARNING [12108] basehttp "GET /static/js/owl.carousel.min.js HTTP/1.1" 404 1926
[2025-05-03 04:08:58,101] WARNING [12108] basehttp "GET /static/js/bootstrap.js HTTP/1.1" 404 1905
[2025-05-03 04:08:58,108] WARNING [12108] basehttp "GET /static/js/custom.js HTTP/1.1" 404 1896
[2025-05-03 04:08:58,112] WARNING [12108] basehttp "GET /static/js/main.js HTTP/1.1" 404 1890
[2025-05-03 04:08:58,117] WARNING [12108] basehttp "GET /static/images/signup-illustration.svg HTTP/1.1" 404 1950
[2025-05-03 04:08:58,797] WARNING [12108] basehttp "GET /static/css/owl.carousel.min.css HTTP/1.1" 404 1932
[2025-05-03 04:08:58,798] WARNING [12108] basehttp "GET /static/css/all.min.css HTTP/1.1" 404 1905
[2025-05-03 04:08:58,814] WARNING [12108] basehttp "GET /static/js/jquery-3.4.1.min.js HTTP/1.1" 404 1926
[2025-05-03 04:08:58,821] WARNING [12108] basehttp "GET /static/css/style.css HTTP/1.1" 404 1899
[2025-05-03 04:08:58,830] WARNING [12108] basehttp "GET /static/js/owl.carousel.min.js HTTP/1.1" 404 1926
[2025-05-03 04:08:58,837] WARNING [12108] basehttp "GET /static/js/bootstrap.js HTTP/1.1" 404 1905
[2025-05-03 04:08:58,863] WARNING [12108] basehttp "GET /static/css/bootstrap.css HTTP/1.1" 404 1911
[2025-05-03 04:08:58,864] WARNING [12108] basehttp "GET /static/css/responsive.css HTTP/1.1" 404 1914
[2025-05-03 04:08:58,871] WARNING [12108] basehttp "GET /static/js/custom.js HTTP/1.1" 404 1896
[2025-05-03 04:08:58,875] WARNING [12108] basehttp "GET /static/js/main.js HTTP/1.1" 404 1890
[2025-05-03 04:08:58,888] WARNING [12108] basehttp "GET /static/images/signup-illustration.svg HTTP/1.1" 404 1950
[2025-05-03 04:09:14,543] WARNING [9264] basehttp "GET /static/css/all.min.css HTTP/1.1" 404 1905
[2025-05-03 04:09:14,551] WARNING [9264] basehttp "GET /static/css/owl.carousel.min.css HTTP/1.1" 404 1932
[2025-05-03 04:09:14,554] WARNING [9264] basehttp "GET /static/css/style.css HTTP/1.1" 404 1899
[2025-05-03 04:09:14,556] WARNING [9264] basehttp "GET /static/js/custom.js HTTP/1.1" 404 1896
[2025-05-03 04:09:14,560] WARNING [9264] basehttp "GET /static/js/jquery-3.4.1.min.js HTTP/1.1" 404 1926
[2025-05-03 04:09:14,561] WARNING [9264] basehttp "GET /static/css/bootstrap.css HTTP/1.1" 404 1911
[2025-05-03 04:09:14,610] WARNING [9264] basehttp "GET /static/js/bootstrap.js HTTP/1.1" 404 1905
[2025-05-03 04:09:14,611] WARNING [9264] basehttp "GET /static/js/owl.carousel.min.js HTTP/1.1" 404 1926
[2025-05-03 04:09:14,611] WARNING [9264] basehttp "GET /static/css/responsive.css HTTP/1.1" 404 1914
[2025-05-03 04:09:14,620] WARNING [9264] basehttp "GET /static/js/main.js HTTP/1.1" 404 1890
[2025-05-03 04:09:14,620] WARNING [9264] basehttp "GET /static/images/signup-illustration.svg HTTP/1.1" 404 1950
[2025-05-03 04:09:16,060] WARNING [9264] basehttp "GET /static/css/owl.carousel.min.css HTTP/1.1" 404 1932
[2025-05-03 04:09:16,061] WARNING [9264] basehttp "GET /static/css/all.min.css HTTP/1.1" 404 1905
[2025-05-03 04:09:16,077] WARNING [9264] basehttp "GET /static/js/jquery-3.4.1.min.js HTTP/1.1" 404 1926
[2025-05-03 04:09:16,082] WARNING [9264] basehttp "GET /static/js/owl.carousel.min.js HTTP/1.1" 404 1926
[2025-05-03 04:09:16,083] WARNING [9264] basehttp "GET /static/css/bootstrap.css HTTP/1.1" 404 1911
[2025-05-03 04:09:16,110] WARNING [9264] basehttp "GET /static/css/style.css HTTP/1.1" 404 1899
[2025-05-03 04:09:16,129] WARNING [9264] basehttp "GET /static/js/bootstrap.js HTTP/1.1" 404 1905
[2025-05-03 04:09:16,137] WARNING [9264] basehttp "GET /static/css/responsive.css HTTP/1.1" 404 1914
[2025-05-03 04:09:16,139] WARNING [9264] basehttp "GET /static/js/custom.js HTTP/1.1" 404 1896
[2025-05-03 04:09:16,143] WARNING [9264] basehttp "GET /static/js/main.js HTTP/1.1" 404 1890
[2025-05-03 04:09:16,150] WARNING [9264] basehttp "GET /static/images/signup-illustration.svg HTTP/1.1" 404 1950
[2025-05-03 04:14:25,738] WARNING [12636] basehttp "GET /static/css/owl.carousel.min.css HTTP/1.1" 404 1932
[2025-05-03 04:14:25,740] WARNING [12636] basehttp "GET /static/js/jquery-3.4.1.min.js HTTP/1.1" 404 1926
[2025-05-03 04:14:25,740] WARNING [12636] basehttp "GET /static/css/bootstrap.css HTTP/1.1" 404 1911
[2025-05-03 04:14:25,754] WARNING [12636] basehttp "GET /static/css/all.min.css HTTP/1.1" 404 1905
[2025-05-03 04:14:25,755] WARNING [12636] basehttp "GET /static/js/owl.carousel.min.js HTTP/1.1" 404 1926
[2025-05-03 04:14:25,760] WARNING [12636] basehttp "GET /static/css/style.css HTTP/1.1" 404 1899
[2025-05-03 04:14:25,805] WARNING [12636] basehttp "GET /static/js/bootstrap.js HTTP/1.1" 404 1905
[2025-05-03 04:14:25,810] WARNING [12636] basehttp "GET /static/css/responsive.css HTTP/1.1" 404 1914
[2025-05-03 04:14:25,810] WARNING [12636] basehttp "GET /static/js/custom.js HTTP/1.1" 404 1896
[2025-05-03 04:14:25,814] WARNING [12636] basehttp "GET /static/js/main.js HTTP/1.1" 404 1890
[2025-05-03 04:14:25,815] WARNING [12636] basehttp "GET /static/images/signup-illustration.svg HTTP/1.1" 404 1950
[2025-05-03 04:14:26,704] WARNING [12636] basehttp "GET /static/css/owl.carousel.min.css HTTP/1.1" 404 1932
[2025-05-03 04:14:26,706] WARNING [12636] basehttp "GET /static/css/all.min.css HTTP/1.1" 404 1905
[2025-05-03 04:14:26,708] WARNING [12636] basehttp "GET /static/css/bootstrap.css HTTP/1.1" 404 1911
[2025-05-03 04:14:26,711] WARNING [12636] basehttp "GET /static/js/jquery-3.4.1.min.js HTTP/1.1" 404 1926
[2025-05-03 04:14:26,759] WARNING [12636] basehttp "GET /static/js/owl.carousel.min.js HTTP/1.1" 404 1926
[2025-05-03 04:14:26,773] WARNING [12636] basehttp "GET /static/css/style.css HTTP/1.1" 404 1899
[2025-05-03 04:14:26,784] WARNING [12636] basehttp "GET /static/js/bootstrap.js HTTP/1.1" 404 1905
[2025-05-03 04:14:26,785] WARNING [12636] basehttp "GET /static/css/responsive.css HTTP/1.1" 404 1914
[2025-05-03 04:14:26,790] WARNING [12636] basehttp "GET /static/js/main.js HTTP/1.1" 404 1890
[2025-05-03 04:14:26,798] WARNING [12636] basehttp "GET /static/js/custom.js HTTP/1.1" 404 1896
[2025-05-03 04:14:26,803] WARNING [12636] basehttp "GET /static/images/signup-illustration.svg HTTP/1.1" 404 1950
[2025-05-03 04:14:27,493] WARNING [12636] basehttp "GET /static/css/all.min.css HTTP/1.1" 404 1905
[2025-05-03 04:14:27,498] WARNING [12636] basehttp "GET /static/js/jquery-3.4.1.min.js HTTP/1.1" 404 1926
[2025-05-03 04:14:27,498] WARNING [12636] basehttp "GET /static/css/owl.carousel.min.css HTTP/1.1" 404 1932
[2025-05-03 04:14:27,506] WARNING [12636] basehttp "GET /static/css/bootstrap.css HTTP/1.1" 404 1911
[2025-05-03 04:14:27,523] WARNING [12636] basehttp "GET /static/js/owl.carousel.min.js HTTP/1.1" 404 1926
[2025-05-03 04:14:27,558] WARNING [12636] basehttp "GET /static/css/style.css HTTP/1.1" 404 1899
[2025-05-03 04:14:27,566] WARNING [12636] basehttp "GET /static/css/responsive.css HTTP/1.1" 404 1914
[2025-05-03 04:14:27,571] WARNING [12636] basehttp "GET /static/js/bootstrap.js HTTP/1.1" 404 1905
[2025-05-03 04:14:27,573] WARNING [12636] basehttp "GET /static/js/custom.js HTTP/1.1" 404 1896
[2025-05-03 04:14:27,575] WARNING [12636] basehttp "GET /static/images/signup-illustration.svg HTTP/1.1" 404 1950
[2025-05-03 04:14:27,578] WARNING [12636] basehttp "GET /static/js/main.js HTTP/1.1" 404 1890
[2025-05-03 04:17:47,936] WARNING [12740] basehttp "GET /static/css/all.min.css HTTP/1.1" 404 179
[2025-05-03 04:17:47,940] WARNING [12740] basehttp "GET /static/js/jquery-3.4.1.min.js HTTP/1.1" 404 179
[2025-05-03 04:17:47,948] WARNING [12740] basehttp "GET /static/css/owl.carousel.min.css HTTP/1.1" 404 179
[2025-05-03 04:17:47,949] WARNING [12740] basehttp "GET /static/css/style.css HTTP/1.1" 404 179
[2025-05-03 04:17:47,953] WARNING [12740] basehttp "GET /static/js/owl.carousel.min.js HTTP/1.1" 404 179
[2025-05-03 04:17:47,956] WARNING [12740] basehttp "GET /static/js/bootstrap.js HTTP/1.1" 404 179
[2025-05-03 04:17:47,957] WARNING [12740] basehttp "GET /static/css/responsive.css HTTP/1.1" 404 179
[2025-05-03 04:17:47,961] WARNING [12740] basehttp "GET /static/js/main.js HTTP/1.1" 404 179
[2025-05-03 04:17:47,978] WARNING [12740] basehttp "GET /static/css/bootstrap.css HTTP/1.1" 404 179
[2025-05-03 04:17:47,974] WARNING [12740] basehttp "GET /static/images/signup-illustration.svg HTTP/1.1" 404 179
[2025-05-03 04:17:47,974] WARNING [12740] basehttp "GET /static/js/custom.js HTTP/1.1" 404 179
[2025-05-03 04:17:48,030] WARNING [12740] basehttp "GET /static/css/responsive.css HTTP/1.1" 404 179
[2025-05-03 04:17:48,030] WARNING [12740] basehttp "GET /static/css/style.css HTTP/1.1" 404 179
[2025-05-03 04:17:48,030] WARNING [12740] basehttp "GET /static/css/bootstrap.css HTTP/1.1" 404 179
[2025-05-03 04:17:50,897] WARNING [12740] basehttp "GET /static/css/all.min.css HTTP/1.1" 404 179
[2025-05-03 04:17:50,897] WARNING [12740] basehttp "GET /static/js/jquery-3.4.1.min.js HTTP/1.1" 404 179
[2025-05-03 04:17:50,897] WARNING [12740] basehttp "GET /static/js/custom.js HTTP/1.1" 404 179
[2025-05-03 04:17:50,898] WARNING [12740] basehttp "GET /static/js/bootstrap.js HTTP/1.1" 404 179
[2025-05-03 04:17:50,898] WARNING [12740] basehttp "GET /static/css/owl.carousel.min.css HTTP/1.1" 404 179
[2025-05-03 04:17:50,898] WARNING [12740] basehttp "GET /static/js/owl.carousel.min.js HTTP/1.1" 404 179
[2025-05-03 04:17:50,905] WARNING [12740] basehttp "GET /static/css/bootstrap.css HTTP/1.1" 404 179
[2025-05-03 04:17:50,910] WARNING [12740] basehttp "GET /static/css/style.css HTTP/1.1" 404 179
[2025-05-03 04:17:50,915] WARNING [12740] basehttp "GET /static/css/responsive.css HTTP/1.1" 404 179
[2025-05-03 04:17:50,921] WARNING [12740] basehttp "GET /static/images/signup-illustration.svg HTTP/1.1" 404 179
[2025-05-03 04:17:50,921] WARNING [12740] basehttp "GET /static/js/main.js HTTP/1.1" 404 179
[2025-05-03 04:17:51,729] WARNING [12740] basehttp "GET /static/js/custom.js HTTP/1.1" 404 179
[2025-05-03 04:17:51,729] WARNING [12740] basehttp "GET /static/js/bootstrap.js HTTP/1.1" 404 179
[2025-05-03 04:17:51,729] WARNING [12740] basehttp "GET /static/js/owl.carousel.min.js HTTP/1.1" 404 179
[2025-05-03 04:17:51,729] WARNING [12740] basehttp "GET /static/css/owl.carousel.min.css HTTP/1.1" 404 179
[2025-05-03 04:17:51,730] WARNING [12740] basehttp "GET /static/css/all.min.css HTTP/1.1" 404 179
[2025-05-03 04:17:51,730] WARNING [12740] basehttp "GET /static/js/jquery-3.4.1.min.js HTTP/1.1" 404 179
[2025-05-03 04:17:51,737] WARNING [12740] basehttp "GET /static/css/style.css HTTP/1.1" 404 179
[2025-05-03 04:17:51,745] WARNING [12740] basehttp "GET /static/css/responsive.css HTTP/1.1" 404 179
[2025-05-03 04:17:51,746] WARNING [12740] basehttp "GET /static/js/main.js HTTP/1.1" 404 179
[2025-05-03 04:17:51,753] WARNING [12740] basehttp "GET /static/css/bootstrap.css HTTP/1.1" 404 179
[2025-05-03 04:17:51,753] WARNING [12740] basehttp "GET /static/images/signup-illustration.svg HTTP/1.1" 404 179
[2025-05-03 04:26:04,884] WARNING [10356] basehttp "GET /static/css/all.min.css HTTP/1.1" 404 1905
[2025-05-03 04:26:04,888] WARNING [10356] basehttp "GET /static/css/owl.carousel.min.css HTTP/1.1" 404 1932
[2025-05-03 04:26:04,899] WARNING [10356] basehttp "GET /static/css/style.css HTTP/1.1" 404 1899
[2025-05-03 04:26:04,903] WARNING [10356] basehttp "GET /static/css/bootstrap.css HTTP/1.1" 404 1911
[2025-05-03 04:26:04,914] WARNING [10356] basehttp "GET /static/js/jquery-3.4.1.min.js HTTP/1.1" 404 1926
[2025-05-03 04:26:04,914] WARNING [10356] basehttp "GET /static/css/responsive.css HTTP/1.1" 404 1914
[2025-05-03 04:26:04,954] WARNING [10356] basehttp "GET /static/js/bootstrap.js HTTP/1.1" 404 1905
[2025-05-03 04:26:04,960] WARNING [10356] basehttp "GET /static/js/custom.js HTTP/1.1" 404 1896
[2025-05-03 04:26:04,960] WARNING [10356] basehttp "GET /static/js/owl.carousel.min.js HTTP/1.1" 404 1926
[2025-05-03 04:26:04,965] WARNING [10356] basehttp "GET /static/js/main.js HTTP/1.1" 404 1890
[2025-05-03 04:26:04,968] WARNING [10356] basehttp "GET /static/images/signup-illustration.svg HTTP/1.1" 404 1950
[2025-05-03 04:26:17,845] WARNING [10356] basehttp "GET /static/css/all.min.css HTTP/1.1" 404 1905
[2025-05-03 04:26:17,847] WARNING [10356] basehttp "GET /static/js/jquery-3.4.1.min.js HTTP/1.1" 404 1926
[2025-05-03 04:26:17,851] WARNING [10356] basehttp "GET /static/css/owl.carousel.min.css HTTP/1.1" 404 1932
[2025-05-03 04:26:17,880] WARNING [10356] basehttp "GET /static/js/owl.carousel.min.js HTTP/1.1" 404 1926
[2025-05-03 04:26:17,884] WARNING [10356] basehttp "GET /static/js/bootstrap.js HTTP/1.1" 404 1905
[2025-05-03 04:26:17,900] WARNING [10356] basehttp "GET /static/css/bootstrap.css HTTP/1.1" 404 1911
[2025-05-03 04:26:17,908] WARNING [10356] basehttp "GET /static/css/style.css HTTP/1.1" 404 1899
[2025-05-03 04:26:17,914] WARNING [10356] basehttp "GET /static/js/custom.js HTTP/1.1" 404 1896
[2025-05-03 04:26:17,914] WARNING [10356] basehttp "GET /static/css/responsive.css HTTP/1.1" 404 1914
[2025-05-03 04:26:17,923] WARNING [10356] basehttp "GET /static/js/main.js HTTP/1.1" 404 1890
[2025-05-03 04:26:30,064] WARNING [10356] basehttp "GET /static/css/all.min.css HTTP/1.1" 404 1905
[2025-05-03 04:26:30,072] WARNING [10356] basehttp "GET /static/css/owl.carousel.min.css HTTP/1.1" 404 1932
[2025-05-03 04:26:30,088] WARNING [10356] basehttp "GET /static/js/jquery-3.4.1.min.js HTTP/1.1" 404 1926
[2025-05-03 04:26:30,102] WARNING [10356] basehttp "GET /static/js/bootstrap.js HTTP/1.1" 404 1905
[2025-05-03 04:26:30,113] WARNING [10356] basehttp "GET /static/js/owl.carousel.min.js HTTP/1.1" 404 1926
[2025-05-03 04:26:30,119] WARNING [10356] basehttp "GET /static/css/bootstrap.css HTTP/1.1" 404 1911
[2025-05-03 04:26:30,142] WARNING [10356] basehttp "GET /static/css/style.css HTTP/1.1" 404 1899
[2025-05-03 04:26:30,143] WARNING [10356] basehttp "GET /static/css/responsive.css HTTP/1.1" 404 1914
[2025-05-03 04:26:30,158] WARNING [10356] basehttp "GET /static/js/custom.js HTTP/1.1" 404 1896
[2025-05-03 04:26:30,165] WARNING [10356] basehttp "GET /static/js/main.js HTTP/1.1" 404 1890
[2025-05-03 04:26:30,171] WARNING [10356] basehttp "GET /static/js/recipe.js HTTP/1.1" 404 1896
[2025-05-03 04:26:43,313] WARNING [10356] basehttp "GET /static/css/all.min.css HTTP/1.1" 404 1905
[2025-05-03 04:26:43,315] WARNING [10356] basehttp "GET /static/css/owl.carousel.min.css HTTP/1.1" 404 1932
[2025-05-03 04:26:43,315] WARNING [10356] basehttp "GET /static/js/custom.js HTTP/1.1" 404 1896
[2025-05-03 04:26:43,316] WARNING [10356] basehttp "GET /static/js/bootstrap.js HTTP/1.1" 404 1905
[2025-05-03 04:26:43,319] WARNING [10356] basehttp "GET /static/css/bootstrap.css HTTP/1.1" 404 1911
[2025-05-03 04:26:43,339] WARNING [10356] basehttp "GET /static/js/owl.carousel.min.js HTTP/1.1" 404 1926
[2025-05-03 04:26:43,377] WARNING [10356] basehttp "GET /static/js/main.js HTTP/1.1" 404 1890
[2025-05-03 04:26:43,378] WARNING [10356] basehttp "GET /static/css/responsive.css HTTP/1.1" 404 1914
[2025-05-03 04:26:43,382] WARNING [10356] basehttp "GET /static/css/style.css HTTP/1.1" 404 1899
[2025-05-03 04:26:43,385] WARNING [10356] basehttp "GET /static/js/jquery-3.4.1.min.js HTTP/1.1" 404 1926
[2025-05-03 04:26:44,609] WARNING [10356] basehttp "GET /static/css/owl.carousel.min.css HTTP/1.1" 404 1932
[2025-05-03 04:26:44,609] WARNING [10356] basehttp "GET /static/css/all.min.css HTTP/1.1" 404 1905
[2025-05-03 04:26:44,625] WARNING [10356] basehttp "GET /static/js/jquery-3.4.1.min.js HTTP/1.1" 404 1926
[2025-05-03 04:26:44,649] WARNING [10356] basehttp "GET /static/js/owl.carousel.min.js HTTP/1.1" 404 1926
[2025-05-03 04:26:44,659] WARNING [10356] basehttp "GET /static/css/bootstrap.css HTTP/1.1" 404 1911
[2025-05-03 04:26:44,659] WARNING [10356] basehttp "GET /static/css/style.css HTTP/1.1" 404 1899
[2025-05-03 04:26:44,679] WARNING [10356] basehttp "GET /static/css/responsive.css HTTP/1.1" 404 1914
[2025-05-03 04:26:44,701] WARNING [10356] basehttp "GET /static/js/custom.js HTTP/1.1" 404 1896
[2025-05-03 04:26:44,707] WARNING [10356] basehttp "GET /static/js/bootstrap.js HTTP/1.1" 404 1905
[2025-05-03 04:26:44,710] WARNING [10356] basehttp "GET /static/images/signup-illustration.svg HTTP/1.1" 404 1950
[2025-05-03 04:26:44,711] WARNING [10356] basehttp "GET /static/js/main.js HTTP/1.1" 404 1890
[2025-05-03 04:27:03,984] WARNING [10356] basehttp "GET /static/css/all.min.css HTTP/1.1" 404 1905
[2025-05-03 04:27:03,992] WARNING [10356] basehttp "GET /static/js/jquery-3.4.1.min.js HTTP/1.1" 404 1926
[2025-05-03 04:27:04,000] WARNING [10356] basehttp "GET /static/js/owl.carousel.min.js HTTP/1.1" 404 1926
[2025-05-03 04:27:04,000] WARNING [10356] basehttp "GET /static/css/owl.carousel.min.css HTTP/1.1" 404 1932
[2025-05-03 04:27:04,007] WARNING [10356] basehttp "GET /static/css/bootstrap.css HTTP/1.1" 404 1911
[2025-05-03 04:27:04,024] WARNING [10356] basehttp "GET /static/css/style.css HTTP/1.1" 404 1899
[2025-05-03 04:27:04,057] WARNING [10356] basehttp "GET /static/js/bootstrap.js HTTP/1.1" 404 1905
[2025-05-03 04:27:04,063] WARNING [10356] basehttp "GET /static/js/custom.js HTTP/1.1" 404 1896
[2025-05-03 04:27:04,064] WARNING [10356] basehttp "GET /static/css/responsive.css HTTP/1.1" 404 1914
[2025-05-03 04:27:04,072] WARNING [10356] basehttp "GET /static/images/signup-illustration.svg HTTP/1.1" 404 1950
[2025-05-03 04:27:04,072] WARNING [10356] basehttp "GET /static/js/main.js HTTP/1.1" 404 1890
[2025-05-03 04:27:08,600] WARNING [10356] basehttp "GET /static/css/owl.carousel.min.css HTTP/1.1" 404 1932
[2025-05-03 04:27:08,601] WARNING [10356] basehttp "GET /static/js/jquery-3.4.1.min.js HTTP/1.1" 404 1926
[2025-05-03 04:27:08,610] WARNING [10356] basehttp "GET /static/css/all.min.css HTTP/1.1" 404 1905
[2025-05-03 04:27:08,623] WARNING [10356] basehttp "GET /static/js/owl.carousel.min.js HTTP/1.1" 404 1926
[2025-05-03 04:27:08,626] WARNING [10356] basehttp "GET /static/css/bootstrap.css HTTP/1.1" 404 1911
[2025-05-03 04:27:08,655] WARNING [10356] basehttp "GET /static/css/style.css HTTP/1.1" 404 1899
[2025-05-03 04:27:08,678] WARNING [10356] basehttp "GET /static/css/responsive.css HTTP/1.1" 404 1914
[2025-05-03 04:27:08,682] WARNING [10356] basehttp "GET /static/js/bootstrap.js HTTP/1.1" 404 1905
[2025-05-03 04:27:08,683] WARNING [10356] basehttp "GET /static/js/custom.js HTTP/1.1" 404 1896
[2025-05-03 04:27:08,687] WARNING [10356] basehttp "GET /static/images/signup-illustration.svg HTTP/1.1" 404 1950
[2025-05-03 04:27:08,690] WARNING [10356] basehttp "GET /static/js/main.js HTTP/1.1" 404 1890
[2025-05-03 04:27:10,333] WARNING [10356] basehttp "GET /static/css/bootstrap.css HTTP/1.1" 404 1911
[2025-05-03 04:27:10,339] WARNING [10356] basehttp "GET /static/css/all.min.css HTTP/1.1" 404 1905
[2025-05-03 04:27:10,355] WARNING [10356] basehttp "GET /static/css/responsive.css HTTP/1.1" 404 1914
[2025-05-03 04:27:10,368] WARNING [10356] basehttp "GET /static/css/style.css HTTP/1.1" 404 1899
[2025-05-03 04:27:10,378] WARNING [10356] basehttp "GET /static/js/jquery-3.4.1.min.js HTTP/1.1" 404 1926
[2025-05-03 04:27:10,387] WARNING [10356] basehttp "GET /static/css/owl.carousel.min.css HTTP/1.1" 404 1932
[2025-05-03 04:27:10,405] WARNING [10356] basehttp "GET /static/js/owl.carousel.min.js HTTP/1.1" 404 1926
[2025-05-03 04:27:10,406] WARNING [10356] basehttp "GET /static/js/bootstrap.js HTTP/1.1" 404 1905
[2025-05-03 04:27:10,421] WARNING [10356] basehttp "GET /static/js/custom.js HTTP/1.1" 404 1896
[2025-05-03 04:27:10,424] WARNING [10356] basehttp "GET /static/images/signup-illustration.svg HTTP/1.1" 404 1950
[2025-05-03 04:27:10,428] WARNING [10356] basehttp "GET /static/js/main.js HTTP/1.1" 404 1890
[2025-05-03 04:27:11,049] WARNING [10356] basehttp "GET /static/css/all.min.css HTTP/1.1" 404 1905
[2025-05-03 04:27:11,059] WARNING [10356] basehttp "GET /static/js/jquery-3.4.1.min.js HTTP/1.1" 404 1926
[2025-05-03 04:27:11,059] WARNING [10356] basehttp "GET /static/css/owl.carousel.min.css HTTP/1.1" 404 1932
[2025-05-03 04:27:11,067] WARNING [10356] basehttp "GET /static/css/style.css HTTP/1.1" 404 1899
[2025-05-03 04:27:11,072] WARNING [10356] basehttp "GET /static/css/bootstrap.css HTTP/1.1" 404 1911
[2025-05-03 04:27:11,089] WARNING [10356] basehttp "GET /static/js/owl.carousel.min.js HTTP/1.1" 404 1926
[2025-05-03 04:27:11,124] WARNING [10356] basehttp "GET /static/css/responsive.css HTTP/1.1" 404 1914
[2025-05-03 04:27:11,131] WARNING [10356] basehttp "GET /static/js/bootstrap.js HTTP/1.1" 404 1905
[2025-05-03 04:27:11,131] WARNING [10356] basehttp "GET /static/js/custom.js HTTP/1.1" 404 1896
[2025-05-03 04:27:11,134] WARNING [10356] basehttp "GET /static/images/signup-illustration.svg HTTP/1.1" 404 1950
[2025-05-03 04:27:11,137] WARNING [10356] basehttp "GET /static/js/main.js HTTP/1.1" 404 1890
[2025-05-03 04:27:38,238] WARNING [10356] basehttp "GET /static/css/all.min.css HTTP/1.1" 404 1905
[2025-05-03 04:27:38,240] WARNING [10356] basehttp "GET /static/js/jquery-3.4.1.min.js HTTP/1.1" 404 1926
[2025-05-03 04:27:38,241] WARNING [10356] basehttp "GET /static/css/owl.carousel.min.css HTTP/1.1" 404 1932
[2025-05-03 04:27:38,267] WARNING [10356] basehttp "GET /static/js/owl.carousel.min.js HTTP/1.1" 404 1926
[2025-05-03 04:27:38,268] WARNING [10356] basehttp "GET /static/css/bootstrap.css HTTP/1.1" 404 1911
[2025-05-03 04:27:38,291] WARNING [10356] basehttp "GET /static/css/style.css HTTP/1.1" 404 1899
[2025-05-03 04:27:38,303] WARNING [10356] basehttp "GET /static/js/bootstrap.js HTTP/1.1" 404 1905
[2025-05-03 04:27:38,311] WARNING [10356] basehttp "GET /static/css/responsive.css HTTP/1.1" 404 1914
[2025-05-03 04:27:38,311] WARNING [10356] basehttp "GET /static/js/custom.js HTTP/1.1" 404 1896
[2025-05-03 04:27:38,320] WARNING [10356] basehttp "GET /static/js/main.js HTTP/1.1" 404 1890
[2025-05-03 04:27:38,324] WARNING [10356] basehttp "GET /static/images/signup-illustration.svg HTTP/1.1" 404 1950
[2025-05-03 04:27:43,639] WARNING [10356] basehttp "GET /static/css/all.min.css HTTP/1.1" 404 1905
[2025-05-03 04:27:43,643] WARNING [10356] basehttp "GET /static/css/owl.carousel.min.css HTTP/1.1" 404 1932
[2025-05-03 04:27:43,661] WARNING [10356] basehttp "GET /static/css/style.css HTTP/1.1" 404 1899
[2025-05-03 04:27:43,661] WARNING [10356] basehttp "GET /static/css/responsive.css HTTP/1.1" 404 1914
[2025-05-03 04:27:43,664] WARNING [10356] basehttp "GET /static/css/bootstrap.css HTTP/1.1" 404 1911
[2025-05-03 04:27:43,668] WARNING [10356] basehttp "GET /static/js/jquery-3.4.1.min.js HTTP/1.1" 404 1926
[2025-05-03 04:27:43,701] WARNING [10356] basehttp "GET /static/js/owl.carousel.min.js HTTP/1.1" 404 1926
[2025-05-03 04:27:43,711] WARNING [10356] basehttp "GET /static/js/bootstrap.js HTTP/1.1" 404 1905
[2025-05-03 04:27:43,713] WARNING [10356] basehttp "GET /static/js/custom.js HTTP/1.1" 404 1896
[2025-05-03 04:27:43,720] WARNING [10356] basehttp "GET /static/js/main.js HTTP/1.1" 404 1890
[2025-05-03 04:27:43,725] WARNING [10356] basehttp "GET /static/images/signup-illustration.svg HTTP/1.1" 404 1950
[2025-05-03 04:27:44,379] WARNING [10356] basehttp "GET /static/css/all.min.css HTTP/1.1" 404 1905
[2025-05-03 04:27:44,379] WARNING [10356] basehttp "GET /static/css/owl.carousel.min.css HTTP/1.1" 404 1932
[2025-05-03 04:27:44,379] WARNING [10356] basehttp "GET /static/js/jquery-3.4.1.min.js HTTP/1.1" 404 1926
[2025-05-03 04:27:44,410] WARNING [10356] basehttp "GET /static/css/bootstrap.css HTTP/1.1" 404 1911
[2025-05-03 04:27:44,425] WARNING [10356] basehttp "GET /static/js/owl.carousel.min.js HTTP/1.1" 404 1926
[2025-05-03 04:27:44,447] WARNING [10356] basehttp "GET /static/css/style.css HTTP/1.1" 404 1899
[2025-05-03 04:27:44,453] WARNING [10356] basehttp "GET /static/js/bootstrap.js HTTP/1.1" 404 1905
[2025-05-03 04:27:44,457] WARNING [10356] basehttp "GET /static/css/responsive.css HTTP/1.1" 404 1914
[2025-05-03 04:27:44,464] WARNING [10356] basehttp "GET /static/js/custom.js HTTP/1.1" 404 1896
[2025-05-03 04:27:44,465] WARNING [10356] basehttp "GET /static/images/signup-illustration.svg HTTP/1.1" 404 1950
[2025-05-03 04:27:44,470] WARNING [10356] basehttp "GET /static/js/main.js HTTP/1.1" 404 1890
[2025-05-03 20:35:37,611] WARNING [13060] basehttp "GET /static/css/style.css HTTP/1.1" 404 1899
[2025-05-03 20:35:37,611] WARNING [13060] basehttp "GET /static/css/all.min.css HTTP/1.1" 404 1905
[2025-05-03 20:35:37,616] WARNING [13060] basehttp "GET /static/css/bootstrap.css HTTP/1.1" 404 1911
[2025-05-03 20:35:37,630] WARNING [13060] basehttp "GET /static/css/responsive.css HTTP/1.1" 404 1914
[2025-05-03 20:35:37,633] WARNING [13060] basehttp "GET /static/css/owl.carousel.min.css HTTP/1.1" 404 1932
[2025-05-03 20:35:37,634] WARNING [13060] basehttp "GET /static/js/jquery-3.4.1.min.js HTTP/1.1" 404 1926
[2025-05-03 20:35:37,667] WARNING [13060] basehttp "GET /static/js/owl.carousel.min.js HTTP/1.1" 404 1926
[2025-05-03 20:35:37,682] WARNING [13060] basehttp "GET /static/js/bootstrap.js HTTP/1.1" 404 1905
[2025-05-03 20:35:37,683] WARNING [13060] basehttp "GET /static/js/custom.js HTTP/1.1" 404 1896
[2025-05-03 20:35:37,688] WARNING [13060] basehttp "GET /static/js/main.js HTTP/1.1" 404 1890
[2025-05-03 20:35:37,688] WARNING [13060] basehttp "GET /static/js/recipe.js HTTP/1.1" 404 1896
[2025-05-03 20:35:38,123] WARNING [13060] basehttp "GET /favicon.ico HTTP/1.1" 404 4422
[2025-05-03 20:35:41,188] WARNING [13060] basehttp "GET /static/css/all.min.css HTTP/1.1" 404 1905
[2025-05-03 20:35:41,197] WARNING [13060] basehttp "GET /static/js/owl.carousel.min.js HTTP/1.1" 404 1926
[2025-05-03 20:35:41,197] WARNING [13060] basehttp "GET /static/css/owl.carousel.min.css HTTP/1.1" 404 1932
[2025-05-03 20:35:41,206] WARNING [13060] basehttp "GET /static/js/bootstrap.js HTTP/1.1" 404 1905
[2025-05-03 20:35:41,224] WARNING [13060] basehttp "GET /static/css/style.css HTTP/1.1" 404 1899
[2025-05-03 20:35:41,245] WARNING [13060] basehttp "GET /static/css/bootstrap.css HTTP/1.1" 404 1911
[2025-05-03 20:35:41,253] WARNING [13060] basehttp "GET /static/css/responsive.css HTTP/1.1" 404 1914
[2025-05-03 20:35:41,268] WARNING [13060] basehttp "GET /static/js/jquery-3.4.1.min.js HTTP/1.1" 404 1926
[2025-05-03 20:35:41,273] WARNING [13060] basehttp "GET /static/js/custom.js HTTP/1.1" 404 1896
[2025-05-03 20:35:41,279] WARNING [13060] basehttp "GET /static/images/signup-illustration.svg HTTP/1.1" 404 1950
[2025-05-03 20:35:41,282] WARNING [13060] basehttp "GET /static/js/main.js HTTP/1.1" 404 1890
[2025-05-03 20:42:41,775] WARNING [13060] basehttp "GET /static/css/all.min.css HTTP/1.1" 404 1905
[2025-05-03 20:42:41,830] WARNING [13060] basehttp "GET /static/css/owl.carousel.min.css HTTP/1.1" 404 1932
[2025-05-03 20:42:41,864] WARNING [13060] basehttp "GET /static/js/jquery-3.4.1.min.js HTTP/1.1" 404 1926
[2025-05-03 20:42:41,867] WARNING [13060] basehttp "GET /static/css/responsive.css HTTP/1.1" 404 1914
[2025-05-03 20:42:41,891] WARNING [13060] basehttp "GET /static/css/bootstrap.css HTTP/1.1" 404 1911
[2025-05-03 20:42:41,891] WARNING [13060] basehttp "GET /static/css/style.css HTTP/1.1" 404 1899
[2025-05-03 20:42:41,905] WARNING [13060] basehttp "GET /static/js/bootstrap.js HTTP/1.1" 404 1905
[2025-05-03 20:42:41,921] WARNING [13060] basehttp "GET /static/js/owl.carousel.min.js HTTP/1.1" 404 1926
[2025-05-03 20:42:41,927] WARNING [13060] basehttp "GET /static/js/custom.js HTTP/1.1" 404 1896
[2025-05-03 20:42:41,930] WARNING [13060] basehttp "GET /static/images/signup-illustration.svg HTTP/1.1" 404 1950
[2025-05-03 20:42:41,935] WARNING [13060] basehttp "GET /static/js/main.js HTTP/1.1" 404 1890
[2025-05-03 20:42:42,934] WARNING [13060] basehttp "GET /static/css/owl.carousel.min.css HTTP/1.1" 404 1932
[2025-05-03 20:42:42,935] WARNING [13060] basehttp "GET /static/css/all.min.css HTTP/1.1" 404 1905
[2025-05-03 20:42:42,949] WARNING [13060] basehttp "GET /static/js/jquery-3.4.1.min.js HTTP/1.1" 404 1926
[2025-05-03 20:42:42,963] WARNING [13060] basehttp "GET /static/js/bootstrap.js HTTP/1.1" 404 1905
[2025-05-03 20:42:42,963] WARNING [13060] basehttp "GET /static/js/owl.carousel.min.js HTTP/1.1" 404 1926
[2025-05-03 20:42:42,982] WARNING [13060] basehttp "GET /static/js/custom.js HTTP/1.1" 404 1896
[2025-05-03 20:42:43,014] WARNING [13060] basehttp "GET /static/css/style.css HTTP/1.1" 404 1899
[2025-05-03 20:42:43,014] WARNING [13060] basehttp "GET /static/css/responsive.css HTTP/1.1" 404 1914
[2025-05-03 20:42:43,021] WARNING [13060] basehttp "GET /static/css/bootstrap.css HTTP/1.1" 404 1911
[2025-05-03 20:42:43,026] WARNING [13060] basehttp "GET /static/images/signup-illustration.svg HTTP/1.1" 404 1950
[2025-05-03 20:42:43,031] WARNING [13060] basehttp "GET /static/js/main.js HTTP/1.1" 404 1890
[2025-05-03 20:42:45,158] WARNING [13060] basehttp "GET /static/css/all.min.css HTTP/1.1" 404 1905
[2025-05-03 20:42:45,160] WARNING [13060] basehttp "GET /static/css/owl.carousel.min.css HTTP/1.1" 404 1932
[2025-05-03 20:42:45,162] WARNING [13060] basehttp "GET /static/js/jquery-3.4.1.min.js HTTP/1.1" 404 1926
[2025-05-03 20:42:45,186] WARNING [13060] basehttp "GET /static/css/bootstrap.css HTTP/1.1" 404 1911
[2025-05-03 20:42:45,198] WARNING [13060] basehttp "GET /static/css/style.css HTTP/1.1" 404 1899
[2025-05-03 20:42:45,215] WARNING [13060] basehttp "GET /static/js/owl.carousel.min.js HTTP/1.1" 404 1926
[2025-05-03 20:42:45,231] WARNING [13060] basehttp "GET /static/js/custom.js HTTP/1.1" 404 1896
[2025-05-03 20:42:45,236] WARNING [13060] basehttp "GET /static/css/responsive.css HTTP/1.1" 404 1914
[2025-05-03 20:42:45,236] WARNING [13060] basehttp "GET /static/js/bootstrap.js HTTP/1.1" 404 1905
[2025-05-03 20:42:45,254] WARNING [13060] basehttp "GET /static/js/main.js HTTP/1.1" 404 1890
[2025-05-03 20:42:45,259] WARNING [13060] basehttp "GET /static/images/signup-illustration.svg HTTP/1.1" 404 1950
[2025-05-03 20:47:55,242] WARNING [13060] basehttp "GET /static/css/all.min.css HTTP/1.1" 404 1905
[2025-05-03 20:47:55,295] WARNING [13060] basehttp "GET /static/css/owl.carousel.min.css HTTP/1.1" 404 1932
[2025-05-03 20:47:55,302] WARNING [13060] basehttp "GET /static/css/bootstrap.css HTTP/1.1" 404 1911
[2025-05-03 20:47:55,304] WARNING [13060] basehttp "GET /static/js/jquery-3.4.1.min.js HTTP/1.1" 404 1926
[2025-05-03 20:47:55,309] WARNING [13060] basehttp "GET /static/css/style.css HTTP/1.1" 404 1899
[2025-05-03 20:47:55,327] WARNING [13060] basehttp "GET /static/js/owl.carousel.min.js HTTP/1.1" 404 1926
[2025-05-03 20:47:55,327] WARNING [13060] basehttp "GET /static/css/responsive.css HTTP/1.1" 404 1914
[2025-05-03 20:47:55,353] WARNING [13060] basehttp "GET /static/js/bootstrap.js HTTP/1.1" 404 1905
[2025-05-03 20:47:55,354] WARNING [13060] basehttp "GET /static/js/main.js HTTP/1.1" 404 1890
[2025-05-03 20:47:55,354] WARNING [13060] basehttp "GET /static/js/custom.js HTTP/1.1" 404 1896
[2025-05-03 20:47:55,377] WARNING [13060] basehttp "GET /static/images/signup-illustration.svg HTTP/1.1" 404 1950
[2025-05-03 20:47:55,415] WARNING [13060] basehttp "GET /static/css/style.css HTTP/1.1" 404 1899
[2025-05-03 20:47:56,305] WARNING [13060] basehttp "GET /static/css/all.min.css HTTP/1.1" 404 1905
[2025-05-03 20:47:56,307] WARNING [13060] basehttp "GET /static/css/owl.carousel.min.css HTTP/1.1" 404 1932
[2025-05-03 20:47:56,308] WARNING [13060] basehttp "GET /static/css/bootstrap.css HTTP/1.1" 404 1911
[2025-05-03 20:47:56,328] WARNING [13060] basehttp "GET /static/js/jquery-3.4.1.min.js HTTP/1.1" 404 1926
[2025-05-03 20:47:56,338] WARNING [13060] basehttp "GET /static/css/responsive.css HTTP/1.1" 404 1914
[2025-05-03 20:47:56,364] WARNING [13060] basehttp "GET /static/js/owl.carousel.min.js HTTP/1.1" 404 1926
[2025-05-03 20:47:56,379] WARNING [13060] basehttp "GET /static/js/custom.js HTTP/1.1" 404 1896
[2025-05-03 20:47:56,379] WARNING [13060] basehttp "GET /static/css/style.css HTTP/1.1" 404 1899
[2025-05-03 20:47:56,385] WARNING [13060] basehttp "GET /static/js/bootstrap.js HTTP/1.1" 404 1905
[2025-05-03 20:47:56,387] WARNING [13060] basehttp "GET /static/js/main.js HTTP/1.1" 404 1890
[2025-05-03 20:47:56,427] WARNING [13060] basehttp "GET /static/images/signup-illustration.svg HTTP/1.1" 404 1950
[2025-05-03 20:47:56,427] WARNING [13060] basehttp "GET /static/css/style.css HTTP/1.1" 404 1899
[2025-05-03 20:47:57,015] WARNING [13060] basehttp "GET /static/css/all.min.css HTTP/1.1" 404 1905
[2025-05-03 20:47:57,020] WARNING [13060] basehttp "GET /static/js/jquery-3.4.1.min.js HTTP/1.1" 404 1926
[2025-05-03 20:47:57,028] WARNING [13060] basehttp "GET /static/css/owl.carousel.min.css HTTP/1.1" 404 1932
[2025-05-03 20:47:57,044] WARNING [13060] basehttp "GET /static/css/bootstrap.css HTTP/1.1" 404 1911
[2025-05-03 20:47:57,056] WARNING [13060] basehttp "GET /static/css/responsive.css HTTP/1.1" 404 1914
[2025-05-03 20:47:57,069] WARNING [13060] basehttp "GET /static/js/owl.carousel.min.js HTTP/1.1" 404 1926
[2025-05-03 20:47:57,084] WARNING [13060] basehttp "GET /static/js/bootstrap.js HTTP/1.1" 404 1905
[2025-05-03 20:47:57,085] WARNING [13060] basehttp "GET /static/css/style.css HTTP/1.1" 404 1899
[2025-05-03 20:47:57,093] WARNING [13060] basehttp "GET /static/js/custom.js HTTP/1.1" 404 1896
[2025-05-03 20:47:57,093] WARNING [13060] basehttp "GET /static/js/main.js HTTP/1.1" 404 1890
[2025-05-03 20:47:57,128] WARNING [13060] basehttp "GET /static/images/signup-illustration.svg HTTP/1.1" 404 1950
[2025-05-03 20:47:57,135] WARNING [13060] basehttp "GET /static/css/style.css HTTP/1.1" 404 1899
[2025-05-03 20:48:17,795] WARNING [13060] basehttp "GET /static/css/all.min.css HTTP/1.1" 404 1905
[2025-05-03 20:48:17,798] WARNING [13060] basehttp "GET /static/js/jquery-3.4.1.min.js HTTP/1.1" 404 1926
[2025-05-03 20:48:17,799] WARNING [13060] basehttp "GET /static/css/owl.carousel.min.css HTTP/1.1" 404 1932
[2025-05-03 20:48:17,826] WARNING [13060] basehttp "GET /static/css/bootstrap.css HTTP/1.1" 404 1911
[2025-05-03 20:48:17,843] WARNING [13060] basehttp "GET /static/js/owl.carousel.min.js HTTP/1.1" 404 1926
[2025-05-03 20:48:17,852] WARNING [13060] basehttp "GET /static/js/bootstrap.js HTTP/1.1" 404 1905
[2025-05-03 20:48:17,864] WARNING [13060] basehttp "GET /static/css/responsive.css HTTP/1.1" 404 1914
[2025-05-03 20:48:17,867] WARNING [13060] basehttp "GET /static/css/style.css HTTP/1.1" 404 1899
[2025-05-03 20:48:17,868] WARNING [13060] basehttp "GET /static/js/custom.js HTTP/1.1" 404 1896
[2025-05-03 20:48:17,876] WARNING [13060] basehttp "GET /static/js/main.js HTTP/1.1" 404 1890
[2025-05-03 20:48:17,904] WARNING [13060] basehttp "GET /static/images/signup-illustration.png HTTP/1.1" 404 1950
[2025-05-03 20:48:17,908] WARNING [13060] basehttp "GET /static/css/style.css HTTP/1.1" 404 1899
[2025-05-03 20:48:18,647] WARNING [13060] basehttp "GET /static/css/all.min.css HTTP/1.1" 404 1905
[2025-05-03 20:48:18,653] WARNING [13060] basehttp "GET /static/css/owl.carousel.min.css HTTP/1.1" 404 1932
[2025-05-03 20:48:18,673] WARNING [13060] basehttp "GET /static/js/jquery-3.4.1.min.js HTTP/1.1" 404 1926
[2025-05-03 20:48:18,685] WARNING [13060] basehttp "GET /static/js/bootstrap.js HTTP/1.1" 404 1905
[2025-05-03 20:48:18,698] WARNING [13060] basehttp "GET /static/js/owl.carousel.min.js HTTP/1.1" 404 1926
[2025-05-03 20:48:18,710] WARNING [13060] basehttp "GET /static/css/bootstrap.css HTTP/1.1" 404 1911
[2025-05-03 20:48:18,710] WARNING [13060] basehttp "GET /static/css/responsive.css HTTP/1.1" 404 1914
[2025-05-03 20:48:18,726] WARNING [13060] basehttp "GET /static/css/style.css HTTP/1.1" 404 1899
[2025-05-03 20:48:18,733] WARNING [13060] basehttp "GET /static/js/custom.js HTTP/1.1" 404 1896
[2025-05-03 20:48:18,743] WARNING [13060] basehttp "GET /static/js/main.js HTTP/1.1" 404 1890
[2025-05-03 20:48:18,770] WARNING [13060] basehttp "GET /static/images/signup-illustration.png HTTP/1.1" 404 1950
[2025-05-03 20:48:18,777] WARNING [13060] basehttp "GET /static/css/style.css HTTP/1.1" 404 1899
[2025-05-03 21:27:10,035] WARNING [13060] basehttp "GET /static/js/jquery-3.4.1.min.js HTTP/1.1" 404 1926
[2025-05-03 21:27:10,035] WARNING [13060] basehttp "GET /static/css/all.min.css HTTP/1.1" 404 1905
[2025-05-03 21:27:10,038] WARNING [13060] basehttp "GET /static/css/owl.carousel.min.css HTTP/1.1" 404 1932
[2025-05-03 21:27:10,080] WARNING [13060] basehttp "GET /static/js/owl.carousel.min.js HTTP/1.1" 404 1926
[2025-05-03 21:27:10,092] WARNING [13060] basehttp "GET /static/js/bootstrap.js HTTP/1.1" 404 1905
[2025-05-03 21:27:10,101] WARNING [13060] basehttp "GET /static/css/bootstrap.css HTTP/1.1" 404 1911
[2025-05-03 21:27:10,111] WARNING [13060] basehttp "GET /static/css/style.css HTTP/1.1" 404 1899
[2025-05-03 21:27:10,112] WARNING [13060] basehttp "GET /static/css/responsive.css HTTP/1.1" 404 1914
[2025-05-03 21:27:10,113] WARNING [13060] basehttp "GET /static/js/custom.js HTTP/1.1" 404 1896
[2025-05-03 21:27:10,127] WARNING [13060] basehttp "GET /static/js/main.js HTTP/1.1" 404 1890
[2025-05-03 21:27:10,130] WARNING [13060] basehttp "GET /static/images/static/images/signup-illustration.png HTTP/1.1" 404 1992
[2025-05-03 21:27:10,154] WARNING [13060] basehttp "GET /static/css/style.css HTTP/1.1" 404 1899
[2025-05-03 21:27:10,913] WARNING [13060] basehttp "GET /static/css/all.min.css HTTP/1.1" 404 1905
[2025-05-03 21:27:10,914] WARNING [13060] basehttp "GET /static/css/owl.carousel.min.css HTTP/1.1" 404 1932
[2025-05-03 21:27:10,931] WARNING [13060] basehttp "GET /static/js/bootstrap.js HTTP/1.1" 404 1905
[2025-05-03 21:27:10,953] WARNING [13060] basehttp "GET /static/js/owl.carousel.min.js HTTP/1.1" 404 1926
[2025-05-03 21:27:10,958] WARNING [13060] basehttp "GET /static/js/custom.js HTTP/1.1" 404 1896
[2025-05-03 21:27:10,962] WARNING [13060] basehttp "GET /static/js/jquery-3.4.1.min.js HTTP/1.1" 404 1926
[2025-05-03 21:27:10,974] WARNING [13060] basehttp "GET /static/css/responsive.css HTTP/1.1" 404 1914
[2025-05-03 21:27:10,979] WARNING [13060] basehttp "GET /static/css/bootstrap.css HTTP/1.1" 404 1911
[2025-05-03 21:27:10,982] WARNING [13060] basehttp "GET /static/css/style.css HTTP/1.1" 404 1899
[2025-05-03 21:27:11,009] WARNING [13060] basehttp "GET /static/js/main.js HTTP/1.1" 404 1890
[2025-05-03 21:27:11,041] WARNING [13060] basehttp "GET /static/images/static/images/signup-illustration.png HTTP/1.1" 404 1992
[2025-05-03 21:27:50,850] WARNING [3952] basehttp "GET /static/css/owl.carousel.min.css HTTP/1.1" 404 1932
[2025-05-03 21:27:50,858] WARNING [3952] basehttp "GET /static/js/jquery-3.4.1.min.js HTTP/1.1" 404 1926
[2025-05-03 21:27:50,862] WARNING [3952] basehttp "GET /static/css/bootstrap.css HTTP/1.1" 404 1911
[2025-05-03 21:27:50,863] WARNING [3952] basehttp "GET /static/css/all.min.css HTTP/1.1" 404 1905
[2025-05-03 21:27:50,863] WARNING [3952] basehttp "GET /static/js/owl.carousel.min.js HTTP/1.1" 404 1926
[2025-05-03 21:27:50,864] WARNING [3952] basehttp "GET /static/css/style.css HTTP/1.1" 404 1899
[2025-05-03 21:27:50,914] WARNING [3952] basehttp "GET /static/js/bootstrap.js HTTP/1.1" 404 1905
[2025-05-03 21:27:50,914] WARNING [3952] basehttp "GET /static/css/responsive.css HTTP/1.1" 404 1914
[2025-05-03 21:27:50,917] WARNING [3952] basehttp "GET /static/js/custom.js HTTP/1.1" 404 1896
[2025-05-03 21:27:50,926] WARNING [3952] basehttp "GET /static/images/static/images/signup-illustration.png HTTP/1.1" 404 1992
[2025-05-03 21:27:50,928] WARNING [3952] basehttp "GET /static/js/main.js HTTP/1.1" 404 1890
[2025-05-03 21:27:50,966] WARNING [3952] basehttp "GET /static/css/style.css HTTP/1.1" 404 1899
[2025-05-03 21:27:51,590] WARNING [3952] basehttp "GET /static/css/all.min.css HTTP/1.1" 404 1905
[2025-05-03 21:27:51,599] WARNING [3952] basehttp "GET /static/css/owl.carousel.min.css HTTP/1.1" 404 1932
[2025-05-03 21:27:51,612] WARNING [3952] basehttp "GET /static/css/responsive.css HTTP/1.1" 404 1914
[2025-05-03 21:27:51,617] WARNING [3952] basehttp "GET /static/js/jquery-3.4.1.min.js HTTP/1.1" 404 1926
[2025-05-03 21:27:51,621] WARNING [3952] basehttp "GET /static/js/owl.carousel.min.js HTTP/1.1" 404 1926
[2025-05-03 21:27:51,627] WARNING [3952] basehttp "GET /static/js/bootstrap.js HTTP/1.1" 404 1905
[2025-05-03 21:27:51,664] WARNING [3952] basehttp "GET /static/css/bootstrap.css HTTP/1.1" 404 1911
[2025-05-03 21:27:51,666] WARNING [3952] basehttp "GET /static/css/style.css HTTP/1.1" 404 1899
[2025-05-03 21:27:51,670] WARNING [3952] basehttp "GET /static/js/custom.js HTTP/1.1" 404 1896
[2025-05-03 21:27:51,677] WARNING [3952] basehttp "GET /static/js/main.js HTTP/1.1" 404 1890
[2025-05-03 21:27:51,682] WARNING [3952] basehttp "GET /static/images/static/images/signup-illustration.png HTTP/1.1" 404 1992
[2025-05-03 21:27:51,701] WARNING [3952] basehttp "GET /static/css/style.css HTTP/1.1" 404 1899
[2025-05-03 21:31:42,565] WARNING [3952] basehttp "GET /static/css/all.min.css HTTP/1.1" 404 1905
[2025-05-03 21:31:42,575] WARNING [3952] basehttp "GET /static/css/owl.carousel.min.css HTTP/1.1" 404 1932
[2025-05-03 21:31:42,575] WARNING [3952] basehttp "GET /static/js/jquery-3.4.1.min.js HTTP/1.1" 404 1926
[2025-05-03 21:31:42,616] WARNING [3952] basehttp "GET /static/css/bootstrap.css HTTP/1.1" 404 1911
[2025-05-03 21:31:42,618] WARNING [3952] basehttp "GET /static/css/style.css HTTP/1.1" 404 1899
[2025-05-03 21:31:42,626] WARNING [3952] basehttp "GET /static/css/responsive.css HTTP/1.1" 404 1914
[2025-05-03 21:31:42,632] WARNING [3952] basehttp "GET /static/js/owl.carousel.min.js HTTP/1.1" 404 1926
[2025-05-03 21:31:42,638] WARNING [3952] basehttp "GET /static/js/bootstrap.js HTTP/1.1" 404 1905
[2025-05-03 21:31:42,642] WARNING [3952] basehttp "GET /static/js/custom.js HTTP/1.1" 404 1896
[2025-05-03 21:31:42,657] WARNING [3952] basehttp "GET /static/js/main.js HTTP/1.1" 404 1890
[2025-05-03 21:31:42,706] WARNING [3952] basehttp "GET /accounts/register/%7B'/static/images/signup-illustration.png'%7D HTTP/1.1" 404 5956
[2025-05-03 21:31:50,008] WARNING [3952] basehttp "GET /static/css/all.min.css HTTP/1.1" 404 1905
[2025-05-03 21:31:50,011] WARNING [3952] basehttp "GET /static/css/owl.carousel.min.css HTTP/1.1" 404 1932
[2025-05-03 21:31:50,024] WARNING [3952] basehttp "GET /static/js/jquery-3.4.1.min.js HTTP/1.1" 404 1926
[2025-05-03 21:31:50,027] WARNING [3952] basehttp "GET /static/js/custom.js HTTP/1.1" 404 1896
[2025-05-03 21:31:50,047] WARNING [3952] basehttp "GET /static/js/owl.carousel.min.js HTTP/1.1" 404 1926
[2025-05-03 21:31:50,060] WARNING [3952] basehttp "GET /static/js/bootstrap.js HTTP/1.1" 404 1905
[2025-05-03 21:31:50,078] WARNING [3952] basehttp "GET /static/css/bootstrap.css HTTP/1.1" 404 1911
[2025-05-03 21:31:50,093] WARNING [3952] basehttp "GET /static/css/style.css HTTP/1.1" 404 1899
[2025-05-03 21:31:50,093] WARNING [3952] basehttp "GET /static/js/main.js HTTP/1.1" 404 1890
[2025-05-03 21:31:50,093] WARNING [3952] basehttp "GET /static/css/responsive.css HTTP/1.1" 404 1914
[2025-05-03 21:31:50,108] WARNING [3952] basehttp "GET /accounts/register/url%7B'/static/images/signup-illustration.png'%7D HTTP/1.1" 404 5965
[2025-05-03 21:31:50,886] WARNING [3952] basehttp "GET /static/css/all.min.css HTTP/1.1" 404 1905
[2025-05-03 21:31:50,889] WARNING [3952] basehttp "GET /static/js/jquery-3.4.1.min.js HTTP/1.1" 404 1926
[2025-05-03 21:31:50,909] WARNING [3952] basehttp "GET /static/css/owl.carousel.min.css HTTP/1.1" 404 1932
[2025-05-03 21:31:50,933] WARNING [3952] basehttp "GET /static/js/owl.carousel.min.js HTTP/1.1" 404 1926
[2025-05-03 21:31:50,934] WARNING [3952] basehttp "GET /static/js/bootstrap.js HTTP/1.1" 404 1905
[2025-05-03 21:31:50,940] WARNING [3952] basehttp "GET /static/css/style.css HTTP/1.1" 404 1899
[2025-05-03 21:31:50,949] WARNING [3952] basehttp "GET /static/css/bootstrap.css HTTP/1.1" 404 1911
[2025-05-03 21:31:50,983] WARNING [3952] basehttp "GET /static/css/responsive.css HTTP/1.1" 404 1914
[2025-05-03 21:31:50,987] WARNING [3952] basehttp "GET /static/js/custom.js HTTP/1.1" 404 1896
[2025-05-03 21:31:50,992] WARNING [3952] basehttp "GET /static/js/main.js HTTP/1.1" 404 1890
[2025-05-03 21:31:50,998] WARNING [3952] basehttp "GET /accounts/register/url%7B'/static/images/signup-illustration.png'%7D HTTP/1.1" 404 5965
[2025-05-03 21:32:27,779] WARNING [14276] basehttp "GET /static/css/owl.carousel.min.css HTTP/1.1" 404 1932
[2025-05-03 21:32:27,779] WARNING [14276] basehttp "GET /static/css/all.min.css HTTP/1.1" 404 1905
[2025-05-03 21:32:27,788] WARNING [14276] basehttp "GET /static/js/jquery-3.4.1.min.js HTTP/1.1" 404 1926
[2025-05-03 21:32:27,789] WARNING [14276] basehttp "GET /static/css/bootstrap.css HTTP/1.1" 404 1911
[2025-05-03 21:32:27,796] WARNING [14276] basehttp "GET /static/js/owl.carousel.min.js HTTP/1.1" 404 1926
[2025-05-03 21:32:27,822] WARNING [14276] basehttp "GET /static/js/bootstrap.js HTTP/1.1" 404 1905
[2025-05-03 21:32:27,856] WARNING [14276] basehttp "GET /static/css/style.css HTTP/1.1" 404 1899
[2025-05-03 21:32:27,862] WARNING [14276] basehttp "GET /static/js/main.js HTTP/1.1" 404 1890
[2025-05-03 21:32:27,862] WARNING [14276] basehttp "GET /static/css/responsive.css HTTP/1.1" 404 1914
[2025-05-03 21:32:27,868] WARNING [14276] basehttp "GET /static/js/custom.js HTTP/1.1" 404 1896
[2025-05-03 21:32:27,869] WARNING [14276] basehttp "GET /static/images/signup-illustration.png HTTP/1.1" 404 1950
[2025-05-03 21:32:28,755] WARNING [14276] basehttp "GET /static/css/all.min.css HTTP/1.1" 404 1905
[2025-05-03 21:32:28,757] WARNING [14276] basehttp "GET /static/css/owl.carousel.min.css HTTP/1.1" 404 1932
[2025-05-03 21:32:28,791] WARNING [14276] basehttp "GET /static/css/bootstrap.css HTTP/1.1" 404 1911
[2025-05-03 21:32:28,796] WARNING [14276] basehttp "GET /static/css/style.css HTTP/1.1" 404 1899
[2025-05-03 21:32:28,805] WARNING [14276] basehttp "GET /static/css/responsive.css HTTP/1.1" 404 1914
[2025-05-03 21:32:28,806] WARNING [14276] basehttp "GET /static/js/jquery-3.4.1.min.js HTTP/1.1" 404 1926
[2025-05-03 21:32:28,819] WARNING [14276] basehttp "GET /static/js/bootstrap.js HTTP/1.1" 404 1905
[2025-05-03 21:32:28,825] WARNING [14276] basehttp "GET /static/js/owl.carousel.min.js HTTP/1.1" 404 1926
[2025-05-03 21:32:28,844] WARNING [14276] basehttp "GET /static/js/custom.js HTTP/1.1" 404 1896
[2025-05-03 21:32:28,844] WARNING [14276] basehttp "GET /static/js/main.js HTTP/1.1" 404 1890
[2025-05-03 21:32:28,848] WARNING [14276] basehttp "GET /static/images/signup-illustration.png HTTP/1.1" 404 1950
[2025-05-03 21:32:33,892] WARNING [14276] basehttp "GET /static/css/all.min.css HTTP/1.1" 404 1905
[2025-05-03 21:32:33,897] WARNING [14276] basehttp "GET /static/css/owl.carousel.min.css HTTP/1.1" 404 1932
[2025-05-03 21:32:33,906] WARNING [14276] basehttp "GET /static/js/bootstrap.js HTTP/1.1" 404 1905
[2025-05-03 21:32:33,919] WARNING [14276] basehttp "GET /static/js/jquery-3.4.1.min.js HTTP/1.1" 404 1926
[2025-05-03 21:32:33,923] WARNING [14276] basehttp "GET /static/js/owl.carousel.min.js HTTP/1.1" 404 1926
[2025-05-03 21:32:33,938] WARNING [14276] basehttp "GET /static/css/bootstrap.css HTTP/1.1" 404 1911
[2025-05-03 21:32:33,975] WARNING [14276] basehttp "GET /static/css/style.css HTTP/1.1" 404 1899
[2025-05-03 21:32:33,976] WARNING [14276] basehttp "GET /static/js/main.js HTTP/1.1" 404 1890
[2025-05-03 21:32:33,981] WARNING [14276] basehttp "GET /static/css/responsive.css HTTP/1.1" 404 1914
[2025-05-03 21:32:33,986] WARNING [14276] basehttp "GET /static/js/custom.js HTTP/1.1" 404 1896
[2025-05-03 21:32:33,993] WARNING [14276] basehttp "GET /static/images/signup-illustration.png HTTP/1.1" 404 1950
[2025-05-03 21:32:34,786] WARNING [14276] basehttp "GET /static/css/all.min.css HTTP/1.1" 404 1905
[2025-05-03 21:32:34,786] WARNING [14276] basehttp "GET /static/css/owl.carousel.min.css HTTP/1.1" 404 1932
[2025-05-03 21:32:34,788] WARNING [14276] basehttp "GET /static/js/jquery-3.4.1.min.js HTTP/1.1" 404 1926
[2025-05-03 21:32:34,817] WARNING [14276] basehttp "GET /static/css/bootstrap.css HTTP/1.1" 404 1911
[2025-05-03 21:32:34,833] WARNING [14276] basehttp "GET /static/css/style.css HTTP/1.1" 404 1899
[2025-05-03 21:32:34,850] WARNING [14276] basehttp "GET /static/css/responsive.css HTTP/1.1" 404 1914
[2025-05-03 21:32:34,851] WARNING [14276] basehttp "GET /static/js/owl.carousel.min.js HTTP/1.1" 404 1926
[2025-05-03 21:32:34,855] WARNING [14276] basehttp "GET /static/js/bootstrap.js HTTP/1.1" 404 1905
[2025-05-03 21:32:34,872] WARNING [14276] basehttp "GET /static/js/custom.js HTTP/1.1" 404 1896
[2025-05-03 21:32:34,878] WARNING [14276] basehttp "GET /static/js/main.js HTTP/1.1" 404 1890
[2025-05-03 21:32:34,883] WARNING [14276] basehttp "GET /static/images/signup-illustration.png HTTP/1.1" 404 1950
[2025-05-03 21:33:38,380] WARNING [14276] basehttp "GET /static/css/all.min.css HTTP/1.1" 404 1905
[2025-05-03 21:33:38,388] WARNING [14276] basehttp "GET /static/css/owl.carousel.min.css HTTP/1.1" 404 1932
[2025-05-03 21:33:38,414] WARNING [14276] basehttp "GET /static/js/owl.carousel.min.js HTTP/1.1" 404 1926
[2025-05-03 21:33:38,416] WARNING [14276] basehttp "GET /static/js/jquery-3.4.1.min.js HTTP/1.1" 404 1926
[2025-05-03 21:33:38,433] WARNING [14276] basehttp "GET /static/css/bootstrap.css HTTP/1.1" 404 1911
[2025-05-03 21:33:38,437] WARNING [14276] basehttp "GET /static/js/bootstrap.js HTTP/1.1" 404 1905
[2025-05-03 21:33:38,451] WARNING [14276] basehttp "GET /static/css/style.css HTTP/1.1" 404 1899
[2025-05-03 21:33:38,459] WARNING [14276] basehttp "GET /static/css/responsive.css HTTP/1.1" 404 1914
[2025-05-03 21:33:38,473] WARNING [14276] basehttp "GET /static/js/custom.js HTTP/1.1" 404 1896
[2025-05-03 21:33:38,481] WARNING [14276] basehttp "GET /static/images/professional-signup.svg HTTP/1.1" 404 1950
[2025-05-03 21:33:38,481] WARNING [14276] basehttp "GET /static/js/main.js HTTP/1.1" 404 1890
[2025-05-03 21:33:38,486] WARNING [14276] basehttp "GET /static/images/logo-dark.svg HTTP/1.1" 404 1920
[2025-05-03 21:33:38,558] WARNING [14276] basehttp "GET /static/images/default-avatar.jpg HTTP/1.1" 404 1935
[2025-05-03 21:34:15,188] WARNING [14276] basehttp "GET /static/css/owl.carousel.min.css HTTP/1.1" 404 1932
[2025-05-03 21:34:15,203] WARNING [14276] basehttp "GET /static/css/all.min.css HTTP/1.1" 404 1905
[2025-05-03 21:34:15,212] WARNING [14276] basehttp "GET /static/js/jquery-3.4.1.min.js HTTP/1.1" 404 1926
[2025-05-03 21:34:15,244] WARNING [14276] basehttp "GET /static/js/owl.carousel.min.js HTTP/1.1" 404 1926
[2025-05-03 21:34:15,270] WARNING [14276] basehttp "GET /static/css/bootstrap.css HTTP/1.1" 404 1911
[2025-05-03 21:34:15,289] WARNING [14276] basehttp "GET /static/css/style.css HTTP/1.1" 404 1899
[2025-05-03 21:34:15,292] WARNING [14276] basehttp "GET /static/css/responsive.css HTTP/1.1" 404 1914
[2025-05-03 21:34:15,292] WARNING [14276] basehttp "GET /static/js/bootstrap.js HTTP/1.1" 404 1905
[2025-05-03 21:34:15,306] WARNING [14276] basehttp "GET /static/js/custom.js HTTP/1.1" 404 1896
[2025-05-03 21:34:15,313] WARNING [14276] basehttp "GET /static/js/main.js HTTP/1.1" 404 1890
[2025-05-03 21:34:15,318] WARNING [14276] basehttp "GET /static/images/signup-illustration.png HTTP/1.1" 404 1950
[2025-05-03 21:34:23,583] WARNING [14276] basehttp "GET /static/css/all.min.css HTTP/1.1" 404 1905
[2025-05-03 21:34:23,585] WARNING [14276] basehttp "GET /static/css/bootstrap.css HTTP/1.1" 404 1911
[2025-05-03 21:34:23,589] WARNING [14276] basehttp "GET /static/js/jquery-3.4.1.min.js HTTP/1.1" 404 1926
[2025-05-03 21:34:23,609] WARNING [14276] basehttp "GET /static/css/responsive.css HTTP/1.1" 404 1914
[2025-05-03 21:34:23,625] WARNING [14276] basehttp "GET /static/css/owl.carousel.min.css HTTP/1.1" 404 1932
[2025-05-03 21:34:23,626] WARNING [14276] basehttp "GET /static/css/style.css HTTP/1.1" 404 1899
[2025-05-03 21:34:23,640] WARNING [14276] basehttp "GET /static/js/owl.carousel.min.js HTTP/1.1" 404 1926
[2025-05-03 21:34:23,644] WARNING [14276] basehttp "GET /static/js/bootstrap.js HTTP/1.1" 404 1905
[2025-05-03 21:34:23,645] WARNING [14276] basehttp "GET /static/js/custom.js HTTP/1.1" 404 1896
[2025-05-03 21:34:23,652] WARNING [14276] basehttp "GET /static/js/main.js HTTP/1.1" 404 1890
[2025-05-03 21:35:42,490] WARNING [14276] basehttp "GET /static/css/bootstrap.css HTTP/1.1" 404 1911
[2025-05-03 21:35:42,490] WARNING [14276] basehttp "GET /static/css/owl.carousel.min.css HTTP/1.1" 404 1932
[2025-05-03 21:35:42,496] WARNING [14276] basehttp "GET /static/css/all.min.css HTTP/1.1" 404 1905
[2025-05-03 21:35:42,510] WARNING [14276] basehttp "GET /static/js/owl.carousel.min.js HTTP/1.1" 404 1926
[2025-05-03 21:35:42,510] WARNING [14276] basehttp "GET /static/css/style.css HTTP/1.1" 404 1899
[2025-05-03 21:35:42,528] WARNING [14276] basehttp "GET /static/css/responsive.css HTTP/1.1" 404 1914
[2025-05-03 21:35:42,559] WARNING [14276] basehttp "GET /static/js/bootstrap.js HTTP/1.1" 404 1905
[2025-05-03 21:35:42,560] WARNING [14276] basehttp "GET /static/js/jquery-3.4.1.min.js HTTP/1.1" 404 1926
[2025-05-03 21:35:42,560] WARNING [14276] basehttp "GET /static/js/custom.js HTTP/1.1" 404 1896
[2025-05-03 21:35:42,569] WARNING [14276] basehttp "GET /static/js/main.js HTTP/1.1" 404 1890
[2025-05-03 21:35:43,732] WARNING [14276] basehttp "GET /static/js/jquery-3.4.1.min.js HTTP/1.1" 404 1926
[2025-05-03 21:35:43,732] WARNING [14276] basehttp "GET /static/css/all.min.css HTTP/1.1" 404 1905
[2025-05-03 21:35:43,736] WARNING [14276] basehttp "GET /static/css/owl.carousel.min.css HTTP/1.1" 404 1932
[2025-05-03 21:35:43,740] WARNING [14276] basehttp "GET /static/js/owl.carousel.min.js HTTP/1.1" 404 1926
[2025-05-03 21:35:43,760] WARNING [14276] basehttp "GET /static/js/bootstrap.js HTTP/1.1" 404 1905
[2025-05-03 21:35:43,787] WARNING [14276] basehttp "GET /static/js/custom.js HTTP/1.1" 404 1896
[2025-05-03 21:35:43,800] WARNING [14276] basehttp "GET /static/css/bootstrap.css HTTP/1.1" 404 1911
[2025-05-03 21:35:43,802] WARNING [14276] basehttp "GET /static/css/style.css HTTP/1.1" 404 1899
[2025-05-03 21:35:43,809] WARNING [14276] basehttp "GET /static/css/responsive.css HTTP/1.1" 404 1914
[2025-05-03 21:35:43,818] WARNING [14276] basehttp "GET /static/js/main.js HTTP/1.1" 404 1890
[2025-05-03 21:35:43,821] WARNING [14276] basehttp "GET /static/images/images.jpeg HTTP/1.1" 404 1914
[2025-05-03 21:35:49,324] WARNING [14276] basehttp "GET /static/images/images.jpeg HTTP/1.1" 404 1914
[2025-05-03 21:36:39,168] WARNING [14276] basehttp "GET /static/css/all.min.css HTTP/1.1" 404 1905
[2025-05-03 21:36:39,180] WARNING [14276] basehttp "GET /static/css/owl.carousel.min.css HTTP/1.1" 404 1932
[2025-05-03 21:36:39,193] WARNING [14276] basehttp "GET /static/js/owl.carousel.min.js HTTP/1.1" 404 1926
[2025-05-03 21:36:39,230] WARNING [14276] basehttp "GET /static/js/bootstrap.js HTTP/1.1" 404 1905
[2025-05-03 21:36:39,244] WARNING [14276] basehttp "GET /static/js/jquery-3.4.1.min.js HTTP/1.1" 404 1926
[2025-05-03 21:36:39,245] WARNING [14276] basehttp "GET /static/css/bootstrap.css HTTP/1.1" 404 1911
[2025-05-03 21:36:39,259] WARNING [14276] basehttp "GET /static/css/style.css HTTP/1.1" 404 1899
[2025-05-03 21:36:39,260] WARNING [14276] basehttp "GET /static/js/custom.js HTTP/1.1" 404 1896
[2025-05-03 21:36:39,268] WARNING [14276] basehttp "GET /static/css/responsive.css HTTP/1.1" 404 1914
[2025-05-03 21:36:39,275] WARNING [14276] basehttp "GET /static/js/main.js HTTP/1.1" 404 1890
[2025-05-03 21:36:39,280] WARNING [14276] basehttp "GET /static/images/signup-illustration.svg HTTP/1.1" 404 1950
[2025-05-03 21:36:49,084] WARNING [14276] basehttp "GET /static/images/signup-illustration.svg HTTP/1.1" 404 1950
[2025-05-03 21:37:35,137] WARNING [14276] basehttp "GET /static/images/signup-illustration.svg HTTP/1.1" 404 1950
[2025-05-03 21:49:40,892] WARNING [2692] basehttp "GET /static/js/recipe.js HTTP/1.1" 404 1896
[2025-05-03 21:54:33,093] WARNING [13576] basehttp "GET /accounts/register/static/images/default-avatar.jpg HTTP/1.1" 404 5892
[2025-05-03 21:54:34,069] WARNING [13576] basehttp "GET /accounts/register/static/images/default-avatar.jpg HTTP/1.1" 404 5892
[2025-05-03 21:54:37,152] WARNING [13576] basehttp "GET /accounts/register/static/images/default-avatar.jpg HTTP/1.1" 404 5892
[2025-05-03 22:03:27,845] WARNING [4720] basehttp "GET /static/js/register.js HTTP/1.1" 404 1902
[2025-05-03 22:03:29,442] WARNING [4720] basehttp "GET /static/js/register.js HTTP/1.1" 404 1902
[2025-05-03 22:04:18,711] WARNING [13124] basehttp "GET /static/js/register.js HTTP/1.1" 404 1902
[2025-05-03 22:05:33,774] WARNING [2928] basehttp "GET /static/js/register.js HTTP/1.1" 404 1902
[2025-05-03 22:09:53,906] WARNING [2928] basehttp "GET /static/js/recipe.js HTTP/1.1" 404 1896
[2025-05-03 22:09:53,982] WARNING [2928] basehttp "GET /static/js/recipe.js HTTP/1.1" 404 1896
[2025-05-03 22:09:55,249] WARNING [2928] basehttp "GET /static/js/recipe.js HTTP/1.1" 404 1896
[2025-05-03 22:09:55,292] WARNING [2928] basehttp "GET /static/js/recipe.js HTTP/1.1" 404 1896
[2025-05-03 22:09:56,148] WARNING [2928] basehttp "GET /static/js/recipe.js HTTP/1.1" 404 1896
[2025-05-03 22:09:56,196] WARNING [2928] basehttp "GET /static/js/recipe.js HTTP/1.1" 404 1896
[2025-05-03 22:11:00,965] WARNING [10104] basehttp "GET /static/js/recipe.js HTTP/1.1" 404 1896
[2025-05-03 22:11:02,537] WARNING [10104] basehttp "GET /static/js/register.js HTTP/1.1" 404 1902
[2025-05-03 22:13:33,240] WARNING [10104] basehttp "GET /static/js/register.js HTTP/1.1" 404 1902
[2025-05-03 22:13:33,334] WARNING [10104] basehttp "GET /static/js/register.js HTTP/1.1" 404 1902
[2025-05-03 22:13:34,249] WARNING [10104] basehttp "GET /static/js/register.js HTTP/1.1" 404 1902
[2025-05-03 22:13:34,292] WARNING [10104] basehttp "GET /static/js/register.js HTTP/1.1" 404 1902
[2025-05-03 22:13:34,793] WARNING [10104] basehttp "GET /static/js/register.js HTTP/1.1" 404 1902
[2025-05-03 22:13:34,830] WARNING [10104] basehttp "GET /static/js/register.js HTTP/1.1" 404 1902
[2025-05-03 22:13:45,047] WARNING [14276] basehttp "GET /static/js/register.js HTTP/1.1" 404 1902
[2025-05-03 22:13:45,079] WARNING [14276] basehttp "GET /static/js/register.js HTTP/1.1" 404 1902
[2025-05-03 22:13:46,436] WARNING [14276] basehttp "GET /static/js/register.js HTTP/1.1" 404 1902
[2025-05-03 22:13:46,465] WARNING [14276] basehttp "GET /static/js/register.js HTTP/1.1" 404 1902
[2025-05-03 22:18:19,931] WARNING [12420] basehttp "GET /static/js/register.js HTTP/1.1" 404 1902
[2025-05-03 22:21:29,812] WARNING [12420] basehttp "GET /static/js/register.js HTTP/1.1" 404 1902
[2025-05-03 22:22:54,066] WARNING [12420] basehttp "GET /static/js/recipe.js HTTP/1.1" 404 1896
[2025-05-04 00:40:16,572] WARNING [12420] basehttp "GET /static/js/recipe.js HTTP/1.1" 404 1896
[2025-05-04 00:40:38,316] WARNING [12420] basehttp "GET /static/js/recipe.js HTTP/1.1" 404 1896
[2025-05-04 00:44:24,761] WARNING [12420] basehttp "GET /static/css/styles.css?v=1746299664 HTTP/1.1" 404 1915
[2025-05-04 00:51:59,879] WARNING [14924] basehttp "GET /static/js/recipe.js HTTP/1.1" 404 1896
[2025-05-04 00:52:01,110] WARNING [14924] basehttp "GET /static/images/default-background.jpg HTTP/1.1" 404 1947
[2025-05-04 00:52:13,485] WARNING [14292] basehttp "GET /static/js/recipe.js HTTP/1.1" 404 1896
[2025-05-04 00:52:15,171] WARNING [14292] basehttp "GET /static/images/default-background.jpg HTTP/1.1" 404 1947
[2025-05-04 00:52:27,573] ERROR [12592] log Internal Server Error: /accounts/register/
Traceback (most recent call last):
  File "D:\Django Practice\env_practice\Lib\site-packages\django\core\handlers\exception.py", line 55, in inner
    response = get_response(request)
               ^^^^^^^^^^^^^^^^^^^^^
  File "D:\Django Practice\env_practice\Lib\site-packages\django\core\handlers\base.py", line 197, in _get_response
    response = wrapped_callback(request, *callback_args, **callback_kwargs)
               ^^^^^^^^^^^^^^^^^^^^^^^^^^^^^^^^^^^^^^^^^^^^^^^^^^^^^^^^^^^^
  File "D:\Django Practice\env_practice\Lib\site-packages\django\views\decorators\csrf.py", line 56, in wrapper_view
    return view_func(*args, **kwargs)
           ^^^^^^^^^^^^^^^^^^^^^^^^^^
  File "D:\Django Practice\env_practice\Lib\site-packages\django\utils\decorators.py", line 134, in _wrapper_view
    response = view_func(request, *args, **kwargs)
               ^^^^^^^^^^^^^^^^^^^^^^^^^^^^^^^^^^^
  File "D:\Django Practice\core\accounts\views.py", line 105, in register_view
    return render(request, 'accounts/registrationregister.html', {'page': 'register'})
           ^^^^^^^^^^^^^^^^^^^^^^^^^^^^^^^^^^^^^^^^^^^^^^^^^^^^^^^^^^^^^^^^^^^^^^^^^^^
  File "D:\Django Practice\env_practice\Lib\site-packages\django\shortcuts.py", line 24, in render
    content = loader.render_to_string(template_name, context, request, using=using)
              ^^^^^^^^^^^^^^^^^^^^^^^^^^^^^^^^^^^^^^^^^^^^^^^^^^^^^^^^^^^^^^^^^^^^^
  File "D:\Django Practice\env_practice\Lib\site-packages\django\template\loader.py", line 61, in render_to_string
    template = get_template(template_name, using=using)
               ^^^^^^^^^^^^^^^^^^^^^^^^^^^^^^^^^^^^^^^^
  File "D:\Django Practice\env_practice\Lib\site-packages\django\template\loader.py", line 19, in get_template
    raise TemplateDoesNotExist(template_name, chain=chain)
django.template.exceptions.TemplateDoesNotExist: accounts/registrationregister.html
[2025-05-04 00:52:27,576] ERROR [12592] basehttp "GET /accounts/register/ HTTP/1.1" 500 96119
[2025-05-04 00:52:32,594] ERROR [12592] log Internal Server Error: /accounts/register/
Traceback (most recent call last):
  File "D:\Django Practice\env_practice\Lib\site-packages\django\core\handlers\exception.py", line 55, in inner
    response = get_response(request)
               ^^^^^^^^^^^^^^^^^^^^^
  File "D:\Django Practice\env_practice\Lib\site-packages\django\core\handlers\base.py", line 197, in _get_response
    response = wrapped_callback(request, *callback_args, **callback_kwargs)
               ^^^^^^^^^^^^^^^^^^^^^^^^^^^^^^^^^^^^^^^^^^^^^^^^^^^^^^^^^^^^
  File "D:\Django Practice\env_practice\Lib\site-packages\django\views\decorators\csrf.py", line 56, in wrapper_view
    return view_func(*args, **kwargs)
           ^^^^^^^^^^^^^^^^^^^^^^^^^^
  File "D:\Django Practice\env_practice\Lib\site-packages\django\utils\decorators.py", line 134, in _wrapper_view
    response = view_func(request, *args, **kwargs)
               ^^^^^^^^^^^^^^^^^^^^^^^^^^^^^^^^^^^
  File "D:\Django Practice\core\accounts\views.py", line 105, in register_view
    return render(request, 'accounts/registrationregister.html', {'page': 'register'})
           ^^^^^^^^^^^^^^^^^^^^^^^^^^^^^^^^^^^^^^^^^^^^^^^^^^^^^^^^^^^^^^^^^^^^^^^^^^^
  File "D:\Django Practice\env_practice\Lib\site-packages\django\shortcuts.py", line 24, in render
    content = loader.render_to_string(template_name, context, request, using=using)
              ^^^^^^^^^^^^^^^^^^^^^^^^^^^^^^^^^^^^^^^^^^^^^^^^^^^^^^^^^^^^^^^^^^^^^
  File "D:\Django Practice\env_practice\Lib\site-packages\django\template\loader.py", line 61, in render_to_string
    template = get_template(template_name, using=using)
               ^^^^^^^^^^^^^^^^^^^^^^^^^^^^^^^^^^^^^^^^
  File "D:\Django Practice\env_practice\Lib\site-packages\django\template\loader.py", line 19, in get_template
    raise TemplateDoesNotExist(template_name, chain=chain)
django.template.exceptions.TemplateDoesNotExist: accounts/registrationregister.html
[2025-05-04 00:52:32,596] ERROR [12592] basehttp "GET /accounts/register/ HTTP/1.1" 500 95982
[2025-05-04 00:52:41,339] WARNING [10092] basehttp "GET /static/images/default-background.jpg HTTP/1.1" 404 1947
[2025-05-04 00:54:55,206] WARNING [10092] basehttp "GET /static/images/default-background.jpg HTTP/1.1" 404 1947
[2025-05-04 00:55:08,120] WARNING [10092] basehttp "GET /static/js/recipe.js HTTP/1.1" 404 1896
[2025-05-04 00:55:11,068] ERROR [10092] log Internal Server Error: /accounts/profile/
Traceback (most recent call last):
  File "D:\Django Practice\env_practice\Lib\site-packages\django\core\handlers\exception.py", line 55, in inner
    response = get_response(request)
               ^^^^^^^^^^^^^^^^^^^^^
  File "D:\Django Practice\env_practice\Lib\site-packages\django\core\handlers\base.py", line 197, in _get_response
    response = wrapped_callback(request, *callback_args, **callback_kwargs)
               ^^^^^^^^^^^^^^^^^^^^^^^^^^^^^^^^^^^^^^^^^^^^^^^^^^^^^^^^^^^^
  File "D:\Django Practice\env_practice\Lib\site-packages\django\contrib\auth\decorators.py", line 23, in _wrapper_view
    return view_func(request, *args, **kwargs)
           ^^^^^^^^^^^^^^^^^^^^^^^^^^^^^^^^^^^
  File "D:\Django Practice\core\accounts\views.py", line 192, in profile_view
    return render(request, 'accounts/profile.html', {'user': request.user, 'page': 'profile'})
           ^^^^^^^^^^^^^^^^^^^^^^^^^^^^^^^^^^^^^^^^^^^^^^^^^^^^^^^^^^^^^^^^^^^^^^^^^^^^^^^^^^^
  File "D:\Django Practice\env_practice\Lib\site-packages\django\shortcuts.py", line 24, in render
    content = loader.render_to_string(template_name, context, request, using=using)
              ^^^^^^^^^^^^^^^^^^^^^^^^^^^^^^^^^^^^^^^^^^^^^^^^^^^^^^^^^^^^^^^^^^^^^
  File "D:\Django Practice\env_practice\Lib\site-packages\django\template\loader.py", line 62, in render_to_string
    return template.render(context, request)
           ^^^^^^^^^^^^^^^^^^^^^^^^^^^^^^^^^
  File "D:\Django Practice\env_practice\Lib\site-packages\django\template\backends\django.py", line 61, in render
    return self.template.render(context)
           ^^^^^^^^^^^^^^^^^^^^^^^^^^^^^
  File "D:\Django Practice\env_practice\Lib\site-packages\django\template\base.py", line 175, in render
    return self._render(context)
           ^^^^^^^^^^^^^^^^^^^^^
  File "D:\Django Practice\env_practice\Lib\site-packages\django\template\base.py", line 167, in _render
    return self.nodelist.render(context)
           ^^^^^^^^^^^^^^^^^^^^^^^^^^^^^
  File "D:\Django Practice\env_practice\Lib\site-packages\django\template\base.py", line 1005, in render
    return SafeString("".join([node.render_annotated(context) for node in self]))
                               ^^^^^^^^^^^^^^^^^^^^^^^^^^^^^^
  File "D:\Django Practice\env_practice\Lib\site-packages\django\template\base.py", line 966, in render_annotated
    return self.render(context)
           ^^^^^^^^^^^^^^^^^^^^
  File "D:\Django Practice\env_practice\Lib\site-packages\django\template\loader_tags.py", line 157, in render
    return compiled_parent._render(context)
           ^^^^^^^^^^^^^^^^^^^^^^^^^^^^^^^^
  File "D:\Django Practice\env_practice\Lib\site-packages\django\template\base.py", line 167, in _render
    return self.nodelist.render(context)
           ^^^^^^^^^^^^^^^^^^^^^^^^^^^^^
  File "D:\Django Practice\env_practice\Lib\site-packages\django\template\base.py", line 1005, in render
    return SafeString("".join([node.render_annotated(context) for node in self]))
                               ^^^^^^^^^^^^^^^^^^^^^^^^^^^^^^
  File "D:\Django Practice\env_practice\Lib\site-packages\django\template\base.py", line 966, in render_annotated
    return self.render(context)
           ^^^^^^^^^^^^^^^^^^^^
  File "D:\Django Practice\env_practice\Lib\site-packages\django\template\loader_tags.py", line 63, in render
    result = block.nodelist.render(context)
             ^^^^^^^^^^^^^^^^^^^^^^^^^^^^^^
  File "D:\Django Practice\env_practice\Lib\site-packages\django\template\base.py", line 1005, in render
    return SafeString("".join([node.render_annotated(context) for node in self]))
                               ^^^^^^^^^^^^^^^^^^^^^^^^^^^^^^
  File "D:\Django Practice\env_practice\Lib\site-packages\django\template\base.py", line 966, in render_annotated
    return self.render(context)
           ^^^^^^^^^^^^^^^^^^^^
  File "D:\Django Practice\env_practice\Lib\site-packages\django\template\defaulttags.py", line 471, in render
    url = reverse(view_name, args=args, kwargs=kwargs, current_app=current_app)
          ^^^^^^^^^^^^^^^^^^^^^^^^^^^^^^^^^^^^^^^^^^^^^^^^^^^^^^^^^^^^^^^^^^^^^
  File "D:\Django Practice\env_practice\Lib\site-packages\django\urls\base.py", line 88, in reverse
    return resolver._reverse_with_prefix(view, prefix, *args, **kwargs)
           ^^^^^^^^^^^^^^^^^^^^^^^^^^^^^^^^^^^^^^^^^^^^^^^^^^^^^^^^^^^^
  File "D:\Django Practice\env_practice\Lib\site-packages\django\urls\resolvers.py", line 828, in _reverse_with_prefix
    raise NoReverseMatch(msg)
django.urls.exceptions.NoReverseMatch: Reverse for 'account_management' not found. 'account_management' is not a valid view function or pattern name.
[2025-05-04 00:55:11,075] ERROR [10092] basehttp "GET /accounts/profile/ HTTP/1.1" 500 164782
[2025-05-04 00:59:44,159] ERROR [11072] log Internal Server Error: /accounts/account/
Traceback (most recent call last):
  File "D:\Django Practice\env_practice\Lib\site-packages\django\core\handlers\exception.py", line 55, in inner
    response = get_response(request)
               ^^^^^^^^^^^^^^^^^^^^^
  File "D:\Django Practice\env_practice\Lib\site-packages\django\core\handlers\base.py", line 197, in _get_response
    response = wrapped_callback(request, *callback_args, **callback_kwargs)
               ^^^^^^^^^^^^^^^^^^^^^^^^^^^^^^^^^^^^^^^^^^^^^^^^^^^^^^^^^^^^
  File "D:\Django Practice\env_practice\Lib\site-packages\django\contrib\auth\decorators.py", line 23, in _wrapper_view
    return view_func(request, *args, **kwargs)
           ^^^^^^^^^^^^^^^^^^^^^^^^^^^^^^^^^^^
  File "D:\Django Practice\core\accounts\views.py", line 191, in account_management
    return render(request, 'accounts/account_management.html')
           ^^^^^^^^^^^^^^^^^^^^^^^^^^^^^^^^^^^^^^^^^^^^^^^^^^^
  File "D:\Django Practice\env_practice\Lib\site-packages\django\shortcuts.py", line 24, in render
    content = loader.render_to_string(template_name, context, request, using=using)
              ^^^^^^^^^^^^^^^^^^^^^^^^^^^^^^^^^^^^^^^^^^^^^^^^^^^^^^^^^^^^^^^^^^^^^
  File "D:\Django Practice\env_practice\Lib\site-packages\django\template\loader.py", line 62, in render_to_string
    return template.render(context, request)
           ^^^^^^^^^^^^^^^^^^^^^^^^^^^^^^^^^
  File "D:\Django Practice\env_practice\Lib\site-packages\django\template\backends\django.py", line 61, in render
    return self.template.render(context)
           ^^^^^^^^^^^^^^^^^^^^^^^^^^^^^
  File "D:\Django Practice\env_practice\Lib\site-packages\django\template\base.py", line 175, in render
    return self._render(context)
           ^^^^^^^^^^^^^^^^^^^^^
  File "D:\Django Practice\env_practice\Lib\site-packages\django\template\base.py", line 167, in _render
    return self.nodelist.render(context)
           ^^^^^^^^^^^^^^^^^^^^^^^^^^^^^
  File "D:\Django Practice\env_practice\Lib\site-packages\django\template\base.py", line 1005, in render
    return SafeString("".join([node.render_annotated(context) for node in self]))
                               ^^^^^^^^^^^^^^^^^^^^^^^^^^^^^^
  File "D:\Django Practice\env_practice\Lib\site-packages\django\template\base.py", line 966, in render_annotated
    return self.render(context)
           ^^^^^^^^^^^^^^^^^^^^
  File "D:\Django Practice\env_practice\Lib\site-packages\django\template\loader_tags.py", line 157, in render
    return compiled_parent._render(context)
           ^^^^^^^^^^^^^^^^^^^^^^^^^^^^^^^^
  File "D:\Django Practice\env_practice\Lib\site-packages\django\template\base.py", line 167, in _render
    return self.nodelist.render(context)
           ^^^^^^^^^^^^^^^^^^^^^^^^^^^^^
  File "D:\Django Practice\env_practice\Lib\site-packages\django\template\base.py", line 1005, in render
    return SafeString("".join([node.render_annotated(context) for node in self]))
                               ^^^^^^^^^^^^^^^^^^^^^^^^^^^^^^
  File "D:\Django Practice\env_practice\Lib\site-packages\django\template\base.py", line 966, in render_annotated
    return self.render(context)
           ^^^^^^^^^^^^^^^^^^^^
  File "D:\Django Practice\env_practice\Lib\site-packages\django\template\loader_tags.py", line 63, in render
    result = block.nodelist.render(context)
             ^^^^^^^^^^^^^^^^^^^^^^^^^^^^^^
  File "D:\Django Practice\env_practice\Lib\site-packages\django\template\base.py", line 1005, in render
    return SafeString("".join([node.render_annotated(context) for node in self]))
                               ^^^^^^^^^^^^^^^^^^^^^^^^^^^^^^
  File "D:\Django Practice\env_practice\Lib\site-packages\django\template\base.py", line 966, in render_annotated
    return self.render(context)
           ^^^^^^^^^^^^^^^^^^^^
  File "D:\Django Practice\env_practice\Lib\site-packages\django\template\defaulttags.py", line 471, in render
    url = reverse(view_name, args=args, kwargs=kwargs, current_app=current_app)
          ^^^^^^^^^^^^^^^^^^^^^^^^^^^^^^^^^^^^^^^^^^^^^^^^^^^^^^^^^^^^^^^^^^^^^
  File "D:\Django Practice\env_practice\Lib\site-packages\django\urls\base.py", line 88, in reverse
    return resolver._reverse_with_prefix(view, prefix, *args, **kwargs)
           ^^^^^^^^^^^^^^^^^^^^^^^^^^^^^^^^^^^^^^^^^^^^^^^^^^^^^^^^^^^^
  File "D:\Django Practice\env_practice\Lib\site-packages\django\urls\resolvers.py", line 828, in _reverse_with_prefix
    raise NoReverseMatch(msg)
django.urls.exceptions.NoReverseMatch: Reverse for 'password_change' not found. 'password_change' is not a valid view function or pattern name.
[2025-05-04 00:59:44,166] ERROR [11072] basehttp "GET /accounts/account/ HTTP/1.1" 500 163025
[2025-05-04 01:17:10,115] WARNING [15288] basehttp "GET /static/css/styles.css?v=1746301630 HTTP/1.1" 404 1915
[2025-05-04 01:17:18,915] WARNING [15288] basehttp "GET /static/css/styles.css?v=1746301638 HTTP/1.1" 404 1915
[2025-05-04 01:18:10,252] WARNING [15288] basehttp "GET /static/css/styles.css?v=1746301690 HTTP/1.1" 404 1915
[2025-05-04 01:18:13,300] ERROR [15288] log Internal Server Error: /accounts/password/change/
Traceback (most recent call last):
  File "D:\Django Practice\env_practice\Lib\site-packages\django\core\handlers\exception.py", line 55, in inner
    response = get_response(request)
               ^^^^^^^^^^^^^^^^^^^^^
  File "D:\Django Practice\env_practice\Lib\site-packages\django\core\handlers\base.py", line 220, in _get_response
    response = response.render()
               ^^^^^^^^^^^^^^^^^
  File "D:\Django Practice\env_practice\Lib\site-packages\django\template\response.py", line 114, in render
    self.content = self.rendered_content
                   ^^^^^^^^^^^^^^^^^^^^^
  File "D:\Django Practice\env_practice\Lib\site-packages\django\template\response.py", line 90, in rendered_content
    template = self.resolve_template(self.template_name)
               ^^^^^^^^^^^^^^^^^^^^^^^^^^^^^^^^^^^^^^^^^
  File "D:\Django Practice\env_practice\Lib\site-packages\django\template\response.py", line 72, in resolve_template
    return select_template(template, using=self.using)
           ^^^^^^^^^^^^^^^^^^^^^^^^^^^^^^^^^^^^^^^^^^^
  File "D:\Django Practice\env_practice\Lib\site-packages\django\template\loader.py", line 47, in select_template
    raise TemplateDoesNotExist(", ".join(template_name_list), chain=chain)
django.template.exceptions.TemplateDoesNotExist: accounts/password_change.html
[2025-05-04 01:18:13,302] ERROR [15288] basehttp "GET /accounts/password/change/ HTTP/1.1" 500 86786
[2025-05-04 01:19:14,135] ERROR [15288] log Internal Server Error: /accounts/password/change/
Traceback (most recent call last):
  File "D:\Django Practice\env_practice\Lib\site-packages\django\core\handlers\exception.py", line 55, in inner
    response = get_response(request)
               ^^^^^^^^^^^^^^^^^^^^^
  File "D:\Django Practice\env_practice\Lib\site-packages\django\core\handlers\base.py", line 220, in _get_response
    response = response.render()
               ^^^^^^^^^^^^^^^^^
  File "D:\Django Practice\env_practice\Lib\site-packages\django\template\response.py", line 114, in render
    self.content = self.rendered_content
                   ^^^^^^^^^^^^^^^^^^^^^
  File "D:\Django Practice\env_practice\Lib\site-packages\django\template\response.py", line 90, in rendered_content
    template = self.resolve_template(self.template_name)
               ^^^^^^^^^^^^^^^^^^^^^^^^^^^^^^^^^^^^^^^^^
  File "D:\Django Practice\env_practice\Lib\site-packages\django\template\response.py", line 72, in resolve_template
    return select_template(template, using=self.using)
           ^^^^^^^^^^^^^^^^^^^^^^^^^^^^^^^^^^^^^^^^^^^
  File "D:\Django Practice\env_practice\Lib\site-packages\django\template\loader.py", line 47, in select_template
    raise TemplateDoesNotExist(", ".join(template_name_list), chain=chain)
django.template.exceptions.TemplateDoesNotExist: accounts/password_change.html
[2025-05-04 01:19:14,137] ERROR [15288] basehttp "GET /accounts/password/change/ HTTP/1.1" 500 86786
[2025-05-04 01:20:31,255] ERROR [15288] log Internal Server Error: /accounts/password/change/
Traceback (most recent call last):
  File "D:\Django Practice\env_practice\Lib\site-packages\django\core\handlers\exception.py", line 55, in inner
    response = get_response(request)
               ^^^^^^^^^^^^^^^^^^^^^
  File "D:\Django Practice\env_practice\Lib\site-packages\django\core\handlers\base.py", line 220, in _get_response
    response = response.render()
               ^^^^^^^^^^^^^^^^^
  File "D:\Django Practice\env_practice\Lib\site-packages\django\template\response.py", line 114, in render
    self.content = self.rendered_content
                   ^^^^^^^^^^^^^^^^^^^^^
  File "D:\Django Practice\env_practice\Lib\site-packages\django\template\response.py", line 90, in rendered_content
    template = self.resolve_template(self.template_name)
               ^^^^^^^^^^^^^^^^^^^^^^^^^^^^^^^^^^^^^^^^^
  File "D:\Django Practice\env_practice\Lib\site-packages\django\template\response.py", line 72, in resolve_template
    return select_template(template, using=self.using)
           ^^^^^^^^^^^^^^^^^^^^^^^^^^^^^^^^^^^^^^^^^^^
  File "D:\Django Practice\env_practice\Lib\site-packages\django\template\loader.py", line 47, in select_template
    raise TemplateDoesNotExist(", ".join(template_name_list), chain=chain)
django.template.exceptions.TemplateDoesNotExist: accounts/password_change.html
[2025-05-04 01:20:31,257] ERROR [15288] basehttp "GET /accounts/password/change/ HTTP/1.1" 500 86786
[2025-05-04 01:20:59,789] WARNING [3176] basehttp "GET /accounts/password/change/ HTTP/1.1" 404 7446
[2025-05-04 01:21:02,748] WARNING [3176] basehttp "GET /accounts/password/change/ HTTP/1.1" 404 7446
[2025-05-04 01:21:30,557] WARNING [13036] basehttp "GET /accounts/password/change/ HTTP/1.1" 404 7434
[2025-05-04 01:21:32,819] WARNING [13036] basehttp "GET /accounts/password/change/ HTTP/1.1" 404 7434
[2025-05-04 01:21:34,480] WARNING [13036] basehttp "GET /accounts/password/change/ HTTP/1.1" 404 7434
[2025-05-04 01:21:35,426] WARNING [13036] basehttp "GET /accounts/password/change/ HTTP/1.1" 404 7434
[2025-05-04 01:26:04,749] WARNING [5544] basehttp "GET /static/images/default-background.jpg HTTP/1.1" 404 1947
[2025-05-04 01:26:12,643] WARNING [5544] basehttp "GET /static/images/default-background.jpg HTTP/1.1" 404 1947
[2025-05-04 01:26:13,942] WARNING [5544] basehttp "GET /static/images/default-background.jpg HTTP/1.1" 404 1947
[2025-05-04 01:26:15,312] WARNING [5544] basehttp "GET /static/images/default-background.jpg HTTP/1.1" 404 1947
[2025-05-04 01:46:35,973] WARNING [10196] basehttp "GET /static/js/recipe.js HTTP/1.1" 404 1896
[2025-05-04 01:47:27,573] ERROR [10196] log Internal Server Error: /accounts/password/change/
Traceback (most recent call last):
  File "D:\Django Practice\env_practice\Lib\site-packages\django\core\handlers\exception.py", line 55, in inner
    response = get_response(request)
               ^^^^^^^^^^^^^^^^^^^^^
  File "D:\Django Practice\env_practice\Lib\site-packages\django\core\handlers\base.py", line 197, in _get_response
    response = wrapped_callback(request, *callback_args, **callback_kwargs)
               ^^^^^^^^^^^^^^^^^^^^^^^^^^^^^^^^^^^^^^^^^^^^^^^^^^^^^^^^^^^^
  File "D:\Django Practice\env_practice\Lib\site-packages\django\views\generic\base.py", line 104, in view
    return self.dispatch(request, *args, **kwargs)
           ^^^^^^^^^^^^^^^^^^^^^^^^^^^^^^^^^^^^^^^
  File "D:\Django Practice\env_practice\Lib\site-packages\django\utils\decorators.py", line 46, in _wrapper
    return bound_method(*args, **kwargs)
           ^^^^^^^^^^^^^^^^^^^^^^^^^^^^^
  File "D:\Django Practice\env_practice\Lib\site-packages\django\views\decorators\debug.py", line 92, in sensitive_post_parameters_wrapper
    return view(request, *args, **kwargs)
           ^^^^^^^^^^^^^^^^^^^^^^^^^^^^^^
  File "D:\Django Practice\env_practice\Lib\site-packages\django\utils\decorators.py", line 46, in _wrapper
    return bound_method(*args, **kwargs)
           ^^^^^^^^^^^^^^^^^^^^^^^^^^^^^
  File "D:\Django Practice\env_practice\Lib\site-packages\django\utils\decorators.py", line 134, in _wrapper_view
    response = view_func(request, *args, **kwargs)
               ^^^^^^^^^^^^^^^^^^^^^^^^^^^^^^^^^^^
  File "D:\Django Practice\env_practice\Lib\site-packages\django\utils\decorators.py", line 46, in _wrapper
    return bound_method(*args, **kwargs)
           ^^^^^^^^^^^^^^^^^^^^^^^^^^^^^
  File "D:\Django Practice\env_practice\Lib\site-packages\django\contrib\auth\decorators.py", line 23, in _wrapper_view
    return view_func(request, *args, **kwargs)
           ^^^^^^^^^^^^^^^^^^^^^^^^^^^^^^^^^^^
  File "D:\Django Practice\env_practice\Lib\site-packages\django\contrib\auth\views.py", line 373, in dispatch
    return super().dispatch(*args, **kwargs)
           ^^^^^^^^^^^^^^^^^^^^^^^^^^^^^^^^^
  File "D:\Django Practice\env_practice\Lib\site-packages\django\views\generic\base.py", line 143, in dispatch
    return handler(request, *args, **kwargs)
           ^^^^^^^^^^^^^^^^^^^^^^^^^^^^^^^^^
  File "D:\Django Practice\env_practice\Lib\site-packages\django\views\generic\edit.py", line 153, in post
    return self.form_valid(form)
           ^^^^^^^^^^^^^^^^^^^^^
  File "D:\Django Practice\env_practice\Lib\site-packages\django\contrib\auth\views.py", line 385, in form_valid
    return super().form_valid(form)
           ^^^^^^^^^^^^^^^^^^^^^^^^
  File "D:\Django Practice\env_practice\Lib\site-packages\django\views\generic\edit.py", line 65, in form_valid
    return HttpResponseRedirect(self.get_success_url())
                                ^^^^^^^^^^^^^^^^^^^^^^
  File "D:\Django Practice\env_practice\Lib\site-packages\django\views\generic\edit.py", line 59, in get_success_url
    if not self.success_url:
           ^^^^^^^^^^^^^^^^
  File "D:\Django Practice\env_practice\Lib\site-packages\django\utils\functional.py", line 149, in __wrapper__
    res = func(*self.__args, **self.__kw)
          ^^^^^^^^^^^^^^^^^^^^^^^^^^^^^^^
  File "D:\Django Practice\env_practice\Lib\site-packages\django\urls\base.py", line 88, in reverse
    return resolver._reverse_with_prefix(view, prefix, *args, **kwargs)
           ^^^^^^^^^^^^^^^^^^^^^^^^^^^^^^^^^^^^^^^^^^^^^^^^^^^^^^^^^^^^
  File "D:\Django Practice\env_practice\Lib\site-packages\django\urls\resolvers.py", line 828, in _reverse_with_prefix
    raise NoReverseMatch(msg)
django.urls.exceptions.NoReverseMatch: Reverse for 'password_change_done' not found. 'password_change_done' is not a valid view function or pattern name.
[2025-05-04 01:47:27,578] ERROR [10196] basehttp "POST /accounts/password/change/ HTTP/1.1" 500 145653
[2025-05-04 02:00:31,447] WARNING [5348] basehttp "GET /static/js/recipe.js HTTP/1.1" 404 1896
[2025-05-04 02:01:05,230] ERROR [5348] log Internal Server Error: /accounts/password/change/
Traceback (most recent call last):
  File "D:\Django Practice\env_practice\Lib\site-packages\django\core\handlers\exception.py", line 55, in inner
    response = get_response(request)
               ^^^^^^^^^^^^^^^^^^^^^
  File "D:\Django Practice\env_practice\Lib\site-packages\django\core\handlers\base.py", line 197, in _get_response
    response = wrapped_callback(request, *callback_args, **callback_kwargs)
               ^^^^^^^^^^^^^^^^^^^^^^^^^^^^^^^^^^^^^^^^^^^^^^^^^^^^^^^^^^^^
  File "D:\Django Practice\env_practice\Lib\site-packages\django\views\generic\base.py", line 104, in view
    return self.dispatch(request, *args, **kwargs)
           ^^^^^^^^^^^^^^^^^^^^^^^^^^^^^^^^^^^^^^^
  File "D:\Django Practice\env_practice\Lib\site-packages\django\utils\decorators.py", line 46, in _wrapper
    return bound_method(*args, **kwargs)
           ^^^^^^^^^^^^^^^^^^^^^^^^^^^^^
  File "D:\Django Practice\env_practice\Lib\site-packages\django\views\decorators\debug.py", line 92, in sensitive_post_parameters_wrapper
    return view(request, *args, **kwargs)
           ^^^^^^^^^^^^^^^^^^^^^^^^^^^^^^
  File "D:\Django Practice\env_practice\Lib\site-packages\django\utils\decorators.py", line 46, in _wrapper
    return bound_method(*args, **kwargs)
           ^^^^^^^^^^^^^^^^^^^^^^^^^^^^^
  File "D:\Django Practice\env_practice\Lib\site-packages\django\utils\decorators.py", line 134, in _wrapper_view
    response = view_func(request, *args, **kwargs)
               ^^^^^^^^^^^^^^^^^^^^^^^^^^^^^^^^^^^
  File "D:\Django Practice\env_practice\Lib\site-packages\django\utils\decorators.py", line 46, in _wrapper
    return bound_method(*args, **kwargs)
           ^^^^^^^^^^^^^^^^^^^^^^^^^^^^^
  File "D:\Django Practice\env_practice\Lib\site-packages\django\contrib\auth\decorators.py", line 23, in _wrapper_view
    return view_func(request, *args, **kwargs)
           ^^^^^^^^^^^^^^^^^^^^^^^^^^^^^^^^^^^
  File "D:\Django Practice\env_practice\Lib\site-packages\django\contrib\auth\views.py", line 373, in dispatch
    return super().dispatch(*args, **kwargs)
           ^^^^^^^^^^^^^^^^^^^^^^^^^^^^^^^^^
  File "D:\Django Practice\env_practice\Lib\site-packages\django\views\generic\base.py", line 143, in dispatch
    return handler(request, *args, **kwargs)
           ^^^^^^^^^^^^^^^^^^^^^^^^^^^^^^^^^
  File "D:\Django Practice\env_practice\Lib\site-packages\django\views\generic\edit.py", line 153, in post
    return self.form_valid(form)
           ^^^^^^^^^^^^^^^^^^^^^
  File "D:\Django Practice\env_practice\Lib\site-packages\django\contrib\auth\views.py", line 385, in form_valid
    return super().form_valid(form)
           ^^^^^^^^^^^^^^^^^^^^^^^^
  File "D:\Django Practice\env_practice\Lib\site-packages\django\views\generic\edit.py", line 65, in form_valid
    return HttpResponseRedirect(self.get_success_url())
                                ^^^^^^^^^^^^^^^^^^^^^^
  File "D:\Django Practice\env_practice\Lib\site-packages\django\views\generic\edit.py", line 59, in get_success_url
    if not self.success_url:
           ^^^^^^^^^^^^^^^^
  File "D:\Django Practice\env_practice\Lib\site-packages\django\utils\functional.py", line 149, in __wrapper__
    res = func(*self.__args, **self.__kw)
          ^^^^^^^^^^^^^^^^^^^^^^^^^^^^^^^
  File "D:\Django Practice\env_practice\Lib\site-packages\django\urls\base.py", line 88, in reverse
    return resolver._reverse_with_prefix(view, prefix, *args, **kwargs)
           ^^^^^^^^^^^^^^^^^^^^^^^^^^^^^^^^^^^^^^^^^^^^^^^^^^^^^^^^^^^^
  File "D:\Django Practice\env_practice\Lib\site-packages\django\urls\resolvers.py", line 828, in _reverse_with_prefix
    raise NoReverseMatch(msg)
django.urls.exceptions.NoReverseMatch: Reverse for 'password_change_done' not found. 'password_change_done' is not a valid view function or pattern name.
[2025-05-04 02:01:05,236] ERROR [5348] basehttp "POST /accounts/password/change/ HTTP/1.1" 500 146493
[2025-05-04 02:01:46,640] WARNING [9568] basehttp "POST /accounts/password/change/ HTTP/1.1" 404 7241
[2025-05-04 02:02:29,836] WARNING [9568] basehttp "POST /accounts/password/change/ HTTP/1.1" 404 7241
[2025-05-04 02:02:42,947] WARNING [14044] basehttp "POST /accounts/password/change/ HTTP/1.1" 404 7052
[2025-05-04 02:06:45,289] WARNING [14044] basehttp "POST /accounts/password/change/ HTTP/1.1" 404 7052
[2025-05-04 02:10:31,343] WARNING [13376] basehttp "POST /accounts/password/change/ HTTP/1.1" 404 7508
[2025-05-04 02:11:04,885] WARNING [13376] basehttp "POST /accounts/password/change/ HTTP/1.1" 404 7508
[2025-05-04 02:11:41,866] WARNING [3472] basehttp "POST /accounts/password/change/ HTTP/1.1" 404 7508
[2025-05-04 02:16:33,921] WARNING [3472] basehttp "GET /accounts/password/change/ HTTP/1.1" 404 7507
[2025-05-04 02:16:34,827] WARNING [3472] basehttp "GET /accounts/password/change/ HTTP/1.1" 404 7507
[2025-05-04 02:16:35,461] WARNING [3472] basehttp "GET /accounts/password/change/ HTTP/1.1" 404 7507
[2025-05-04 02:16:40,409] WARNING [3472] basehttp "GET /accounts/password/change/ HTTP/1.1" 404 7507
[2025-05-04 02:16:47,151] WARNING [3472] basehttp "GET /accounts/password/change/ HTTP/1.1" 404 7507
[2025-05-04 02:16:47,978] WARNING [3472] basehttp "GET /accounts/password/change/ HTTP/1.1" 404 7507
[2025-05-04 02:17:33,141] WARNING [3472] basehttp "GET /static/js/recipe.js HTTP/1.1" 404 1896
[2025-05-04 02:17:46,048] WARNING [3472] basehttp "GET /static/js/recipe.js HTTP/1.1" 404 1896
[2025-05-04 02:30:32,191] WARNING [8924] basehttp "GET /static/js/recipe.js HTTP/1.1" 404 1896
[2025-05-04 02:31:57,456] WARNING [8924] basehttp "GET /static/js/recipe.js HTTP/1.1" 404 1896
[2025-05-04 02:32:10,494] WARNING [8924] basehttp "GET /static/css/styles.css?v=1746306130 HTTP/1.1" 404 1915
[2025-05-04 02:35:03,755] WARNING [8924] basehttp "GET /static/js/recipe.js HTTP/1.1" 404 1896
[2025-05-04 02:40:23,070] WARNING [13624] basehttp "GET /accounts/accounts/password/change/ HTTP/1.1" 404 7078
[2025-05-04 02:40:23,897] WARNING [13624] basehttp "GET /accounts/accounts/password/change/ HTTP/1.1" 404 7078
[2025-05-04 02:40:26,529] ERROR [13624] log Internal Server Error: /accounts/account/
Traceback (most recent call last):
  File "D:\Django Practice\env_practice\Lib\site-packages\django\core\handlers\exception.py", line 55, in inner
    response = get_response(request)
               ^^^^^^^^^^^^^^^^^^^^^
  File "D:\Django Practice\env_practice\Lib\site-packages\django\core\handlers\base.py", line 197, in _get_response
    response = wrapped_callback(request, *callback_args, **callback_kwargs)
               ^^^^^^^^^^^^^^^^^^^^^^^^^^^^^^^^^^^^^^^^^^^^^^^^^^^^^^^^^^^^
  File "D:\Django Practice\env_practice\Lib\site-packages\django\contrib\auth\decorators.py", line 23, in _wrapper_view
    return view_func(request, *args, **kwargs)
           ^^^^^^^^^^^^^^^^^^^^^^^^^^^^^^^^^^^
  File "D:\Django Practice\core\accounts\views.py", line 183, in account_management
    return render(request, 'accounts/account_management.html')
           ^^^^^^^^^^^^^^^^^^^^^^^^^^^^^^^^^^^^^^^^^^^^^^^^^^^
  File "D:\Django Practice\env_practice\Lib\site-packages\django\shortcuts.py", line 24, in render
    content = loader.render_to_string(template_name, context, request, using=using)
              ^^^^^^^^^^^^^^^^^^^^^^^^^^^^^^^^^^^^^^^^^^^^^^^^^^^^^^^^^^^^^^^^^^^^^
  File "D:\Django Practice\env_practice\Lib\site-packages\django\template\loader.py", line 62, in render_to_string
    return template.render(context, request)
           ^^^^^^^^^^^^^^^^^^^^^^^^^^^^^^^^^
  File "D:\Django Practice\env_practice\Lib\site-packages\django\template\backends\django.py", line 61, in render
    return self.template.render(context)
           ^^^^^^^^^^^^^^^^^^^^^^^^^^^^^
  File "D:\Django Practice\env_practice\Lib\site-packages\django\template\base.py", line 175, in render
    return self._render(context)
           ^^^^^^^^^^^^^^^^^^^^^
  File "D:\Django Practice\env_practice\Lib\site-packages\django\template\base.py", line 167, in _render
    return self.nodelist.render(context)
           ^^^^^^^^^^^^^^^^^^^^^^^^^^^^^
  File "D:\Django Practice\env_practice\Lib\site-packages\django\template\base.py", line 1005, in render
    return SafeString("".join([node.render_annotated(context) for node in self]))
                               ^^^^^^^^^^^^^^^^^^^^^^^^^^^^^^
  File "D:\Django Practice\env_practice\Lib\site-packages\django\template\base.py", line 966, in render_annotated
    return self.render(context)
           ^^^^^^^^^^^^^^^^^^^^
  File "D:\Django Practice\env_practice\Lib\site-packages\django\template\loader_tags.py", line 157, in render
    return compiled_parent._render(context)
           ^^^^^^^^^^^^^^^^^^^^^^^^^^^^^^^^
  File "D:\Django Practice\env_practice\Lib\site-packages\django\template\base.py", line 167, in _render
    return self.nodelist.render(context)
           ^^^^^^^^^^^^^^^^^^^^^^^^^^^^^
  File "D:\Django Practice\env_practice\Lib\site-packages\django\template\base.py", line 1005, in render
    return SafeString("".join([node.render_annotated(context) for node in self]))
                               ^^^^^^^^^^^^^^^^^^^^^^^^^^^^^^
  File "D:\Django Practice\env_practice\Lib\site-packages\django\template\base.py", line 966, in render_annotated
    return self.render(context)
           ^^^^^^^^^^^^^^^^^^^^
  File "D:\Django Practice\env_practice\Lib\site-packages\django\template\loader_tags.py", line 63, in render
    result = block.nodelist.render(context)
             ^^^^^^^^^^^^^^^^^^^^^^^^^^^^^^
  File "D:\Django Practice\env_practice\Lib\site-packages\django\template\base.py", line 1005, in render
    return SafeString("".join([node.render_annotated(context) for node in self]))
                               ^^^^^^^^^^^^^^^^^^^^^^^^^^^^^^
  File "D:\Django Practice\env_practice\Lib\site-packages\django\template\base.py", line 966, in render_annotated
    return self.render(context)
           ^^^^^^^^^^^^^^^^^^^^
  File "D:\Django Practice\env_practice\Lib\site-packages\django\template\defaulttags.py", line 471, in render
    url = reverse(view_name, args=args, kwargs=kwargs, current_app=current_app)
          ^^^^^^^^^^^^^^^^^^^^^^^^^^^^^^^^^^^^^^^^^^^^^^^^^^^^^^^^^^^^^^^^^^^^^
  File "D:\Django Practice\env_practice\Lib\site-packages\django\urls\base.py", line 88, in reverse
    return resolver._reverse_with_prefix(view, prefix, *args, **kwargs)
           ^^^^^^^^^^^^^^^^^^^^^^^^^^^^^^^^^^^^^^^^^^^^^^^^^^^^^^^^^^^^
  File "D:\Django Practice\env_practice\Lib\site-packages\django\urls\resolvers.py", line 828, in _reverse_with_prefix
    raise NoReverseMatch(msg)
django.urls.exceptions.NoReverseMatch: Reverse for 'password_change' not found. 'password_change' is not a valid view function or pattern name.
[2025-05-04 02:40:26,539] ERROR [13624] basehttp "GET /accounts/account/ HTTP/1.1" 500 163168
[2025-05-04 02:42:14,451] ERROR [6808] log Internal Server Error: /accounts/account/
Traceback (most recent call last):
  File "D:\Django Practice\env_practice\Lib\site-packages\django\core\handlers\exception.py", line 55, in inner
    response = get_response(request)
               ^^^^^^^^^^^^^^^^^^^^^
  File "D:\Django Practice\env_practice\Lib\site-packages\django\core\handlers\base.py", line 197, in _get_response
    response = wrapped_callback(request, *callback_args, **callback_kwargs)
               ^^^^^^^^^^^^^^^^^^^^^^^^^^^^^^^^^^^^^^^^^^^^^^^^^^^^^^^^^^^^
  File "D:\Django Practice\env_practice\Lib\site-packages\django\contrib\auth\decorators.py", line 23, in _wrapper_view
    return view_func(request, *args, **kwargs)
           ^^^^^^^^^^^^^^^^^^^^^^^^^^^^^^^^^^^
  File "D:\Django Practice\core\accounts\views.py", line 183, in account_management
    return render(request, 'accounts/account_management.html')
           ^^^^^^^^^^^^^^^^^^^^^^^^^^^^^^^^^^^^^^^^^^^^^^^^^^^
  File "D:\Django Practice\env_practice\Lib\site-packages\django\shortcuts.py", line 24, in render
    content = loader.render_to_string(template_name, context, request, using=using)
              ^^^^^^^^^^^^^^^^^^^^^^^^^^^^^^^^^^^^^^^^^^^^^^^^^^^^^^^^^^^^^^^^^^^^^
  File "D:\Django Practice\env_practice\Lib\site-packages\django\template\loader.py", line 62, in render_to_string
    return template.render(context, request)
           ^^^^^^^^^^^^^^^^^^^^^^^^^^^^^^^^^
  File "D:\Django Practice\env_practice\Lib\site-packages\django\template\backends\django.py", line 61, in render
    return self.template.render(context)
           ^^^^^^^^^^^^^^^^^^^^^^^^^^^^^
  File "D:\Django Practice\env_practice\Lib\site-packages\django\template\base.py", line 175, in render
    return self._render(context)
           ^^^^^^^^^^^^^^^^^^^^^
  File "D:\Django Practice\env_practice\Lib\site-packages\django\template\base.py", line 167, in _render
    return self.nodelist.render(context)
           ^^^^^^^^^^^^^^^^^^^^^^^^^^^^^
  File "D:\Django Practice\env_practice\Lib\site-packages\django\template\base.py", line 1005, in render
    return SafeString("".join([node.render_annotated(context) for node in self]))
                               ^^^^^^^^^^^^^^^^^^^^^^^^^^^^^^
  File "D:\Django Practice\env_practice\Lib\site-packages\django\template\base.py", line 966, in render_annotated
    return self.render(context)
           ^^^^^^^^^^^^^^^^^^^^
  File "D:\Django Practice\env_practice\Lib\site-packages\django\template\loader_tags.py", line 157, in render
    return compiled_parent._render(context)
           ^^^^^^^^^^^^^^^^^^^^^^^^^^^^^^^^
  File "D:\Django Practice\env_practice\Lib\site-packages\django\template\base.py", line 167, in _render
    return self.nodelist.render(context)
           ^^^^^^^^^^^^^^^^^^^^^^^^^^^^^
  File "D:\Django Practice\env_practice\Lib\site-packages\django\template\base.py", line 1005, in render
    return SafeString("".join([node.render_annotated(context) for node in self]))
                               ^^^^^^^^^^^^^^^^^^^^^^^^^^^^^^
  File "D:\Django Practice\env_practice\Lib\site-packages\django\template\base.py", line 966, in render_annotated
    return self.render(context)
           ^^^^^^^^^^^^^^^^^^^^
  File "D:\Django Practice\env_practice\Lib\site-packages\django\template\loader_tags.py", line 63, in render
    result = block.nodelist.render(context)
             ^^^^^^^^^^^^^^^^^^^^^^^^^^^^^^
  File "D:\Django Practice\env_practice\Lib\site-packages\django\template\base.py", line 1005, in render
    return SafeString("".join([node.render_annotated(context) for node in self]))
                               ^^^^^^^^^^^^^^^^^^^^^^^^^^^^^^
  File "D:\Django Practice\env_practice\Lib\site-packages\django\template\base.py", line 966, in render_annotated
    return self.render(context)
           ^^^^^^^^^^^^^^^^^^^^
  File "D:\Django Practice\env_practice\Lib\site-packages\django\template\defaulttags.py", line 471, in render
    url = reverse(view_name, args=args, kwargs=kwargs, current_app=current_app)
          ^^^^^^^^^^^^^^^^^^^^^^^^^^^^^^^^^^^^^^^^^^^^^^^^^^^^^^^^^^^^^^^^^^^^^
  File "D:\Django Practice\env_practice\Lib\site-packages\django\urls\base.py", line 88, in reverse
    return resolver._reverse_with_prefix(view, prefix, *args, **kwargs)
           ^^^^^^^^^^^^^^^^^^^^^^^^^^^^^^^^^^^^^^^^^^^^^^^^^^^^^^^^^^^^
  File "D:\Django Practice\env_practice\Lib\site-packages\django\urls\resolvers.py", line 828, in _reverse_with_prefix
    raise NoReverseMatch(msg)
django.urls.exceptions.NoReverseMatch: Reverse for 'password_change' not found. 'password_change' is not a valid view function or pattern name.
[2025-05-04 02:42:14,458] ERROR [6808] basehttp "GET /accounts/account/ HTTP/1.1" 500 162352
[2025-05-04 02:42:15,451] ERROR [6808] log Internal Server Error: /accounts/account/
Traceback (most recent call last):
  File "D:\Django Practice\env_practice\Lib\site-packages\django\core\handlers\exception.py", line 55, in inner
    response = get_response(request)
               ^^^^^^^^^^^^^^^^^^^^^
  File "D:\Django Practice\env_practice\Lib\site-packages\django\core\handlers\base.py", line 197, in _get_response
    response = wrapped_callback(request, *callback_args, **callback_kwargs)
               ^^^^^^^^^^^^^^^^^^^^^^^^^^^^^^^^^^^^^^^^^^^^^^^^^^^^^^^^^^^^
  File "D:\Django Practice\env_practice\Lib\site-packages\django\contrib\auth\decorators.py", line 23, in _wrapper_view
    return view_func(request, *args, **kwargs)
           ^^^^^^^^^^^^^^^^^^^^^^^^^^^^^^^^^^^
  File "D:\Django Practice\core\accounts\views.py", line 183, in account_management
    return render(request, 'accounts/account_management.html')
           ^^^^^^^^^^^^^^^^^^^^^^^^^^^^^^^^^^^^^^^^^^^^^^^^^^^
  File "D:\Django Practice\env_practice\Lib\site-packages\django\shortcuts.py", line 24, in render
    content = loader.render_to_string(template_name, context, request, using=using)
              ^^^^^^^^^^^^^^^^^^^^^^^^^^^^^^^^^^^^^^^^^^^^^^^^^^^^^^^^^^^^^^^^^^^^^
  File "D:\Django Practice\env_practice\Lib\site-packages\django\template\loader.py", line 62, in render_to_string
    return template.render(context, request)
           ^^^^^^^^^^^^^^^^^^^^^^^^^^^^^^^^^
  File "D:\Django Practice\env_practice\Lib\site-packages\django\template\backends\django.py", line 61, in render
    return self.template.render(context)
           ^^^^^^^^^^^^^^^^^^^^^^^^^^^^^
  File "D:\Django Practice\env_practice\Lib\site-packages\django\template\base.py", line 175, in render
    return self._render(context)
           ^^^^^^^^^^^^^^^^^^^^^
  File "D:\Django Practice\env_practice\Lib\site-packages\django\template\base.py", line 167, in _render
    return self.nodelist.render(context)
           ^^^^^^^^^^^^^^^^^^^^^^^^^^^^^
  File "D:\Django Practice\env_practice\Lib\site-packages\django\template\base.py", line 1005, in render
    return SafeString("".join([node.render_annotated(context) for node in self]))
                               ^^^^^^^^^^^^^^^^^^^^^^^^^^^^^^
  File "D:\Django Practice\env_practice\Lib\site-packages\django\template\base.py", line 966, in render_annotated
    return self.render(context)
           ^^^^^^^^^^^^^^^^^^^^
  File "D:\Django Practice\env_practice\Lib\site-packages\django\template\loader_tags.py", line 157, in render
    return compiled_parent._render(context)
           ^^^^^^^^^^^^^^^^^^^^^^^^^^^^^^^^
  File "D:\Django Practice\env_practice\Lib\site-packages\django\template\base.py", line 167, in _render
    return self.nodelist.render(context)
           ^^^^^^^^^^^^^^^^^^^^^^^^^^^^^
  File "D:\Django Practice\env_practice\Lib\site-packages\django\template\base.py", line 1005, in render
    return SafeString("".join([node.render_annotated(context) for node in self]))
                               ^^^^^^^^^^^^^^^^^^^^^^^^^^^^^^
  File "D:\Django Practice\env_practice\Lib\site-packages\django\template\base.py", line 966, in render_annotated
    return self.render(context)
           ^^^^^^^^^^^^^^^^^^^^
  File "D:\Django Practice\env_practice\Lib\site-packages\django\template\loader_tags.py", line 63, in render
    result = block.nodelist.render(context)
             ^^^^^^^^^^^^^^^^^^^^^^^^^^^^^^
  File "D:\Django Practice\env_practice\Lib\site-packages\django\template\base.py", line 1005, in render
    return SafeString("".join([node.render_annotated(context) for node in self]))
                               ^^^^^^^^^^^^^^^^^^^^^^^^^^^^^^
  File "D:\Django Practice\env_practice\Lib\site-packages\django\template\base.py", line 966, in render_annotated
    return self.render(context)
           ^^^^^^^^^^^^^^^^^^^^
  File "D:\Django Practice\env_practice\Lib\site-packages\django\template\defaulttags.py", line 471, in render
    url = reverse(view_name, args=args, kwargs=kwargs, current_app=current_app)
          ^^^^^^^^^^^^^^^^^^^^^^^^^^^^^^^^^^^^^^^^^^^^^^^^^^^^^^^^^^^^^^^^^^^^^
  File "D:\Django Practice\env_practice\Lib\site-packages\django\urls\base.py", line 88, in reverse
    return resolver._reverse_with_prefix(view, prefix, *args, **kwargs)
           ^^^^^^^^^^^^^^^^^^^^^^^^^^^^^^^^^^^^^^^^^^^^^^^^^^^^^^^^^^^^
  File "D:\Django Practice\env_practice\Lib\site-packages\django\urls\resolvers.py", line 828, in _reverse_with_prefix
    raise NoReverseMatch(msg)
django.urls.exceptions.NoReverseMatch: Reverse for 'password_change' not found. 'password_change' is not a valid view function or pattern name.
[2025-05-04 02:42:15,456] ERROR [6808] basehttp "GET /accounts/account/ HTTP/1.1" 500 162352
[2025-05-04 02:42:19,321] ERROR [6808] log Internal Server Error: /accounts/account/
Traceback (most recent call last):
  File "D:\Django Practice\env_practice\Lib\site-packages\django\core\handlers\exception.py", line 55, in inner
    response = get_response(request)
               ^^^^^^^^^^^^^^^^^^^^^
  File "D:\Django Practice\env_practice\Lib\site-packages\django\core\handlers\base.py", line 197, in _get_response
    response = wrapped_callback(request, *callback_args, **callback_kwargs)
               ^^^^^^^^^^^^^^^^^^^^^^^^^^^^^^^^^^^^^^^^^^^^^^^^^^^^^^^^^^^^
  File "D:\Django Practice\env_practice\Lib\site-packages\django\contrib\auth\decorators.py", line 23, in _wrapper_view
    return view_func(request, *args, **kwargs)
           ^^^^^^^^^^^^^^^^^^^^^^^^^^^^^^^^^^^
  File "D:\Django Practice\core\accounts\views.py", line 183, in account_management
    return render(request, 'accounts/account_management.html')
           ^^^^^^^^^^^^^^^^^^^^^^^^^^^^^^^^^^^^^^^^^^^^^^^^^^^
  File "D:\Django Practice\env_practice\Lib\site-packages\django\shortcuts.py", line 24, in render
    content = loader.render_to_string(template_name, context, request, using=using)
              ^^^^^^^^^^^^^^^^^^^^^^^^^^^^^^^^^^^^^^^^^^^^^^^^^^^^^^^^^^^^^^^^^^^^^
  File "D:\Django Practice\env_practice\Lib\site-packages\django\template\loader.py", line 62, in render_to_string
    return template.render(context, request)
           ^^^^^^^^^^^^^^^^^^^^^^^^^^^^^^^^^
  File "D:\Django Practice\env_practice\Lib\site-packages\django\template\backends\django.py", line 61, in render
    return self.template.render(context)
           ^^^^^^^^^^^^^^^^^^^^^^^^^^^^^
  File "D:\Django Practice\env_practice\Lib\site-packages\django\template\base.py", line 175, in render
    return self._render(context)
           ^^^^^^^^^^^^^^^^^^^^^
  File "D:\Django Practice\env_practice\Lib\site-packages\django\template\base.py", line 167, in _render
    return self.nodelist.render(context)
           ^^^^^^^^^^^^^^^^^^^^^^^^^^^^^
  File "D:\Django Practice\env_practice\Lib\site-packages\django\template\base.py", line 1005, in render
    return SafeString("".join([node.render_annotated(context) for node in self]))
                               ^^^^^^^^^^^^^^^^^^^^^^^^^^^^^^
  File "D:\Django Practice\env_practice\Lib\site-packages\django\template\base.py", line 966, in render_annotated
    return self.render(context)
           ^^^^^^^^^^^^^^^^^^^^
  File "D:\Django Practice\env_practice\Lib\site-packages\django\template\loader_tags.py", line 157, in render
    return compiled_parent._render(context)
           ^^^^^^^^^^^^^^^^^^^^^^^^^^^^^^^^
  File "D:\Django Practice\env_practice\Lib\site-packages\django\template\base.py", line 167, in _render
    return self.nodelist.render(context)
           ^^^^^^^^^^^^^^^^^^^^^^^^^^^^^
  File "D:\Django Practice\env_practice\Lib\site-packages\django\template\base.py", line 1005, in render
    return SafeString("".join([node.render_annotated(context) for node in self]))
                               ^^^^^^^^^^^^^^^^^^^^^^^^^^^^^^
  File "D:\Django Practice\env_practice\Lib\site-packages\django\template\base.py", line 966, in render_annotated
    return self.render(context)
           ^^^^^^^^^^^^^^^^^^^^
  File "D:\Django Practice\env_practice\Lib\site-packages\django\template\loader_tags.py", line 63, in render
    result = block.nodelist.render(context)
             ^^^^^^^^^^^^^^^^^^^^^^^^^^^^^^
  File "D:\Django Practice\env_practice\Lib\site-packages\django\template\base.py", line 1005, in render
    return SafeString("".join([node.render_annotated(context) for node in self]))
                               ^^^^^^^^^^^^^^^^^^^^^^^^^^^^^^
  File "D:\Django Practice\env_practice\Lib\site-packages\django\template\base.py", line 966, in render_annotated
    return self.render(context)
           ^^^^^^^^^^^^^^^^^^^^
  File "D:\Django Practice\env_practice\Lib\site-packages\django\template\defaulttags.py", line 471, in render
    url = reverse(view_name, args=args, kwargs=kwargs, current_app=current_app)
          ^^^^^^^^^^^^^^^^^^^^^^^^^^^^^^^^^^^^^^^^^^^^^^^^^^^^^^^^^^^^^^^^^^^^^
  File "D:\Django Practice\env_practice\Lib\site-packages\django\urls\base.py", line 88, in reverse
    return resolver._reverse_with_prefix(view, prefix, *args, **kwargs)
           ^^^^^^^^^^^^^^^^^^^^^^^^^^^^^^^^^^^^^^^^^^^^^^^^^^^^^^^^^^^^
  File "D:\Django Practice\env_practice\Lib\site-packages\django\urls\resolvers.py", line 828, in _reverse_with_prefix
    raise NoReverseMatch(msg)
django.urls.exceptions.NoReverseMatch: Reverse for 'password_change' not found. 'password_change' is not a valid view function or pattern name.
[2025-05-04 02:42:19,325] ERROR [6808] basehttp "GET /accounts/account/ HTTP/1.1" 500 162215
[2025-05-04 02:42:50,234] ERROR [6808] log Internal Server Error: /accounts/password/change/
Traceback (most recent call last):
  File "D:\Django Practice\env_practice\Lib\site-packages\django\template\base.py", line 505, in parse
    compile_func = self.tags[command]
                   ~~~~~~~~~^^^^^^^^^
KeyError: 'endblock'

During handling of the above exception, another exception occurred:

Traceback (most recent call last):
  File "D:\Django Practice\env_practice\Lib\site-packages\django\core\handlers\exception.py", line 55, in inner
    response = get_response(request)
               ^^^^^^^^^^^^^^^^^^^^^
  File "D:\Django Practice\env_practice\Lib\site-packages\django\core\handlers\base.py", line 220, in _get_response
    response = response.render()
               ^^^^^^^^^^^^^^^^^
  File "D:\Django Practice\env_practice\Lib\site-packages\django\template\response.py", line 114, in render
    self.content = self.rendered_content
                   ^^^^^^^^^^^^^^^^^^^^^
  File "D:\Django Practice\env_practice\Lib\site-packages\django\template\response.py", line 90, in rendered_content
    template = self.resolve_template(self.template_name)
               ^^^^^^^^^^^^^^^^^^^^^^^^^^^^^^^^^^^^^^^^^
  File "D:\Django Practice\env_practice\Lib\site-packages\django\template\response.py", line 72, in resolve_template
    return select_template(template, using=self.using)
           ^^^^^^^^^^^^^^^^^^^^^^^^^^^^^^^^^^^^^^^^^^^
  File "D:\Django Practice\env_practice\Lib\site-packages\django\template\loader.py", line 42, in select_template
    return engine.get_template(template_name)
           ^^^^^^^^^^^^^^^^^^^^^^^^^^^^^^^^^^
  File "D:\Django Practice\env_practice\Lib\site-packages\django\template\backends\django.py", line 33, in get_template
    return Template(self.engine.get_template(template_name), self)
                    ^^^^^^^^^^^^^^^^^^^^^^^^^^^^^^^^^^^^^^^
  File "D:\Django Practice\env_practice\Lib\site-packages\django\template\engine.py", line 175, in get_template
    template, origin = self.find_template(template_name)
                       ^^^^^^^^^^^^^^^^^^^^^^^^^^^^^^^^^
  File "D:\Django Practice\env_practice\Lib\site-packages\django\template\engine.py", line 157, in find_template
    template = loader.get_template(name, skip=skip)
               ^^^^^^^^^^^^^^^^^^^^^^^^^^^^^^^^^^^^
  File "D:\Django Practice\env_practice\Lib\site-packages\django\template\loaders\cached.py", line 57, in get_template
    template = super().get_template(template_name, skip)
               ^^^^^^^^^^^^^^^^^^^^^^^^^^^^^^^^^^^^^^^^^
  File "D:\Django Practice\env_practice\Lib\site-packages\django\template\loaders\base.py", line 28, in get_template
    return Template(
           ^^^^^^^^^
  File "D:\Django Practice\env_practice\Lib\site-packages\django\template\base.py", line 154, in __init__
    self.nodelist = self.compile_nodelist()
                    ^^^^^^^^^^^^^^^^^^^^^^^
  File "D:\Django Practice\env_practice\Lib\site-packages\django\template\base.py", line 200, in compile_nodelist
    return parser.parse()
           ^^^^^^^^^^^^^^
  File "D:\Django Practice\env_practice\Lib\site-packages\django\template\base.py", line 513, in parse
    raise self.error(token, e)
  File "D:\Django Practice\env_practice\Lib\site-packages\django\template\base.py", line 511, in parse
    compiled_result = compile_func(self, token)
                      ^^^^^^^^^^^^^^^^^^^^^^^^^
  File "D:\Django Practice\env_practice\Lib\site-packages\django\template\loader_tags.py", line 293, in do_extends
    nodelist = parser.parse()
               ^^^^^^^^^^^^^^
  File "D:\Django Practice\env_practice\Lib\site-packages\django\template\base.py", line 513, in parse
    raise self.error(token, e)
  File "D:\Django Practice\env_practice\Lib\site-packages\django\template\base.py", line 511, in parse
    compiled_result = compile_func(self, token)
                      ^^^^^^^^^^^^^^^^^^^^^^^^^
  File "D:\Django Practice\env_practice\Lib\site-packages\django\template\loader_tags.py", line 232, in do_block
    nodelist = parser.parse(("endblock",))
               ^^^^^^^^^^^^^^^^^^^^^^^^^^^
  File "D:\Django Practice\env_practice\Lib\site-packages\django\template\base.py", line 513, in parse
    raise self.error(token, e)
  File "D:\Django Practice\env_practice\Lib\site-packages\django\template\base.py", line 511, in parse
    compiled_result = compile_func(self, token)
                      ^^^^^^^^^^^^^^^^^^^^^^^^^
  File "D:\Django Practice\env_practice\Lib\site-packages\django\template\defaulttags.py", line 953, in do_if
    nodelist = parser.parse(("elif", "else", "endif"))
               ^^^^^^^^^^^^^^^^^^^^^^^^^^^^^^^^^^^^^^^
  File "D:\Django Practice\env_practice\Lib\site-packages\django\template\base.py", line 507, in parse
    self.invalid_block_tag(token, command, parse_until)
  File "D:\Django Practice\env_practice\Lib\site-packages\django\template\base.py", line 558, in invalid_block_tag
    raise self.error(
django.template.exceptions.TemplateSyntaxError: Invalid block tag on line 104: 'endblock', expected 'elif', 'else' or 'endif'. Did you forget to register or load this tag?
[2025-05-04 02:42:50,239] ERROR [6808] basehttp "GET /accounts/password/change/ HTTP/1.1" 500 198449
[2025-05-04 02:44:37,540] ERROR [6808] log Internal Server Error: /accounts/password/change/
Traceback (most recent call last):
  File "D:\Django Practice\env_practice\Lib\site-packages\django\template\base.py", line 505, in parse
    compile_func = self.tags[command]
                   ~~~~~~~~~^^^^^^^^^
KeyError: 'endblock'

During handling of the above exception, another exception occurred:

Traceback (most recent call last):
  File "D:\Django Practice\env_practice\Lib\site-packages\django\core\handlers\exception.py", line 55, in inner
    response = get_response(request)
               ^^^^^^^^^^^^^^^^^^^^^
  File "D:\Django Practice\env_practice\Lib\site-packages\django\core\handlers\base.py", line 220, in _get_response
    response = response.render()
               ^^^^^^^^^^^^^^^^^
  File "D:\Django Practice\env_practice\Lib\site-packages\django\template\response.py", line 114, in render
    self.content = self.rendered_content
                   ^^^^^^^^^^^^^^^^^^^^^
  File "D:\Django Practice\env_practice\Lib\site-packages\django\template\response.py", line 90, in rendered_content
    template = self.resolve_template(self.template_name)
               ^^^^^^^^^^^^^^^^^^^^^^^^^^^^^^^^^^^^^^^^^
  File "D:\Django Practice\env_practice\Lib\site-packages\django\template\response.py", line 72, in resolve_template
    return select_template(template, using=self.using)
           ^^^^^^^^^^^^^^^^^^^^^^^^^^^^^^^^^^^^^^^^^^^
  File "D:\Django Practice\env_practice\Lib\site-packages\django\template\loader.py", line 42, in select_template
    return engine.get_template(template_name)
           ^^^^^^^^^^^^^^^^^^^^^^^^^^^^^^^^^^
  File "D:\Django Practice\env_practice\Lib\site-packages\django\template\backends\django.py", line 33, in get_template
    return Template(self.engine.get_template(template_name), self)
                    ^^^^^^^^^^^^^^^^^^^^^^^^^^^^^^^^^^^^^^^
  File "D:\Django Practice\env_practice\Lib\site-packages\django\template\engine.py", line 175, in get_template
    template, origin = self.find_template(template_name)
                       ^^^^^^^^^^^^^^^^^^^^^^^^^^^^^^^^^
  File "D:\Django Practice\env_practice\Lib\site-packages\django\template\engine.py", line 157, in find_template
    template = loader.get_template(name, skip=skip)
               ^^^^^^^^^^^^^^^^^^^^^^^^^^^^^^^^^^^^
  File "D:\Django Practice\env_practice\Lib\site-packages\django\template\loaders\cached.py", line 57, in get_template
    template = super().get_template(template_name, skip)
               ^^^^^^^^^^^^^^^^^^^^^^^^^^^^^^^^^^^^^^^^^
  File "D:\Django Practice\env_practice\Lib\site-packages\django\template\loaders\base.py", line 28, in get_template
    return Template(
           ^^^^^^^^^
  File "D:\Django Practice\env_practice\Lib\site-packages\django\template\base.py", line 154, in __init__
    self.nodelist = self.compile_nodelist()
                    ^^^^^^^^^^^^^^^^^^^^^^^
  File "D:\Django Practice\env_practice\Lib\site-packages\django\template\base.py", line 200, in compile_nodelist
    return parser.parse()
           ^^^^^^^^^^^^^^
  File "D:\Django Practice\env_practice\Lib\site-packages\django\template\base.py", line 513, in parse
    raise self.error(token, e)
  File "D:\Django Practice\env_practice\Lib\site-packages\django\template\base.py", line 511, in parse
    compiled_result = compile_func(self, token)
                      ^^^^^^^^^^^^^^^^^^^^^^^^^
  File "D:\Django Practice\env_practice\Lib\site-packages\django\template\loader_tags.py", line 293, in do_extends
    nodelist = parser.parse()
               ^^^^^^^^^^^^^^
  File "D:\Django Practice\env_practice\Lib\site-packages\django\template\base.py", line 513, in parse
    raise self.error(token, e)
  File "D:\Django Practice\env_practice\Lib\site-packages\django\template\base.py", line 511, in parse
    compiled_result = compile_func(self, token)
                      ^^^^^^^^^^^^^^^^^^^^^^^^^
  File "D:\Django Practice\env_practice\Lib\site-packages\django\template\loader_tags.py", line 232, in do_block
    nodelist = parser.parse(("endblock",))
               ^^^^^^^^^^^^^^^^^^^^^^^^^^^
  File "D:\Django Practice\env_practice\Lib\site-packages\django\template\base.py", line 513, in parse
    raise self.error(token, e)
  File "D:\Django Practice\env_practice\Lib\site-packages\django\template\base.py", line 511, in parse
    compiled_result = compile_func(self, token)
                      ^^^^^^^^^^^^^^^^^^^^^^^^^
  File "D:\Django Practice\env_practice\Lib\site-packages\django\template\defaulttags.py", line 953, in do_if
    nodelist = parser.parse(("elif", "else", "endif"))
               ^^^^^^^^^^^^^^^^^^^^^^^^^^^^^^^^^^^^^^^
  File "D:\Django Practice\env_practice\Lib\site-packages\django\template\base.py", line 507, in parse
    self.invalid_block_tag(token, command, parse_until)
  File "D:\Django Practice\env_practice\Lib\site-packages\django\template\base.py", line 558, in invalid_block_tag
    raise self.error(
django.template.exceptions.TemplateSyntaxError: Invalid block tag on line 98: 'endblock', expected 'elif', 'else' or 'endif'. Did you forget to register or load this tag?
[2025-05-04 02:44:37,543] ERROR [6808] basehttp "GET /accounts/password/change/ HTTP/1.1" 500 198246
[2025-05-04 02:44:40,180] ERROR [6808] log Internal Server Error: /accounts/password/change/
Traceback (most recent call last):
  File "D:\Django Practice\env_practice\Lib\site-packages\django\template\base.py", line 505, in parse
    compile_func = self.tags[command]
                   ~~~~~~~~~^^^^^^^^^
KeyError: 'endblock'

During handling of the above exception, another exception occurred:

Traceback (most recent call last):
  File "D:\Django Practice\env_practice\Lib\site-packages\django\core\handlers\exception.py", line 55, in inner
    response = get_response(request)
               ^^^^^^^^^^^^^^^^^^^^^
  File "D:\Django Practice\env_practice\Lib\site-packages\django\core\handlers\base.py", line 220, in _get_response
    response = response.render()
               ^^^^^^^^^^^^^^^^^
  File "D:\Django Practice\env_practice\Lib\site-packages\django\template\response.py", line 114, in render
    self.content = self.rendered_content
                   ^^^^^^^^^^^^^^^^^^^^^
  File "D:\Django Practice\env_practice\Lib\site-packages\django\template\response.py", line 90, in rendered_content
    template = self.resolve_template(self.template_name)
               ^^^^^^^^^^^^^^^^^^^^^^^^^^^^^^^^^^^^^^^^^
  File "D:\Django Practice\env_practice\Lib\site-packages\django\template\response.py", line 72, in resolve_template
    return select_template(template, using=self.using)
           ^^^^^^^^^^^^^^^^^^^^^^^^^^^^^^^^^^^^^^^^^^^
  File "D:\Django Practice\env_practice\Lib\site-packages\django\template\loader.py", line 42, in select_template
    return engine.get_template(template_name)
           ^^^^^^^^^^^^^^^^^^^^^^^^^^^^^^^^^^
  File "D:\Django Practice\env_practice\Lib\site-packages\django\template\backends\django.py", line 33, in get_template
    return Template(self.engine.get_template(template_name), self)
                    ^^^^^^^^^^^^^^^^^^^^^^^^^^^^^^^^^^^^^^^
  File "D:\Django Practice\env_practice\Lib\site-packages\django\template\engine.py", line 175, in get_template
    template, origin = self.find_template(template_name)
                       ^^^^^^^^^^^^^^^^^^^^^^^^^^^^^^^^^
  File "D:\Django Practice\env_practice\Lib\site-packages\django\template\engine.py", line 157, in find_template
    template = loader.get_template(name, skip=skip)
               ^^^^^^^^^^^^^^^^^^^^^^^^^^^^^^^^^^^^
  File "D:\Django Practice\env_practice\Lib\site-packages\django\template\loaders\cached.py", line 57, in get_template
    template = super().get_template(template_name, skip)
               ^^^^^^^^^^^^^^^^^^^^^^^^^^^^^^^^^^^^^^^^^
  File "D:\Django Practice\env_practice\Lib\site-packages\django\template\loaders\base.py", line 28, in get_template
    return Template(
           ^^^^^^^^^
  File "D:\Django Practice\env_practice\Lib\site-packages\django\template\base.py", line 154, in __init__
    self.nodelist = self.compile_nodelist()
                    ^^^^^^^^^^^^^^^^^^^^^^^
  File "D:\Django Practice\env_practice\Lib\site-packages\django\template\base.py", line 200, in compile_nodelist
    return parser.parse()
           ^^^^^^^^^^^^^^
  File "D:\Django Practice\env_practice\Lib\site-packages\django\template\base.py", line 513, in parse
    raise self.error(token, e)
  File "D:\Django Practice\env_practice\Lib\site-packages\django\template\base.py", line 511, in parse
    compiled_result = compile_func(self, token)
                      ^^^^^^^^^^^^^^^^^^^^^^^^^
  File "D:\Django Practice\env_practice\Lib\site-packages\django\template\loader_tags.py", line 293, in do_extends
    nodelist = parser.parse()
               ^^^^^^^^^^^^^^
  File "D:\Django Practice\env_practice\Lib\site-packages\django\template\base.py", line 513, in parse
    raise self.error(token, e)
  File "D:\Django Practice\env_practice\Lib\site-packages\django\template\base.py", line 511, in parse
    compiled_result = compile_func(self, token)
                      ^^^^^^^^^^^^^^^^^^^^^^^^^
  File "D:\Django Practice\env_practice\Lib\site-packages\django\template\loader_tags.py", line 232, in do_block
    nodelist = parser.parse(("endblock",))
               ^^^^^^^^^^^^^^^^^^^^^^^^^^^
  File "D:\Django Practice\env_practice\Lib\site-packages\django\template\base.py", line 513, in parse
    raise self.error(token, e)
  File "D:\Django Practice\env_practice\Lib\site-packages\django\template\base.py", line 511, in parse
    compiled_result = compile_func(self, token)
                      ^^^^^^^^^^^^^^^^^^^^^^^^^
  File "D:\Django Practice\env_practice\Lib\site-packages\django\template\defaulttags.py", line 953, in do_if
    nodelist = parser.parse(("elif", "else", "endif"))
               ^^^^^^^^^^^^^^^^^^^^^^^^^^^^^^^^^^^^^^^
  File "D:\Django Practice\env_practice\Lib\site-packages\django\template\base.py", line 507, in parse
    self.invalid_block_tag(token, command, parse_until)
  File "D:\Django Practice\env_practice\Lib\site-packages\django\template\base.py", line 558, in invalid_block_tag
    raise self.error(
django.template.exceptions.TemplateSyntaxError: Invalid block tag on line 98: 'endblock', expected 'elif', 'else' or 'endif'. Did you forget to register or load this tag?
[2025-05-04 02:44:40,184] ERROR [6808] basehttp "GET /accounts/password/change/ HTTP/1.1" 500 198109
[2025-05-04 02:44:47,824] ERROR [6808] log Internal Server Error: /accounts/password/change/
Traceback (most recent call last):
  File "D:\Django Practice\env_practice\Lib\site-packages\django\core\handlers\exception.py", line 55, in inner
    response = get_response(request)
               ^^^^^^^^^^^^^^^^^^^^^
  File "D:\Django Practice\env_practice\Lib\site-packages\django\core\handlers\base.py", line 220, in _get_response
    response = response.render()
               ^^^^^^^^^^^^^^^^^
  File "D:\Django Practice\env_practice\Lib\site-packages\django\template\response.py", line 114, in render
    self.content = self.rendered_content
                   ^^^^^^^^^^^^^^^^^^^^^
  File "D:\Django Practice\env_practice\Lib\site-packages\django\template\response.py", line 92, in rendered_content
    return template.render(context, self._request)
           ^^^^^^^^^^^^^^^^^^^^^^^^^^^^^^^^^^^^^^^
  File "D:\Django Practice\env_practice\Lib\site-packages\django\template\backends\django.py", line 61, in render
    return self.template.render(context)
           ^^^^^^^^^^^^^^^^^^^^^^^^^^^^^
  File "D:\Django Practice\env_practice\Lib\site-packages\django\template\base.py", line 175, in render
    return self._render(context)
           ^^^^^^^^^^^^^^^^^^^^^
  File "D:\Django Practice\env_practice\Lib\site-packages\django\template\base.py", line 167, in _render
    return self.nodelist.render(context)
           ^^^^^^^^^^^^^^^^^^^^^^^^^^^^^
  File "D:\Django Practice\env_practice\Lib\site-packages\django\template\base.py", line 1005, in render
    return SafeString("".join([node.render_annotated(context) for node in self]))
                               ^^^^^^^^^^^^^^^^^^^^^^^^^^^^^^
  File "D:\Django Practice\env_practice\Lib\site-packages\django\template\base.py", line 966, in render_annotated
    return self.render(context)
           ^^^^^^^^^^^^^^^^^^^^
  File "D:\Django Practice\env_practice\Lib\site-packages\django\template\loader_tags.py", line 157, in render
    return compiled_parent._render(context)
           ^^^^^^^^^^^^^^^^^^^^^^^^^^^^^^^^
  File "D:\Django Practice\env_practice\Lib\site-packages\django\template\base.py", line 167, in _render
    return self.nodelist.render(context)
           ^^^^^^^^^^^^^^^^^^^^^^^^^^^^^
  File "D:\Django Practice\env_practice\Lib\site-packages\django\template\base.py", line 1005, in render
    return SafeString("".join([node.render_annotated(context) for node in self]))
                               ^^^^^^^^^^^^^^^^^^^^^^^^^^^^^^
  File "D:\Django Practice\env_practice\Lib\site-packages\django\template\base.py", line 966, in render_annotated
    return self.render(context)
           ^^^^^^^^^^^^^^^^^^^^
  File "D:\Django Practice\env_practice\Lib\site-packages\django\template\loader_tags.py", line 63, in render
    result = block.nodelist.render(context)
             ^^^^^^^^^^^^^^^^^^^^^^^^^^^^^^
  File "D:\Django Practice\env_practice\Lib\site-packages\django\template\base.py", line 1005, in render
    return SafeString("".join([node.render_annotated(context) for node in self]))
                               ^^^^^^^^^^^^^^^^^^^^^^^^^^^^^^
  File "D:\Django Practice\env_practice\Lib\site-packages\django\template\base.py", line 966, in render_annotated
    return self.render(context)
           ^^^^^^^^^^^^^^^^^^^^
  File "D:\Django Practice\env_practice\Lib\site-packages\django\template\defaulttags.py", line 471, in render
    url = reverse(view_name, args=args, kwargs=kwargs, current_app=current_app)
          ^^^^^^^^^^^^^^^^^^^^^^^^^^^^^^^^^^^^^^^^^^^^^^^^^^^^^^^^^^^^^^^^^^^^^
  File "D:\Django Practice\env_practice\Lib\site-packages\django\urls\base.py", line 88, in reverse
    return resolver._reverse_with_prefix(view, prefix, *args, **kwargs)
           ^^^^^^^^^^^^^^^^^^^^^^^^^^^^^^^^^^^^^^^^^^^^^^^^^^^^^^^^^^^^
  File "D:\Django Practice\env_practice\Lib\site-packages\django\urls\resolvers.py", line 828, in _reverse_with_prefix
    raise NoReverseMatch(msg)
django.urls.exceptions.NoReverseMatch: Reverse for 'password_change' not found. 'password_change' is not a valid view function or pattern name.
[2025-05-04 02:44:47,827] ERROR [6808] basehttp "GET /accounts/password/change/ HTTP/1.1" 500 157412
[2025-05-04 02:44:49,746] ERROR [6808] log Internal Server Error: /accounts/password/change/
Traceback (most recent call last):
  File "D:\Django Practice\env_practice\Lib\site-packages\django\core\handlers\exception.py", line 55, in inner
    response = get_response(request)
               ^^^^^^^^^^^^^^^^^^^^^
  File "D:\Django Practice\env_practice\Lib\site-packages\django\core\handlers\base.py", line 220, in _get_response
    response = response.render()
               ^^^^^^^^^^^^^^^^^
  File "D:\Django Practice\env_practice\Lib\site-packages\django\template\response.py", line 114, in render
    self.content = self.rendered_content
                   ^^^^^^^^^^^^^^^^^^^^^
  File "D:\Django Practice\env_practice\Lib\site-packages\django\template\response.py", line 92, in rendered_content
    return template.render(context, self._request)
           ^^^^^^^^^^^^^^^^^^^^^^^^^^^^^^^^^^^^^^^
  File "D:\Django Practice\env_practice\Lib\site-packages\django\template\backends\django.py", line 61, in render
    return self.template.render(context)
           ^^^^^^^^^^^^^^^^^^^^^^^^^^^^^
  File "D:\Django Practice\env_practice\Lib\site-packages\django\template\base.py", line 175, in render
    return self._render(context)
           ^^^^^^^^^^^^^^^^^^^^^
  File "D:\Django Practice\env_practice\Lib\site-packages\django\template\base.py", line 167, in _render
    return self.nodelist.render(context)
           ^^^^^^^^^^^^^^^^^^^^^^^^^^^^^
  File "D:\Django Practice\env_practice\Lib\site-packages\django\template\base.py", line 1005, in render
    return SafeString("".join([node.render_annotated(context) for node in self]))
                               ^^^^^^^^^^^^^^^^^^^^^^^^^^^^^^
  File "D:\Django Practice\env_practice\Lib\site-packages\django\template\base.py", line 966, in render_annotated
    return self.render(context)
           ^^^^^^^^^^^^^^^^^^^^
  File "D:\Django Practice\env_practice\Lib\site-packages\django\template\loader_tags.py", line 157, in render
    return compiled_parent._render(context)
           ^^^^^^^^^^^^^^^^^^^^^^^^^^^^^^^^
  File "D:\Django Practice\env_practice\Lib\site-packages\django\template\base.py", line 167, in _render
    return self.nodelist.render(context)
           ^^^^^^^^^^^^^^^^^^^^^^^^^^^^^
  File "D:\Django Practice\env_practice\Lib\site-packages\django\template\base.py", line 1005, in render
    return SafeString("".join([node.render_annotated(context) for node in self]))
                               ^^^^^^^^^^^^^^^^^^^^^^^^^^^^^^
  File "D:\Django Practice\env_practice\Lib\site-packages\django\template\base.py", line 966, in render_annotated
    return self.render(context)
           ^^^^^^^^^^^^^^^^^^^^
  File "D:\Django Practice\env_practice\Lib\site-packages\django\template\loader_tags.py", line 63, in render
    result = block.nodelist.render(context)
             ^^^^^^^^^^^^^^^^^^^^^^^^^^^^^^
  File "D:\Django Practice\env_practice\Lib\site-packages\django\template\base.py", line 1005, in render
    return SafeString("".join([node.render_annotated(context) for node in self]))
                               ^^^^^^^^^^^^^^^^^^^^^^^^^^^^^^
  File "D:\Django Practice\env_practice\Lib\site-packages\django\template\base.py", line 966, in render_annotated
    return self.render(context)
           ^^^^^^^^^^^^^^^^^^^^
  File "D:\Django Practice\env_practice\Lib\site-packages\django\template\defaulttags.py", line 471, in render
    url = reverse(view_name, args=args, kwargs=kwargs, current_app=current_app)
          ^^^^^^^^^^^^^^^^^^^^^^^^^^^^^^^^^^^^^^^^^^^^^^^^^^^^^^^^^^^^^^^^^^^^^
  File "D:\Django Practice\env_practice\Lib\site-packages\django\urls\base.py", line 88, in reverse
    return resolver._reverse_with_prefix(view, prefix, *args, **kwargs)
           ^^^^^^^^^^^^^^^^^^^^^^^^^^^^^^^^^^^^^^^^^^^^^^^^^^^^^^^^^^^^
  File "D:\Django Practice\env_practice\Lib\site-packages\django\urls\resolvers.py", line 828, in _reverse_with_prefix
    raise NoReverseMatch(msg)
django.urls.exceptions.NoReverseMatch: Reverse for 'password_change' not found. 'password_change' is not a valid view function or pattern name.
[2025-05-04 02:44:49,749] ERROR [6808] basehttp "GET /accounts/password/change/ HTTP/1.1" 500 157549
[2025-05-04 03:47:25,744] WARNING [1988] basehttp "GET /accounts/password/change/?csrfmiddlewaretoken=e76JNeBac07LGndCD73Xora8qjCDRKLOvfZuADQAQZwFdzTFmQMEEFlMEgYGhjUn&old_password=123456%40g&new_password1=qwerty%40123&new_password2=qwerty%40123 HTTP/1.1" 404 7620
[2025-05-04 03:47:26,705] WARNING [1988] basehttp "GET /accounts/password/change/?csrfmiddlewaretoken=e76JNeBac07LGndCD73Xora8qjCDRKLOvfZuADQAQZwFdzTFmQMEEFlMEgYGhjUn&old_password=123456%40g&new_password1=qwerty%40123&new_password2=qwerty%40123 HTTP/1.1" 404 7620
[2025-05-04 03:53:29,275] ERROR [1532] log Internal Server Error: /accounts/password-reset/
Traceback (most recent call last):
  File "D:\Django Practice\env_practice\Lib\site-packages\django\core\handlers\exception.py", line 55, in inner
    response = get_response(request)
               ^^^^^^^^^^^^^^^^^^^^^
  File "D:\Django Practice\env_practice\Lib\site-packages\django\core\handlers\base.py", line 220, in _get_response
    response = response.render()
               ^^^^^^^^^^^^^^^^^
  File "D:\Django Practice\env_practice\Lib\site-packages\django\template\response.py", line 114, in render
    self.content = self.rendered_content
                   ^^^^^^^^^^^^^^^^^^^^^
  File "D:\Django Practice\env_practice\Lib\site-packages\django\template\response.py", line 90, in rendered_content
    template = self.resolve_template(self.template_name)
               ^^^^^^^^^^^^^^^^^^^^^^^^^^^^^^^^^^^^^^^^^
  File "D:\Django Practice\env_practice\Lib\site-packages\django\template\response.py", line 72, in resolve_template
    return select_template(template, using=self.using)
           ^^^^^^^^^^^^^^^^^^^^^^^^^^^^^^^^^^^^^^^^^^^
  File "D:\Django Practice\env_practice\Lib\site-packages\django\template\loader.py", line 47, in select_template
    raise TemplateDoesNotExist(", ".join(template_name_list), chain=chain)
django.template.exceptions.TemplateDoesNotExist: accounts/password_reset.html
[2025-05-04 03:53:29,277] ERROR [1532] basehttp "GET /accounts/password-reset/ HTTP/1.1" 500 86771
[2025-05-04 03:56:45,876] ERROR [1532] log Internal Server Error: /accounts/password-reset/
Traceback (most recent call last):
  File "D:\Django Practice\env_practice\Lib\site-packages\django\core\handlers\exception.py", line 55, in inner
    response = get_response(request)
               ^^^^^^^^^^^^^^^^^^^^^
  File "D:\Django Practice\env_practice\Lib\site-packages\django\core\handlers\base.py", line 220, in _get_response
    response = response.render()
               ^^^^^^^^^^^^^^^^^
  File "D:\Django Practice\env_practice\Lib\site-packages\django\template\response.py", line 114, in render
    self.content = self.rendered_content
                   ^^^^^^^^^^^^^^^^^^^^^
  File "D:\Django Practice\env_practice\Lib\site-packages\django\template\response.py", line 90, in rendered_content
    template = self.resolve_template(self.template_name)
               ^^^^^^^^^^^^^^^^^^^^^^^^^^^^^^^^^^^^^^^^^
  File "D:\Django Practice\env_practice\Lib\site-packages\django\template\response.py", line 72, in resolve_template
    return select_template(template, using=self.using)
           ^^^^^^^^^^^^^^^^^^^^^^^^^^^^^^^^^^^^^^^^^^^
  File "D:\Django Practice\env_practice\Lib\site-packages\django\template\loader.py", line 47, in select_template
    raise TemplateDoesNotExist(", ".join(template_name_list), chain=chain)
django.template.exceptions.TemplateDoesNotExist: accounts/password_reset.html
[2025-05-04 03:56:45,878] ERROR [1532] basehttp "GET /accounts/password-reset/ HTTP/1.1" 500 86771
[2025-05-04 03:57:32,545] ERROR [9704] log Internal Server Error: /accounts/password-reset/
Traceback (most recent call last):
  File "D:\Django Practice\env_practice\Lib\site-packages\django\core\handlers\exception.py", line 55, in inner
    response = get_response(request)
               ^^^^^^^^^^^^^^^^^^^^^
  File "D:\Django Practice\env_practice\Lib\site-packages\django\core\handlers\base.py", line 197, in _get_response
    response = wrapped_callback(request, *callback_args, **callback_kwargs)
               ^^^^^^^^^^^^^^^^^^^^^^^^^^^^^^^^^^^^^^^^^^^^^^^^^^^^^^^^^^^^
  File "D:\Django Practice\env_practice\Lib\site-packages\django\utils\decorators.py", line 134, in _wrapper_view
    response = view_func(request, *args, **kwargs)
               ^^^^^^^^^^^^^^^^^^^^^^^^^^^^^^^^^^^
  File "D:\Django Practice\env_practice\Lib\site-packages\django\views\generic\base.py", line 104, in view
    return self.dispatch(request, *args, **kwargs)
           ^^^^^^^^^^^^^^^^^^^^^^^^^^^^^^^^^^^^^^^
  File "D:\Django Practice\env_practice\Lib\site-packages\django\utils\decorators.py", line 46, in _wrapper
    return bound_method(*args, **kwargs)
           ^^^^^^^^^^^^^^^^^^^^^^^^^^^^^
  File "D:\Django Practice\env_practice\Lib\site-packages\django\utils\decorators.py", line 134, in _wrapper_view
    response = view_func(request, *args, **kwargs)
               ^^^^^^^^^^^^^^^^^^^^^^^^^^^^^^^^^^^
  File "D:\Django Practice\env_practice\Lib\site-packages\django\contrib\auth\views.py", line 242, in dispatch
    return super().dispatch(*args, **kwargs)
           ^^^^^^^^^^^^^^^^^^^^^^^^^^^^^^^^^
  File "D:\Django Practice\env_practice\Lib\site-packages\django\views\generic\base.py", line 143, in dispatch
    return handler(request, *args, **kwargs)
           ^^^^^^^^^^^^^^^^^^^^^^^^^^^^^^^^^
  File "D:\Django Practice\env_practice\Lib\site-packages\django\views\generic\edit.py", line 153, in post
    return self.form_valid(form)
           ^^^^^^^^^^^^^^^^^^^^^
  File "D:\Django Practice\core\accounts\views.py", line 312, in form_valid
    form.save(**opts)
  File "D:\Django Practice\env_practice\Lib\site-packages\django\contrib\auth\forms.py", line 376, in save
    self.send_mail(
  File "D:\Django Practice\env_practice\Lib\site-packages\django\contrib\auth\forms.py", line 314, in send_mail
    html_email = loader.render_to_string(html_email_template_name, context)
                 ^^^^^^^^^^^^^^^^^^^^^^^^^^^^^^^^^^^^^^^^^^^^^^^^^^^^^^^^^^
  File "D:\Django Practice\env_practice\Lib\site-packages\django\template\loader.py", line 61, in render_to_string
    template = get_template(template_name, using=using)
               ^^^^^^^^^^^^^^^^^^^^^^^^^^^^^^^^^^^^^^^^
  File "D:\Django Practice\env_practice\Lib\site-packages\django\template\loader.py", line 19, in get_template
    raise TemplateDoesNotExist(template_name, chain=chain)
django.template.exceptions.TemplateDoesNotExist: accounts/password_reset_email.html
[2025-05-04 03:57:32,551] ERROR [9704] basehttp "POST /accounts/password-reset/ HTTP/1.1" 500 132909
[2025-05-04 03:58:51,448] ERROR [12624] log Internal Server Error: /accounts/password-reset/done/
Traceback (most recent call last):
  File "D:\Django Practice\env_practice\Lib\site-packages\django\core\handlers\exception.py", line 55, in inner
    response = get_response(request)
               ^^^^^^^^^^^^^^^^^^^^^
  File "D:\Django Practice\env_practice\Lib\site-packages\django\core\handlers\base.py", line 220, in _get_response
    response = response.render()
               ^^^^^^^^^^^^^^^^^
  File "D:\Django Practice\env_practice\Lib\site-packages\django\template\response.py", line 114, in render
    self.content = self.rendered_content
                   ^^^^^^^^^^^^^^^^^^^^^
  File "D:\Django Practice\env_practice\Lib\site-packages\django\template\response.py", line 92, in rendered_content
    return template.render(context, self._request)
           ^^^^^^^^^^^^^^^^^^^^^^^^^^^^^^^^^^^^^^^
  File "D:\Django Practice\env_practice\Lib\site-packages\django\template\backends\django.py", line 61, in render
    return self.template.render(context)
           ^^^^^^^^^^^^^^^^^^^^^^^^^^^^^
  File "D:\Django Practice\env_practice\Lib\site-packages\django\template\base.py", line 175, in render
    return self._render(context)
           ^^^^^^^^^^^^^^^^^^^^^
  File "D:\Django Practice\env_practice\Lib\site-packages\django\template\base.py", line 167, in _render
    return self.nodelist.render(context)
           ^^^^^^^^^^^^^^^^^^^^^^^^^^^^^
  File "D:\Django Practice\env_practice\Lib\site-packages\django\template\base.py", line 1005, in render
    return SafeString("".join([node.render_annotated(context) for node in self]))
                               ^^^^^^^^^^^^^^^^^^^^^^^^^^^^^^
  File "D:\Django Practice\env_practice\Lib\site-packages\django\template\base.py", line 966, in render_annotated
    return self.render(context)
           ^^^^^^^^^^^^^^^^^^^^
  File "D:\Django Practice\env_practice\Lib\site-packages\django\template\loader_tags.py", line 157, in render
    return compiled_parent._render(context)
           ^^^^^^^^^^^^^^^^^^^^^^^^^^^^^^^^
  File "D:\Django Practice\env_practice\Lib\site-packages\django\template\base.py", line 167, in _render
    return self.nodelist.render(context)
           ^^^^^^^^^^^^^^^^^^^^^^^^^^^^^
  File "D:\Django Practice\env_practice\Lib\site-packages\django\template\base.py", line 1005, in render
    return SafeString("".join([node.render_annotated(context) for node in self]))
                               ^^^^^^^^^^^^^^^^^^^^^^^^^^^^^^
  File "D:\Django Practice\env_practice\Lib\site-packages\django\template\base.py", line 966, in render_annotated
    return self.render(context)
           ^^^^^^^^^^^^^^^^^^^^
  File "D:\Django Practice\env_practice\Lib\site-packages\django\template\loader_tags.py", line 63, in render
    result = block.nodelist.render(context)
             ^^^^^^^^^^^^^^^^^^^^^^^^^^^^^^
  File "D:\Django Practice\env_practice\Lib\site-packages\django\template\base.py", line 1005, in render
    return SafeString("".join([node.render_annotated(context) for node in self]))
                               ^^^^^^^^^^^^^^^^^^^^^^^^^^^^^^
  File "D:\Django Practice\env_practice\Lib\site-packages\django\template\base.py", line 966, in render_annotated
    return self.render(context)
           ^^^^^^^^^^^^^^^^^^^^
  File "D:\Django Practice\env_practice\Lib\site-packages\django\template\defaulttags.py", line 471, in render
    url = reverse(view_name, args=args, kwargs=kwargs, current_app=current_app)
          ^^^^^^^^^^^^^^^^^^^^^^^^^^^^^^^^^^^^^^^^^^^^^^^^^^^^^^^^^^^^^^^^^^^^^
  File "D:\Django Practice\env_practice\Lib\site-packages\django\urls\base.py", line 88, in reverse
    return resolver._reverse_with_prefix(view, prefix, *args, **kwargs)
           ^^^^^^^^^^^^^^^^^^^^^^^^^^^^^^^^^^^^^^^^^^^^^^^^^^^^^^^^^^^^
  File "D:\Django Practice\env_practice\Lib\site-packages\django\urls\resolvers.py", line 828, in _reverse_with_prefix
    raise NoReverseMatch(msg)
django.urls.exceptions.NoReverseMatch: Reverse for 'home' not found. 'home' is not a valid view function or pattern name.
[2025-05-04 03:58:51,457] ERROR [12624] basehttp "GET /accounts/password-reset/done/ HTTP/1.1" 500 152873
[2025-05-04 04:01:28,305] WARNING [12624] basehttp "GET /static/css/styles.css?v=1746311488 HTTP/1.1" 404 1915
[2025-05-04 04:01:52,700] ERROR [12624] log Internal Server Error: /accounts/delete/
Traceback (most recent call last):
  File "D:\Django Practice\env_practice\Lib\site-packages\django\core\handlers\exception.py", line 55, in inner
    response = get_response(request)
               ^^^^^^^^^^^^^^^^^^^^^
  File "D:\Django Practice\env_practice\Lib\site-packages\django\core\handlers\base.py", line 197, in _get_response
    response = wrapped_callback(request, *callback_args, **callback_kwargs)
               ^^^^^^^^^^^^^^^^^^^^^^^^^^^^^^^^^^^^^^^^^^^^^^^^^^^^^^^^^^^^
  File "D:\Django Practice\env_practice\Lib\site-packages\django\contrib\auth\decorators.py", line 23, in _wrapper_view
    return view_func(request, *args, **kwargs)
           ^^^^^^^^^^^^^^^^^^^^^^^^^^^^^^^^^^^
  File "D:\Django Practice\env_practice\Lib\site-packages\django\views\generic\base.py", line 104, in view
    return self.dispatch(request, *args, **kwargs)
           ^^^^^^^^^^^^^^^^^^^^^^^^^^^^^^^^^^^^^^^
  File "D:\Django Practice\env_practice\Lib\site-packages\django\contrib\auth\mixins.py", line 73, in dispatch
    return super().dispatch(request, *args, **kwargs)
           ^^^^^^^^^^^^^^^^^^^^^^^^^^^^^^^^^^^^^^^^^^
  File "D:\Django Practice\env_practice\Lib\site-packages\django\views\generic\base.py", line 143, in dispatch
    return handler(request, *args, **kwargs)
           ^^^^^^^^^^^^^^^^^^^^^^^^^^^^^^^^^
  File "D:\Django Practice\core\accounts\views.py", line 260, in post
    return super().post(request, *args, **kwargs)
           ^^^^^^^^^^^^^^^^^^^^^^^^^^^^^^^^^^^^^^
  File "D:\Django Practice\env_practice\Lib\site-packages\django\views\generic\edit.py", line 278, in post
    return self.form_valid(form)
           ^^^^^^^^^^^^^^^^^^^^^
  File "D:\Django Practice\env_practice\Lib\site-packages\django\contrib\messages\views.py", line 12, in form_valid
    response = super().form_valid(form)
               ^^^^^^^^^^^^^^^^^^^^^^^^
  File "D:\Django Practice\env_practice\Lib\site-packages\django\views\generic\edit.py", line 283, in form_valid
    success_url = self.get_success_url()
                  ^^^^^^^^^^^^^^^^^^^^^^
  File "D:\Django Practice\env_practice\Lib\site-packages\django\views\generic\edit.py", line 237, in get_success_url
    if self.success_url:
       ^^^^^^^^^^^^^^^^
  File "D:\Django Practice\env_practice\Lib\site-packages\django\utils\functional.py", line 149, in __wrapper__
    res = func(*self.__args, **self.__kw)
          ^^^^^^^^^^^^^^^^^^^^^^^^^^^^^^^
  File "D:\Django Practice\env_practice\Lib\site-packages\django\urls\base.py", line 88, in reverse
    return resolver._reverse_with_prefix(view, prefix, *args, **kwargs)
           ^^^^^^^^^^^^^^^^^^^^^^^^^^^^^^^^^^^^^^^^^^^^^^^^^^^^^^^^^^^^
  File "D:\Django Practice\env_practice\Lib\site-packages\django\urls\resolvers.py", line 828, in _reverse_with_prefix
    raise NoReverseMatch(msg)
django.urls.exceptions.NoReverseMatch: Reverse for 'home' not found. 'home' is not a valid view function or pattern name.
[2025-05-04 04:01:52,703] ERROR [12624] basehttp "POST /accounts/delete/ HTTP/1.1" 500 123420
[2025-05-04 04:02:59,119] WARNING [14540] basehttp "GET /static/js/recipe.js HTTP/1.1" 404 1896
[2025-05-04 04:04:25,644] WARNING [14540] basehttp "GET /static/js/recipe.js HTTP/1.1" 404 1896
[2025-05-04 04:18:23,269] WARNING [3920] basehttp "GET /static/js/recipe.js HTTP/1.1" 404 1896
[2025-05-04 04:28:22,675] WARNING [3920] basehttp "GET /static/js/recipe.js HTTP/1.1" 404 1896
[2025-05-04 04:37:03,234] WARNING [1048] basehttp "GET /static/js/recipe.js HTTP/1.1" 404 1896
[2025-05-04 04:37:57,807] WARNING [1048] basehttp "GET /static/js/recipe.js HTTP/1.1" 404 1896
[2025-05-04 04:41:16,369] WARNING [1048] basehttp "GET /static/js/recipe.js HTTP/1.1" 404 1896
[2025-05-04 04:55:28,245] WARNING [12208] basehttp "GET /static/js/recipe.js HTTP/1.1" 404 1896
[2025-05-04 04:59:07,607] WARNING [12208] basehttp "GET /static/js/recipe.js HTTP/1.1" 404 1896
[2025-05-04 04:59:13,157] WARNING [12208] basehttp "GET /static/css/styles.css?v=1746314953 HTTP/1.1" 404 1915
[2025-05-04 05:07:26,286] WARNING [2640] basehttp "GET /static/js/recipe.js HTTP/1.1" 404 1896
[2025-05-04 05:09:26,870] WARNING [10236] basehttp "GET /static/js/recipe.js HTTP/1.1" 404 1896
[2025-05-04 05:21:35,964] WARNING [5972] basehttp "GET /static/js/recipe.js HTTP/1.1" 404 1896
[2025-05-04 05:26:18,998] WARNING [4684] basehttp "GET /static/js/recipe.js HTTP/1.1" 404 1896
[2025-05-04 05:30:41,506] WARNING [9520] basehttp "GET /static/js/recipe.js HTTP/1.1" 404 1896
[2025-05-04 05:51:35,154] WARNING [15248] basehttp "GET /static/js/recipe.js HTTP/1.1" 404 1896
[2025-05-04 06:04:19,621] WARNING [4856] basehttp "GET /static/js/recipe.js HTTP/1.1" 404 1896
[2025-05-06 09:21:27,228] WARNING [8040] basehttp "GET /static/js/recipe.js HTTP/1.1" 404 1896
[2025-05-06 09:21:27,576] WARNING [8040] basehttp "GET /favicon.ico HTTP/1.1" 404 4422
[2025-05-06 19:23:01,225] WARNING [8040] basehttp "GET /static/js/recipe.js HTTP/1.1" 404 1896
[2025-05-06 19:40:45,642] ERROR [672] basehttp "GET /admin/auth/user/34/change/ HTTP/1.1" 500 59
[2025-05-06 19:40:50,095] ERROR [672] basehttp "GET /admin/auth/user/34/change/ HTTP/1.1" 500 59
[2025-05-06 20:31:01,025] WARNING [10916] basehttp "GET /static/path/to/custom.css HTTP/1.1" 404 1914
[2025-05-06 20:31:01,086] WARNING [10916] basehttp "GET /static/path/to/custom.js HTTP/1.1" 404 1911
[2025-05-06 20:31:02,192] WARNING [10916] basehttp "GET /static/path/to/custom.css HTTP/1.1" 404 1914
[2025-05-06 20:31:02,197] WARNING [10916] basehttp "GET /static/path/to/custom.js HTTP/1.1" 404 1911
[2025-05-06 20:31:04,923] WARNING [10916] basehttp "GET /static/path/to/custom.css HTTP/1.1" 404 1914
[2025-05-06 20:31:04,929] WARNING [10916] basehttp "GET /static/path/to/custom.js HTTP/1.1" 404 1911
[2025-05-06 20:31:10,049] WARNING [10916] basehttp "GET /static/js/recipe.js HTTP/1.1" 404 1896
[2025-05-06 20:31:18,206] WARNING [10916] basehttp "GET /static/path/to/custom.css HTTP/1.1" 404 1914
[2025-05-06 20:31:18,208] WARNING [10916] basehttp "GET /static/path/to/custom.js HTTP/1.1" 404 1911
[2025-05-06 20:31:25,515] WARNING [10916] basehttp "GET /static/path/to/custom.css HTTP/1.1" 404 1914
[2025-05-06 20:31:25,516] WARNING [10916] basehttp "GET /static/path/to/custom.js HTTP/1.1" 404 1911
[2025-05-06 20:31:27,018] WARNING [10916] basehttp "GET /static/path/to/custom.css HTTP/1.1" 404 1914
[2025-05-06 20:31:27,018] WARNING [10916] basehttp "GET /static/path/to/custom.js HTTP/1.1" 404 1911
[2025-05-06 20:34:42,271] WARNING [8284] basehttp "GET /static/path/to/custom.css HTTP/1.1" 404 1914
[2025-05-06 20:34:42,287] WARNING [8284] basehttp "GET /static/path/to/custom.js HTTP/1.1" 404 1911
[2025-05-06 20:34:43,329] WARNING [8284] basehttp "GET /static/path/to/custom.css HTTP/1.1" 404 1914
[2025-05-06 20:34:43,333] WARNING [8284] basehttp "GET /static/path/to/custom.js HTTP/1.1" 404 1911
[2025-05-06 20:34:48,108] WARNING [8284] basehttp "GET /static/path/to/custom.css HTTP/1.1" 404 1914
[2025-05-06 20:34:48,130] WARNING [8284] basehttp "GET /static/path/to/custom.js HTTP/1.1" 404 1911
[2025-05-06 20:34:51,877] WARNING [8284] basehttp "GET /static/path/to/custom.css HTTP/1.1" 404 1914
[2025-05-06 20:34:51,881] WARNING [8284] basehttp "GET /static/path/to/custom.js HTTP/1.1" 404 1911
[2025-05-06 20:34:55,162] WARNING [8284] basehttp "GET /static/path/to/custom.css HTTP/1.1" 404 1914
[2025-05-06 20:34:55,167] WARNING [8284] basehttp "GET /static/path/to/custom.js HTTP/1.1" 404 1911
[2025-05-06 20:35:21,987] WARNING [8240] basehttp "GET /static/path/to/custom.css HTTP/1.1" 404 1914
[2025-05-06 20:35:21,991] WARNING [8240] basehttp "GET /static/path/to/custom.js HTTP/1.1" 404 1911
[2025-05-06 20:35:23,145] WARNING [8240] basehttp "GET /static/path/to/custom.css HTTP/1.1" 404 1914
[2025-05-06 20:35:23,149] WARNING [8240] basehttp "GET /static/path/to/custom.js HTTP/1.1" 404 1911
[2025-05-06 20:37:00,116] WARNING [7768] basehttp "GET /static/path/to/custom.css HTTP/1.1" 404 1914
[2025-05-06 20:37:00,116] WARNING [7768] basehttp "GET /static/path/to/custom.js HTTP/1.1" 404 1911
[2025-05-06 20:39:32,493] WARNING [5756] basehttp "GET /static/path/to/custom.css HTTP/1.1" 404 1914
[2025-05-06 20:39:32,572] WARNING [5756] basehttp "GET /static/path/to/custom.js HTTP/1.1" 404 1911
[2025-05-06 20:39:42,670] WARNING [5756] basehttp "GET /static/path/to/custom.css HTTP/1.1" 404 1914
[2025-05-06 20:39:42,672] WARNING [5756] basehttp "GET /static/path/to/custom.js HTTP/1.1" 404 1911
[2025-05-06 20:39:46,241] WARNING [5756] basehttp "GET /static/path/to/custom.css HTTP/1.1" 404 1914
[2025-05-06 20:39:46,244] WARNING [5756] basehttp "GET /static/path/to/custom.js HTTP/1.1" 404 1911
[2025-05-06 20:39:47,894] WARNING [5756] basehttp "GET /static/path/to/custom.css HTTP/1.1" 404 1914
[2025-05-06 20:39:47,908] WARNING [5756] basehttp "GET /static/path/to/custom.js HTTP/1.1" 404 1911
[2025-05-06 20:40:13,905] WARNING [5756] basehttp "GET /static/path/to/custom.css HTTP/1.1" 404 1914
[2025-05-06 20:40:13,907] WARNING [5756] basehttp "GET /static/path/to/custom.js HTTP/1.1" 404 1911
[2025-05-06 20:40:16,638] WARNING [5756] basehttp "GET /static/path/to/custom.css HTTP/1.1" 404 1914
[2025-05-06 20:40:16,644] WARNING [5756] basehttp "GET /static/path/to/custom.js HTTP/1.1" 404 1911
[2025-05-06 20:40:36,349] WARNING [9716] basehttp "GET /static/path/to/custom.css HTTP/1.1" 404 1914
[2025-05-06 20:40:36,354] WARNING [9716] basehttp "GET /static/path/to/custom.js HTTP/1.1" 404 1911
[2025-05-06 20:40:37,343] WARNING [9716] basehttp "GET /static/path/to/custom.css HTTP/1.1" 404 1914
[2025-05-06 20:40:37,346] WARNING [9716] basehttp "GET /static/path/to/custom.js HTTP/1.1" 404 1911
[2025-05-06 20:40:44,463] WARNING [9716] basehttp "GET /static/path/to/custom.css HTTP/1.1" 404 1914
[2025-05-06 20:40:44,464] WARNING [9716] basehttp "GET /static/path/to/custom.js HTTP/1.1" 404 1911
[2025-05-06 20:40:58,993] WARNING [9716] basehttp "GET /static/path/to/custom.css HTTP/1.1" 404 1914
[2025-05-06 20:40:59,006] WARNING [9716] basehttp "GET /static/path/to/custom.js HTTP/1.1" 404 1911
[2025-05-06 20:42:31,759] WARNING [12012] basehttp "GET /static/path/to/custom.css HTTP/1.1" 404 1914
[2025-05-06 20:42:31,855] WARNING [12012] basehttp "GET /static/path/to/custom.js HTTP/1.1" 404 1911
[2025-05-06 20:42:54,246] WARNING [10484] basehttp "GET /static/path/to/custom.css HTTP/1.1" 404 1914
[2025-05-06 20:42:54,249] WARNING [10484] basehttp "GET /static/path/to/custom.js HTTP/1.1" 404 1911
[2025-05-06 20:42:55,193] WARNING [10484] basehttp "GET /static/path/to/custom.css HTTP/1.1" 404 1914
[2025-05-06 20:42:55,196] WARNING [10484] basehttp "GET /static/path/to/custom.js HTTP/1.1" 404 1911
[2025-05-06 20:43:04,539] WARNING [10484] basehttp "GET /static/path/to/custom.css HTTP/1.1" 404 1914
[2025-05-06 20:43:04,543] WARNING [10484] basehttp "GET /static/path/to/custom.js HTTP/1.1" 404 1911
[2025-05-06 20:43:09,171] WARNING [10484] basehttp "GET /static/path/to/custom.css HTTP/1.1" 404 1914
[2025-05-06 20:43:09,176] WARNING [10484] basehttp "GET /static/path/to/custom.js HTTP/1.1" 404 1911
[2025-05-06 20:43:12,751] WARNING [10484] basehttp "GET /static/path/to/custom.css HTTP/1.1" 404 1914
[2025-05-06 20:43:12,754] WARNING [10484] basehttp "GET /static/path/to/custom.js HTTP/1.1" 404 1911
[2025-05-06 20:43:18,596] WARNING [10484] basehttp "GET /static/path/to/custom.css HTTP/1.1" 404 1914
[2025-05-06 20:43:18,600] WARNING [10484] basehttp "GET /static/path/to/custom.js HTTP/1.1" 404 1911
[2025-05-06 20:43:22,288] WARNING [10484] basehttp "GET /static/path/to/custom.css HTTP/1.1" 404 1914
[2025-05-06 20:43:22,302] WARNING [10484] basehttp "GET /static/path/to/custom.js HTTP/1.1" 404 1911
[2025-05-06 20:43:34,930] WARNING [10484] basehttp "GET /static/path/to/custom.css HTTP/1.1" 404 1914
[2025-05-06 20:43:34,931] WARNING [10484] basehttp "GET /static/path/to/custom.js HTTP/1.1" 404 1911
[2025-05-06 20:43:37,303] WARNING [10484] basehttp "GET /static/path/to/custom.css HTTP/1.1" 404 1914
[2025-05-06 20:43:37,306] WARNING [10484] basehttp "GET /static/path/to/custom.js HTTP/1.1" 404 1911
[2025-05-06 20:45:35,002] WARNING [11348] basehttp "GET /static/path/to/custom.css HTTP/1.1" 404 1914
[2025-05-06 20:45:35,097] WARNING [11348] basehttp "GET /static/path/to/custom.js HTTP/1.1" 404 1911
[2025-05-06 20:46:12,727] WARNING [11348] basehttp "GET /static/path/to/custom.css HTTP/1.1" 404 1914
[2025-05-06 20:46:12,731] WARNING [11348] basehttp "GET /static/path/to/custom.js HTTP/1.1" 404 1911
[2025-05-06 20:46:48,868] WARNING [11576] basehttp "GET /static/path/to/custom.css HTTP/1.1" 404 1914
[2025-05-06 20:46:48,873] WARNING [11576] basehttp "GET /static/path/to/custom.js HTTP/1.1" 404 1911
