{"asctime": "2025-05-02 22:46:04,182", "levelname": "INFO", "process": 68, "module": "views", "message": "User logged in", "pathname": "D:\\Django Practice\\core\\vege\\views.py", "funcName": "<module>", "lineno": 7}
{"asctime": "2025-05-02 22:46:04,184", "levelname": "WARNING", "process": 68, "module": "views", "message": "API response slow", "pathname": "D:\\Django Practice\\core\\vege\\views.py", "funcName": "<module>", "lineno": 8}
{"asctime": "2025-05-02 22:46:04,185", "levelname": "ERROR", "process": 68, "module": "views", "message": "Payment failed", "pathname": "D:\\Django Practice\\core\\vege\\views.py", "funcName": "<module>", "lineno": 9}
{"asctime": "2025-05-02 22:46:04,186", "levelname": "CRITICAL", "process": 68, "module": "views", "message": "Database down", "pathname": "D:\\Django Practice\\core\\vege\\views.py", "funcName": "<module>", "lineno": 10}
{"asctime": "2025-05-02 22:46:04,215", "levelname": "INFO", "process": 68, "module": "accounts_views_imports", "message": "User logged in", "pathname": "D:\\Django Practice\\core\\accounts\\accounts_views_imports.py", "funcName": "<module>", "lineno": 48}
{"asctime": "2025-05-02 22:46:04,217", "levelname": "WARNING", "process": 68, "module": "accounts_views_imports", "message": "API response slow", "pathname": "D:\\Django Practice\\core\\accounts\\accounts_views_imports.py", "funcName": "<module>", "lineno": 49}
{"asctime": "2025-05-02 22:46:04,218", "levelname": "ERROR", "process": 68, "module": "accounts_views_imports", "message": "Payment failed", "pathname": "D:\\Django Practice\\core\\accounts\\accounts_views_imports.py", "funcName": "<module>", "lineno": 50}
{"asctime": "2025-05-02 22:46:04,219", "levelname": "CRITICAL", "process": 68, "module": "accounts_views_imports", "message": "Database down", "pathname": "D:\\Django Practice\\core\\accounts\\accounts_views_imports.py", "funcName": "<module>", "lineno": 51}
{"asctime": "2025-05-02 22:47:43,533", "levelname": "INFO", "process": 8128, "module": "views", "message": "User logged in", "pathname": "D:\\Django Practice\\core\\vege\\views.py", "funcName": "<module>", "lineno": 7}
{"asctime": "2025-05-02 22:47:43,533", "levelname": "WARNING", "process": 8128, "module": "views", "message": "API response slow", "pathname": "D:\\Django Practice\\core\\vege\\views.py", "funcName": "<module>", "lineno": 8}
{"asctime": "2025-05-02 22:47:43,533", "levelname": "ERROR", "process": 8128, "module": "views", "message": "Payment failed", "pathname": "D:\\Django Practice\\core\\vege\\views.py", "funcName": "<module>", "lineno": 9}
{"asctime": "2025-05-02 22:47:43,533", "levelname": "CRITICAL", "process": 8128, "module": "views", "message": "Database down", "pathname": "D:\\Django Practice\\core\\vege\\views.py", "funcName": "<module>", "lineno": 10}
{"asctime": "2025-05-02 22:47:43,580", "levelname": "INFO", "process": 8128, "module": "accounts_views_imports", "message": "User logged in", "pathname": "D:\\Django Practice\\core\\accounts\\accounts_views_imports.py", "funcName": "<module>", "lineno": 48}
{"asctime": "2025-05-02 22:47:43,580", "levelname": "WARNING", "process": 8128, "module": "accounts_views_imports", "message": "API response slow", "pathname": "D:\\Django Practice\\core\\accounts\\accounts_views_imports.py", "funcName": "<module>", "lineno": 49}
{"asctime": "2025-05-02 22:47:43,580", "levelname": "ERROR", "process": 8128, "module": "accounts_views_imports", "message": "Payment failed", "pathname": "D:\\Django Practice\\core\\accounts\\accounts_views_imports.py", "funcName": "<module>", "lineno": 50}
{"asctime": "2025-05-02 22:47:43,580", "levelname": "CRITICAL", "process": 8128, "module": "accounts_views_imports", "message": "Database down", "pathname": "D:\\Django Practice\\core\\accounts\\accounts_views_imports.py", "funcName": "<module>", "lineno": 51}
{"asctime": "2025-05-02 22:48:36,499", "levelname": "INFO", "process": 5560, "module": "views", "message": "User logged in", "pathname": "D:\\Django Practice\\core\\vege\\views.py", "funcName": "<module>", "lineno": 7}
{"asctime": "2025-05-02 22:48:36,515", "levelname": "WARNING", "process": 5560, "module": "views", "message": "API response slow", "pathname": "D:\\Django Practice\\core\\vege\\views.py", "funcName": "<module>", "lineno": 8}
{"asctime": "2025-05-02 22:48:36,515", "levelname": "ERROR", "process": 5560, "module": "views", "message": "Payment failed", "pathname": "D:\\Django Practice\\core\\vege\\views.py", "funcName": "<module>", "lineno": 9}
{"asctime": "2025-05-02 22:48:36,515", "levelname": "CRITICAL", "process": 5560, "module": "views", "message": "Database down", "pathname": "D:\\Django Practice\\core\\vege\\views.py", "funcName": "<module>", "lineno": 10}
{"asctime": "2025-05-02 22:48:36,546", "levelname": "INFO", "process": 5560, "module": "accounts_views_imports", "message": "User logged in", "pathname": "D:\\Django Practice\\core\\accounts\\accounts_views_imports.py", "funcName": "<module>", "lineno": 48}
{"asctime": "2025-05-02 22:48:36,546", "levelname": "WARNING", "process": 5560, "module": "accounts_views_imports", "message": "API response slow", "pathname": "D:\\Django Practice\\core\\accounts\\accounts_views_imports.py", "funcName": "<module>", "lineno": 49}
{"asctime": "2025-05-02 22:48:36,546", "levelname": "ERROR", "process": 5560, "module": "accounts_views_imports", "message": "Payment failed", "pathname": "D:\\Django Practice\\core\\accounts\\accounts_views_imports.py", "funcName": "<module>", "lineno": 50}
{"asctime": "2025-05-02 22:48:36,546", "levelname": "CRITICAL", "process": 5560, "module": "accounts_views_imports", "message": "Database down", "pathname": "D:\\Django Practice\\core\\accounts\\accounts_views_imports.py", "funcName": "<module>", "lineno": 51}
{"asctime": "2025-05-03 01:23:48,440", "levelname": "INFO", "process": 2392, "module": "views", "message": "User logged in", "pathname": "D:\\Django Practice\\core\\vege\\views.py", "funcName": "<module>", "lineno": 7}
{"asctime": "2025-05-03 01:23:48,440", "levelname": "WARNING", "process": 2392, "module": "views", "message": "API response slow", "pathname": "D:\\Django Practice\\core\\vege\\views.py", "funcName": "<module>", "lineno": 8}
{"asctime": "2025-05-03 01:23:48,455", "levelname": "ERROR", "process": 2392, "module": "views", "message": "Payment failed", "pathname": "D:\\Django Practice\\core\\vege\\views.py", "funcName": "<module>", "lineno": 9}
{"asctime": "2025-05-03 01:23:48,455", "levelname": "CRITICAL", "process": 2392, "module": "views", "message": "Database down", "pathname": "D:\\Django Practice\\core\\vege\\views.py", "funcName": "<module>", "lineno": 10}
{"asctime": "2025-05-03 01:23:48,471", "levelname": "INFO", "process": 2392, "module": "accounts_views_imports", "message": "User logged in", "pathname": "D:\\Django Practice\\core\\accounts\\accounts_views_imports.py", "funcName": "<module>", "lineno": 48}
{"asctime": "2025-05-03 01:23:48,471", "levelname": "WARNING", "process": 2392, "module": "accounts_views_imports", "message": "API response slow", "pathname": "D:\\Django Practice\\core\\accounts\\accounts_views_imports.py", "funcName": "<module>", "lineno": 49}
{"asctime": "2025-05-03 01:23:48,471", "levelname": "ERROR", "process": 2392, "module": "accounts_views_imports", "message": "Payment failed", "pathname": "D:\\Django Practice\\core\\accounts\\accounts_views_imports.py", "funcName": "<module>", "lineno": 50}
{"asctime": "2025-05-03 01:23:48,471", "levelname": "CRITICAL", "process": 2392, "module": "accounts_views_imports", "message": "Database down", "pathname": "D:\\Django Practice\\core\\accounts\\accounts_views_imports.py", "funcName": "<module>", "lineno": 51}
{"asctime": "2025-05-03 01:35:26,637", "levelname": "INFO", "process": 7296, "module": "views", "message": "User logged in", "pathname": "D:\\Django Practice\\core\\vege\\views.py", "funcName": "<module>", "lineno": 7}
{"asctime": "2025-05-03 01:35:26,639", "levelname": "WARNING", "process": 7296, "module": "views", "message": "API response slow", "pathname": "D:\\Django Practice\\core\\vege\\views.py", "funcName": "<module>", "lineno": 8}
{"asctime": "2025-05-03 01:35:26,641", "levelname": "ERROR", "process": 7296, "module": "views", "message": "Payment failed", "pathname": "D:\\Django Practice\\core\\vege\\views.py", "funcName": "<module>", "lineno": 9}
{"asctime": "2025-05-03 01:35:26,642", "levelname": "CRITICAL", "process": 7296, "module": "views", "message": "Database down", "pathname": "D:\\Django Practice\\core\\vege\\views.py", "funcName": "<module>", "lineno": 10}
{"asctime": "2025-05-03 01:35:26,660", "levelname": "INFO", "process": 7296, "module": "accounts_views_imports", "message": "User logged in", "pathname": "D:\\Django Practice\\core\\accounts\\accounts_views_imports.py", "funcName": "<module>", "lineno": 48}
{"asctime": "2025-05-03 01:35:26,661", "levelname": "WARNING", "process": 7296, "module": "accounts_views_imports", "message": "API response slow", "pathname": "D:\\Django Practice\\core\\accounts\\accounts_views_imports.py", "funcName": "<module>", "lineno": 49}
{"asctime": "2025-05-03 01:35:26,661", "levelname": "ERROR", "process": 7296, "module": "accounts_views_imports", "message": "Payment failed", "pathname": "D:\\Django Practice\\core\\accounts\\accounts_views_imports.py", "funcName": "<module>", "lineno": 50}
{"asctime": "2025-05-03 01:35:26,662", "levelname": "CRITICAL", "process": 7296, "module": "accounts_views_imports", "message": "Database down", "pathname": "D:\\Django Practice\\core\\accounts\\accounts_views_imports.py", "funcName": "<module>", "lineno": 51}
{"asctime": "2025-05-03 01:36:40,277", "levelname": "INFO", "process": 13284, "module": "views", "message": "User logged in", "pathname": "D:\\Django Practice\\core\\vege\\views.py", "funcName": "<module>", "lineno": 7}
{"asctime": "2025-05-03 01:36:40,277", "levelname": "WARNING", "process": 13284, "module": "views", "message": "API response slow", "pathname": "D:\\Django Practice\\core\\vege\\views.py", "funcName": "<module>", "lineno": 8}
{"asctime": "2025-05-03 01:36:40,277", "levelname": "ERROR", "process": 13284, "module": "views", "message": "Payment failed", "pathname": "D:\\Django Practice\\core\\vege\\views.py", "funcName": "<module>", "lineno": 9}
{"asctime": "2025-05-03 01:36:40,277", "levelname": "CRITICAL", "process": 13284, "module": "views", "message": "Database down", "pathname": "D:\\Django Practice\\core\\vege\\views.py", "funcName": "<module>", "lineno": 10}
{"asctime": "2025-05-03 01:36:40,293", "levelname": "INFO", "process": 13284, "module": "accounts_views_imports", "message": "User logged in", "pathname": "D:\\Django Practice\\core\\accounts\\accounts_views_imports.py", "funcName": "<module>", "lineno": 48}
{"asctime": "2025-05-03 01:36:40,293", "levelname": "WARNING", "process": 13284, "module": "accounts_views_imports", "message": "API response slow", "pathname": "D:\\Django Practice\\core\\accounts\\accounts_views_imports.py", "funcName": "<module>", "lineno": 49}
{"asctime": "2025-05-03 01:36:40,309", "levelname": "ERROR", "process": 13284, "module": "accounts_views_imports", "message": "Payment failed", "pathname": "D:\\Django Practice\\core\\accounts\\accounts_views_imports.py", "funcName": "<module>", "lineno": 50}
{"asctime": "2025-05-03 01:36:40,309", "levelname": "CRITICAL", "process": 13284, "module": "accounts_views_imports", "message": "Database down", "pathname": "D:\\Django Practice\\core\\accounts\\accounts_views_imports.py", "funcName": "<module>", "lineno": 51}
{"asctime": "2025-05-03 01:44:58,183", "levelname": "INFO", "process": 13188, "module": "views", "message": "User logged in", "pathname": "D:\\Django Practice\\core\\vege\\views.py", "funcName": "<module>", "lineno": 7}
{"asctime": "2025-05-03 01:44:58,185", "levelname": "WARNING", "process": 13188, "module": "views", "message": "API response slow", "pathname": "D:\\Django Practice\\core\\vege\\views.py", "funcName": "<module>", "lineno": 8}
{"asctime": "2025-05-03 01:44:58,186", "levelname": "ERROR", "process": 13188, "module": "views", "message": "Payment failed", "pathname": "D:\\Django Practice\\core\\vege\\views.py", "funcName": "<module>", "lineno": 9}
{"asctime": "2025-05-03 01:44:58,187", "levelname": "CRITICAL", "process": 13188, "module": "views", "message": "Database down", "pathname": "D:\\Django Practice\\core\\vege\\views.py", "funcName": "<module>", "lineno": 10}
{"asctime": "2025-05-03 01:44:58,207", "levelname": "INFO", "process": 13188, "module": "accounts_views_imports", "message": "User logged in", "pathname": "D:\\Django Practice\\core\\accounts\\accounts_views_imports.py", "funcName": "<module>", "lineno": 48}
{"asctime": "2025-05-03 01:44:58,208", "levelname": "WARNING", "process": 13188, "module": "accounts_views_imports", "message": "API response slow", "pathname": "D:\\Django Practice\\core\\accounts\\accounts_views_imports.py", "funcName": "<module>", "lineno": 49}
{"asctime": "2025-05-03 01:44:58,209", "levelname": "ERROR", "process": 13188, "module": "accounts_views_imports", "message": "Payment failed", "pathname": "D:\\Django Practice\\core\\accounts\\accounts_views_imports.py", "funcName": "<module>", "lineno": 50}
{"asctime": "2025-05-03 01:44:58,210", "levelname": "CRITICAL", "process": 13188, "module": "accounts_views_imports", "message": "Database down", "pathname": "D:\\Django Practice\\core\\accounts\\accounts_views_imports.py", "funcName": "<module>", "lineno": 51}
{"asctime": "2025-05-03 01:45:24,940", "levelname": "INFO", "process": 11196, "module": "views", "message": "User logged in", "pathname": "D:\\Django Practice\\core\\vege\\views.py", "funcName": "<module>", "lineno": 7}
{"asctime": "2025-05-03 01:45:24,942", "levelname": "WARNING", "process": 11196, "module": "views", "message": "API response slow", "pathname": "D:\\Django Practice\\core\\vege\\views.py", "funcName": "<module>", "lineno": 8}
{"asctime": "2025-05-03 01:45:24,944", "levelname": "ERROR", "process": 11196, "module": "views", "message": "Payment failed", "pathname": "D:\\Django Practice\\core\\vege\\views.py", "funcName": "<module>", "lineno": 9}
{"asctime": "2025-05-03 01:45:24,945", "levelname": "CRITICAL", "process": 11196, "module": "views", "message": "Database down", "pathname": "D:\\Django Practice\\core\\vege\\views.py", "funcName": "<module>", "lineno": 10}
{"asctime": "2025-05-03 01:45:24,966", "levelname": "INFO", "process": 11196, "module": "accounts_views_imports", "message": "User logged in", "pathname": "D:\\Django Practice\\core\\accounts\\accounts_views_imports.py", "funcName": "<module>", "lineno": 48}
{"asctime": "2025-05-03 01:45:24,967", "levelname": "WARNING", "process": 11196, "module": "accounts_views_imports", "message": "API response slow", "pathname": "D:\\Django Practice\\core\\accounts\\accounts_views_imports.py", "funcName": "<module>", "lineno": 49}
{"asctime": "2025-05-03 01:45:24,968", "levelname": "ERROR", "process": 11196, "module": "accounts_views_imports", "message": "Payment failed", "pathname": "D:\\Django Practice\\core\\accounts\\accounts_views_imports.py", "funcName": "<module>", "lineno": 50}
{"asctime": "2025-05-03 01:45:24,969", "levelname": "CRITICAL", "process": 11196, "module": "accounts_views_imports", "message": "Database down", "pathname": "D:\\Django Practice\\core\\accounts\\accounts_views_imports.py", "funcName": "<module>", "lineno": 51}
{"asctime": "2025-05-03 02:04:20,574", "levelname": "INFO", "process": 11968, "module": "views", "message": "User logged in", "pathname": "D:\\Django Practice\\core\\vege\\views.py", "funcName": "<module>", "lineno": 7}
{"asctime": "2025-05-03 02:04:20,576", "levelname": "WARNING", "process": 11968, "module": "views", "message": "API response slow", "pathname": "D:\\Django Practice\\core\\vege\\views.py", "funcName": "<module>", "lineno": 8}
{"asctime": "2025-05-03 02:04:20,577", "levelname": "ERROR", "process": 11968, "module": "views", "message": "Payment failed", "pathname": "D:\\Django Practice\\core\\vege\\views.py", "funcName": "<module>", "lineno": 9}
{"asctime": "2025-05-03 02:04:20,578", "levelname": "CRITICAL", "process": 11968, "module": "views", "message": "Database down", "pathname": "D:\\Django Practice\\core\\vege\\views.py", "funcName": "<module>", "lineno": 10}
{"asctime": "2025-05-03 02:04:20,596", "levelname": "INFO", "process": 11968, "module": "accounts_views_imports", "message": "User logged in", "pathname": "D:\\Django Practice\\core\\accounts\\accounts_views_imports.py", "funcName": "<module>", "lineno": 48}
{"asctime": "2025-05-03 02:04:20,597", "levelname": "WARNING", "process": 11968, "module": "accounts_views_imports", "message": "API response slow", "pathname": "D:\\Django Practice\\core\\accounts\\accounts_views_imports.py", "funcName": "<module>", "lineno": 49}
{"asctime": "2025-05-03 02:04:20,598", "levelname": "ERROR", "process": 11968, "module": "accounts_views_imports", "message": "Payment failed", "pathname": "D:\\Django Practice\\core\\accounts\\accounts_views_imports.py", "funcName": "<module>", "lineno": 50}
{"asctime": "2025-05-03 02:04:20,598", "levelname": "CRITICAL", "process": 11968, "module": "accounts_views_imports", "message": "Database down", "pathname": "D:\\Django Practice\\core\\accounts\\accounts_views_imports.py", "funcName": "<module>", "lineno": 51}
{"asctime": "2025-05-03 02:06:09,187", "levelname": "INFO", "process": 3432, "module": "views", "message": "User logged in", "pathname": "D:\\Django Practice\\core\\vege\\views.py", "funcName": "<module>", "lineno": 7}
{"asctime": "2025-05-03 02:06:09,189", "levelname": "WARNING", "process": 3432, "module": "views", "message": "API response slow", "pathname": "D:\\Django Practice\\core\\vege\\views.py", "funcName": "<module>", "lineno": 8}
{"asctime": "2025-05-03 02:06:09,191", "levelname": "ERROR", "process": 3432, "module": "views", "message": "Payment failed", "pathname": "D:\\Django Practice\\core\\vege\\views.py", "funcName": "<module>", "lineno": 9}
{"asctime": "2025-05-03 02:06:09,191", "levelname": "CRITICAL", "process": 3432, "module": "views", "message": "Database down", "pathname": "D:\\Django Practice\\core\\vege\\views.py", "funcName": "<module>", "lineno": 10}
{"asctime": "2025-05-03 02:06:09,210", "levelname": "INFO", "process": 3432, "module": "accounts_views_imports", "message": "User logged in", "pathname": "D:\\Django Practice\\core\\accounts\\accounts_views_imports.py", "funcName": "<module>", "lineno": 48}
{"asctime": "2025-05-03 02:06:09,211", "levelname": "WARNING", "process": 3432, "module": "accounts_views_imports", "message": "API response slow", "pathname": "D:\\Django Practice\\core\\accounts\\accounts_views_imports.py", "funcName": "<module>", "lineno": 49}
{"asctime": "2025-05-03 02:06:09,212", "levelname": "ERROR", "process": 3432, "module": "accounts_views_imports", "message": "Payment failed", "pathname": "D:\\Django Practice\\core\\accounts\\accounts_views_imports.py", "funcName": "<module>", "lineno": 50}
{"asctime": "2025-05-03 02:06:09,213", "levelname": "CRITICAL", "process": 3432, "module": "accounts_views_imports", "message": "Database down", "pathname": "D:\\Django Practice\\core\\accounts\\accounts_views_imports.py", "funcName": "<module>", "lineno": 51}
{"asctime": "2025-05-03 02:12:21,503", "levelname": "INFO", "process": 12848, "module": "views", "message": "User logged in", "pathname": "D:\\Django Practice\\core\\vege\\views.py", "funcName": "<module>", "lineno": 7}
{"asctime": "2025-05-03 02:12:21,507", "levelname": "WARNING", "process": 12848, "module": "views", "message": "API response slow", "pathname": "D:\\Django Practice\\core\\vege\\views.py", "funcName": "<module>", "lineno": 8}
{"asctime": "2025-05-03 02:12:21,520", "levelname": "ERROR", "process": 12848, "module": "views", "message": "Payment failed", "pathname": "D:\\Django Practice\\core\\vege\\views.py", "funcName": "<module>", "lineno": 9}
{"asctime": "2025-05-03 02:12:21,534", "levelname": "CRITICAL", "process": 12848, "module": "views", "message": "Database down", "pathname": "D:\\Django Practice\\core\\vege\\views.py", "funcName": "<module>", "lineno": 10}
{"asctime": "2025-05-03 02:12:21,584", "levelname": "INFO", "process": 12848, "module": "accounts_views_imports", "message": "User logged in", "pathname": "D:\\Django Practice\\core\\accounts\\accounts_views_imports.py", "funcName": "<module>", "lineno": 48}
{"asctime": "2025-05-03 02:12:21,586", "levelname": "WARNING", "process": 12848, "module": "accounts_views_imports", "message": "API response slow", "pathname": "D:\\Django Practice\\core\\accounts\\accounts_views_imports.py", "funcName": "<module>", "lineno": 49}
{"asctime": "2025-05-03 02:12:21,588", "levelname": "ERROR", "process": 12848, "module": "accounts_views_imports", "message": "Payment failed", "pathname": "D:\\Django Practice\\core\\accounts\\accounts_views_imports.py", "funcName": "<module>", "lineno": 50}
{"asctime": "2025-05-03 02:12:21,589", "levelname": "CRITICAL", "process": 12848, "module": "accounts_views_imports", "message": "Database down", "pathname": "D:\\Django Practice\\core\\accounts\\accounts_views_imports.py", "funcName": "<module>", "lineno": 51}
{"asctime": "2025-05-03 02:13:22,852", "levelname": "INFO", "process": 11776, "module": "views", "message": "User logged in", "pathname": "D:\\Django Practice\\core\\vege\\views.py", "funcName": "<module>", "lineno": 7}
{"asctime": "2025-05-03 02:13:22,852", "levelname": "WARNING", "process": 11776, "module": "views", "message": "API response slow", "pathname": "D:\\Django Practice\\core\\vege\\views.py", "funcName": "<module>", "lineno": 8}
{"asctime": "2025-05-03 02:13:22,852", "levelname": "ERROR", "process": 11776, "module": "views", "message": "Payment failed", "pathname": "D:\\Django Practice\\core\\vege\\views.py", "funcName": "<module>", "lineno": 9}
{"asctime": "2025-05-03 02:13:22,852", "levelname": "CRITICAL", "process": 11776, "module": "views", "message": "Database down", "pathname": "D:\\Django Practice\\core\\vege\\views.py", "funcName": "<module>", "lineno": 10}
{"asctime": "2025-05-03 02:13:22,862", "levelname": "INFO", "process": 11776, "module": "accounts_views_imports", "message": "User logged in", "pathname": "D:\\Django Practice\\core\\accounts\\accounts_views_imports.py", "funcName": "<module>", "lineno": 48}
{"asctime": "2025-05-03 02:13:22,872", "levelname": "WARNING", "process": 11776, "module": "accounts_views_imports", "message": "API response slow", "pathname": "D:\\Django Practice\\core\\accounts\\accounts_views_imports.py", "funcName": "<module>", "lineno": 49}
{"asctime": "2025-05-03 02:13:22,872", "levelname": "ERROR", "process": 11776, "module": "accounts_views_imports", "message": "Payment failed", "pathname": "D:\\Django Practice\\core\\accounts\\accounts_views_imports.py", "funcName": "<module>", "lineno": 50}
{"asctime": "2025-05-03 02:13:22,872", "levelname": "CRITICAL", "process": 11776, "module": "accounts_views_imports", "message": "Database down", "pathname": "D:\\Django Practice\\core\\accounts\\accounts_views_imports.py", "funcName": "<module>", "lineno": 51}
{"asctime": "2025-05-03 02:13:31,532", "levelname": "INFO", "process": 12104, "module": "views", "message": "User logged in", "pathname": "D:\\Django Practice\\core\\vege\\views.py", "funcName": "<module>", "lineno": 7}
{"asctime": "2025-05-03 02:13:31,534", "levelname": "WARNING", "process": 12104, "module": "views", "message": "API response slow", "pathname": "D:\\Django Practice\\core\\vege\\views.py", "funcName": "<module>", "lineno": 8}
{"asctime": "2025-05-03 02:13:31,536", "levelname": "ERROR", "process": 12104, "module": "views", "message": "Payment failed", "pathname": "D:\\Django Practice\\core\\vege\\views.py", "funcName": "<module>", "lineno": 9}
{"asctime": "2025-05-03 02:13:31,537", "levelname": "CRITICAL", "process": 12104, "module": "views", "message": "Database down", "pathname": "D:\\Django Practice\\core\\vege\\views.py", "funcName": "<module>", "lineno": 10}
{"asctime": "2025-05-03 02:13:31,556", "levelname": "INFO", "process": 12104, "module": "accounts_views_imports", "message": "User logged in", "pathname": "D:\\Django Practice\\core\\accounts\\accounts_views_imports.py", "funcName": "<module>", "lineno": 48}
{"asctime": "2025-05-03 02:13:31,557", "levelname": "WARNING", "process": 12104, "module": "accounts_views_imports", "message": "API response slow", "pathname": "D:\\Django Practice\\core\\accounts\\accounts_views_imports.py", "funcName": "<module>", "lineno": 49}
{"asctime": "2025-05-03 02:13:31,560", "levelname": "ERROR", "process": 12104, "module": "accounts_views_imports", "message": "Payment failed", "pathname": "D:\\Django Practice\\core\\accounts\\accounts_views_imports.py", "funcName": "<module>", "lineno": 50}
{"asctime": "2025-05-03 02:13:31,561", "levelname": "CRITICAL", "process": 12104, "module": "accounts_views_imports", "message": "Database down", "pathname": "D:\\Django Practice\\core\\accounts\\accounts_views_imports.py", "funcName": "<module>", "lineno": 51}
{"asctime": "2025-05-03 02:14:20,482", "levelname": "INFO", "process": 7716, "module": "views", "message": "User logged in", "pathname": "D:\\Django Practice\\core\\vege\\views.py", "funcName": "<module>", "lineno": 7}
{"asctime": "2025-05-03 02:14:20,492", "levelname": "WARNING", "process": 7716, "module": "views", "message": "API response slow", "pathname": "D:\\Django Practice\\core\\vege\\views.py", "funcName": "<module>", "lineno": 8}
{"asctime": "2025-05-03 02:14:20,492", "levelname": "ERROR", "process": 7716, "module": "views", "message": "Payment failed", "pathname": "D:\\Django Practice\\core\\vege\\views.py", "funcName": "<module>", "lineno": 9}
{"asctime": "2025-05-03 02:14:20,492", "levelname": "CRITICAL", "process": 7716, "module": "views", "message": "Database down", "pathname": "D:\\Django Practice\\core\\vege\\views.py", "funcName": "<module>", "lineno": 10}
{"asctime": "2025-05-03 02:14:20,512", "levelname": "INFO", "process": 7716, "module": "accounts_views_imports", "message": "User logged in", "pathname": "D:\\Django Practice\\core\\accounts\\accounts_views_imports.py", "funcName": "<module>", "lineno": 48}
{"asctime": "2025-05-03 02:14:20,512", "levelname": "WARNING", "process": 7716, "module": "accounts_views_imports", "message": "API response slow", "pathname": "D:\\Django Practice\\core\\accounts\\accounts_views_imports.py", "funcName": "<module>", "lineno": 49}
{"asctime": "2025-05-03 02:14:20,512", "levelname": "ERROR", "process": 7716, "module": "accounts_views_imports", "message": "Payment failed", "pathname": "D:\\Django Practice\\core\\accounts\\accounts_views_imports.py", "funcName": "<module>", "lineno": 50}
{"asctime": "2025-05-03 02:14:20,512", "levelname": "CRITICAL", "process": 7716, "module": "accounts_views_imports", "message": "Database down", "pathname": "D:\\Django Practice\\core\\accounts\\accounts_views_imports.py", "funcName": "<module>", "lineno": 51}
{"asctime": "2025-05-03 02:14:49,710", "levelname": "INFO", "process": 9988, "module": "views", "message": "User logged in", "pathname": "D:\\Django Practice\\core\\vege\\views.py", "funcName": "<module>", "lineno": 7}
{"asctime": "2025-05-03 02:14:49,711", "levelname": "WARNING", "process": 9988, "module": "views", "message": "API response slow", "pathname": "D:\\Django Practice\\core\\vege\\views.py", "funcName": "<module>", "lineno": 8}
{"asctime": "2025-05-03 02:14:49,714", "levelname": "ERROR", "process": 9988, "module": "views", "message": "Payment failed", "pathname": "D:\\Django Practice\\core\\vege\\views.py", "funcName": "<module>", "lineno": 9}
{"asctime": "2025-05-03 02:14:49,714", "levelname": "CRITICAL", "process": 9988, "module": "views", "message": "Database down", "pathname": "D:\\Django Practice\\core\\vege\\views.py", "funcName": "<module>", "lineno": 10}
{"asctime": "2025-05-03 02:14:49,733", "levelname": "INFO", "process": 9988, "module": "accounts_views_imports", "message": "User logged in", "pathname": "D:\\Django Practice\\core\\accounts\\accounts_views_imports.py", "funcName": "<module>", "lineno": 48}
{"asctime": "2025-05-03 02:14:49,734", "levelname": "WARNING", "process": 9988, "module": "accounts_views_imports", "message": "API response slow", "pathname": "D:\\Django Practice\\core\\accounts\\accounts_views_imports.py", "funcName": "<module>", "lineno": 49}
{"asctime": "2025-05-03 02:14:49,736", "levelname": "ERROR", "process": 9988, "module": "accounts_views_imports", "message": "Payment failed", "pathname": "D:\\Django Practice\\core\\accounts\\accounts_views_imports.py", "funcName": "<module>", "lineno": 50}
{"asctime": "2025-05-03 02:14:49,737", "levelname": "CRITICAL", "process": 9988, "module": "accounts_views_imports", "message": "Database down", "pathname": "D:\\Django Practice\\core\\accounts\\accounts_views_imports.py", "funcName": "<module>", "lineno": 51}
{"asctime": "2025-05-03 02:15:09,539", "levelname": "INFO", "process": 3164, "module": "views", "message": "User logged in", "pathname": "D:\\Django Practice\\core\\vege\\views.py", "funcName": "<module>", "lineno": 7}
{"asctime": "2025-05-03 02:15:09,541", "levelname": "WARNING", "process": 3164, "module": "views", "message": "API response slow", "pathname": "D:\\Django Practice\\core\\vege\\views.py", "funcName": "<module>", "lineno": 8}
{"asctime": "2025-05-03 02:15:09,542", "levelname": "ERROR", "process": 3164, "module": "views", "message": "Payment failed", "pathname": "D:\\Django Practice\\core\\vege\\views.py", "funcName": "<module>", "lineno": 9}
{"asctime": "2025-05-03 02:15:09,543", "levelname": "CRITICAL", "process": 3164, "module": "views", "message": "Database down", "pathname": "D:\\Django Practice\\core\\vege\\views.py", "funcName": "<module>", "lineno": 10}
{"asctime": "2025-05-03 02:15:09,596", "levelname": "INFO", "process": 3164, "module": "accounts_views_imports", "message": "User logged in", "pathname": "D:\\Django Practice\\core\\accounts\\accounts_views_imports.py", "funcName": "<module>", "lineno": 48}
{"asctime": "2025-05-03 02:15:09,598", "levelname": "WARNING", "process": 3164, "module": "accounts_views_imports", "message": "API response slow", "pathname": "D:\\Django Practice\\core\\accounts\\accounts_views_imports.py", "funcName": "<module>", "lineno": 49}
{"asctime": "2025-05-03 02:15:09,600", "levelname": "ERROR", "process": 3164, "module": "accounts_views_imports", "message": "Payment failed", "pathname": "D:\\Django Practice\\core\\accounts\\accounts_views_imports.py", "funcName": "<module>", "lineno": 50}
{"asctime": "2025-05-03 02:15:09,601", "levelname": "CRITICAL", "process": 3164, "module": "accounts_views_imports", "message": "Database down", "pathname": "D:\\Django Practice\\core\\accounts\\accounts_views_imports.py", "funcName": "<module>", "lineno": 51}
{"asctime": "2025-05-03 02:15:26,184", "levelname": "INFO", "process": 12024, "module": "views", "message": "User logged in", "pathname": "D:\\Django Practice\\core\\vege\\views.py", "funcName": "<module>", "lineno": 7}
{"asctime": "2025-05-03 02:15:26,186", "levelname": "WARNING", "process": 12024, "module": "views", "message": "API response slow", "pathname": "D:\\Django Practice\\core\\vege\\views.py", "funcName": "<module>", "lineno": 8}
{"asctime": "2025-05-03 02:15:26,188", "levelname": "ERROR", "process": 12024, "module": "views", "message": "Payment failed", "pathname": "D:\\Django Practice\\core\\vege\\views.py", "funcName": "<module>", "lineno": 9}
{"asctime": "2025-05-03 02:15:26,189", "levelname": "CRITICAL", "process": 12024, "module": "views", "message": "Database down", "pathname": "D:\\Django Practice\\core\\vege\\views.py", "funcName": "<module>", "lineno": 10}
{"asctime": "2025-05-03 02:15:26,225", "levelname": "INFO", "process": 12024, "module": "accounts_views_imports", "message": "User logged in", "pathname": "D:\\Django Practice\\core\\accounts\\accounts_views_imports.py", "funcName": "<module>", "lineno": 48}
{"asctime": "2025-05-03 02:15:26,227", "levelname": "WARNING", "process": 12024, "module": "accounts_views_imports", "message": "API response slow", "pathname": "D:\\Django Practice\\core\\accounts\\accounts_views_imports.py", "funcName": "<module>", "lineno": 49}
{"asctime": "2025-05-03 02:15:26,228", "levelname": "ERROR", "process": 12024, "module": "accounts_views_imports", "message": "Payment failed", "pathname": "D:\\Django Practice\\core\\accounts\\accounts_views_imports.py", "funcName": "<module>", "lineno": 50}
{"asctime": "2025-05-03 02:15:26,229", "levelname": "CRITICAL", "process": 12024, "module": "accounts_views_imports", "message": "Database down", "pathname": "D:\\Django Practice\\core\\accounts\\accounts_views_imports.py", "funcName": "<module>", "lineno": 51}
{"asctime": "2025-05-03 02:20:34,689", "levelname": "INFO", "process": 12528, "module": "views", "message": "User logged in", "pathname": "D:\\Django Practice\\core\\vege\\views.py", "funcName": "<module>", "lineno": 7}
{"asctime": "2025-05-03 02:20:34,691", "levelname": "WARNING", "process": 12528, "module": "views", "message": "API response slow", "pathname": "D:\\Django Practice\\core\\vege\\views.py", "funcName": "<module>", "lineno": 8}
{"asctime": "2025-05-03 02:20:34,692", "levelname": "ERROR", "process": 12528, "module": "views", "message": "Payment failed", "pathname": "D:\\Django Practice\\core\\vege\\views.py", "funcName": "<module>", "lineno": 9}
{"asctime": "2025-05-03 02:20:34,694", "levelname": "CRITICAL", "process": 12528, "module": "views", "message": "Database down", "pathname": "D:\\Django Practice\\core\\vege\\views.py", "funcName": "<module>", "lineno": 10}
{"asctime": "2025-05-03 02:20:34,712", "levelname": "INFO", "process": 12528, "module": "accounts_views_imports", "message": "User logged in", "pathname": "D:\\Django Practice\\core\\accounts\\accounts_views_imports.py", "funcName": "<module>", "lineno": 48}
{"asctime": "2025-05-03 02:20:34,713", "levelname": "WARNING", "process": 12528, "module": "accounts_views_imports", "message": "API response slow", "pathname": "D:\\Django Practice\\core\\accounts\\accounts_views_imports.py", "funcName": "<module>", "lineno": 49}
{"asctime": "2025-05-03 02:20:34,715", "levelname": "ERROR", "process": 12528, "module": "accounts_views_imports", "message": "Payment failed", "pathname": "D:\\Django Practice\\core\\accounts\\accounts_views_imports.py", "funcName": "<module>", "lineno": 50}
{"asctime": "2025-05-03 02:20:34,716", "levelname": "CRITICAL", "process": 12528, "module": "accounts_views_imports", "message": "Database down", "pathname": "D:\\Django Practice\\core\\accounts\\accounts_views_imports.py", "funcName": "<module>", "lineno": 51}
{"asctime": "2025-05-03 02:41:53,836", "levelname": "INFO", "process": 13304, "module": "views", "message": "User logged in", "pathname": "D:\\Django Practice\\core\\vege\\views.py", "funcName": "<module>", "lineno": 7}
{"asctime": "2025-05-03 02:41:53,837", "levelname": "WARNING", "process": 13304, "module": "views", "message": "API response slow", "pathname": "D:\\Django Practice\\core\\vege\\views.py", "funcName": "<module>", "lineno": 8}
{"asctime": "2025-05-03 02:41:53,839", "levelname": "ERROR", "process": 13304, "module": "views", "message": "Payment failed", "pathname": "D:\\Django Practice\\core\\vege\\views.py", "funcName": "<module>", "lineno": 9}
{"asctime": "2025-05-03 02:41:53,840", "levelname": "CRITICAL", "process": 13304, "module": "views", "message": "Database down", "pathname": "D:\\Django Practice\\core\\vege\\views.py", "funcName": "<module>", "lineno": 10}
{"asctime": "2025-05-03 02:41:53,857", "levelname": "INFO", "process": 13304, "module": "accounts_views_imports", "message": "User logged in", "pathname": "D:\\Django Practice\\core\\accounts\\accounts_views_imports.py", "funcName": "<module>", "lineno": 48}
{"asctime": "2025-05-03 02:41:53,858", "levelname": "WARNING", "process": 13304, "module": "accounts_views_imports", "message": "API response slow", "pathname": "D:\\Django Practice\\core\\accounts\\accounts_views_imports.py", "funcName": "<module>", "lineno": 49}
{"asctime": "2025-05-03 02:41:53,859", "levelname": "ERROR", "process": 13304, "module": "accounts_views_imports", "message": "Payment failed", "pathname": "D:\\Django Practice\\core\\accounts\\accounts_views_imports.py", "funcName": "<module>", "lineno": 50}
{"asctime": "2025-05-03 02:41:53,861", "levelname": "CRITICAL", "process": 13304, "module": "accounts_views_imports", "message": "Database down", "pathname": "D:\\Django Practice\\core\\accounts\\accounts_views_imports.py", "funcName": "<module>", "lineno": 51}
{"asctime": "2025-05-03 02:43:41,327", "levelname": "INFO", "process": 11456, "module": "views", "message": "User logged in", "pathname": "D:\\Django Practice\\core\\vege\\views.py", "funcName": "<module>", "lineno": 7}
{"asctime": "2025-05-03 02:43:41,328", "levelname": "WARNING", "process": 11456, "module": "views", "message": "API response slow", "pathname": "D:\\Django Practice\\core\\vege\\views.py", "funcName": "<module>", "lineno": 8}
{"asctime": "2025-05-03 02:43:41,331", "levelname": "ERROR", "process": 11456, "module": "views", "message": "Payment failed", "pathname": "D:\\Django Practice\\core\\vege\\views.py", "funcName": "<module>", "lineno": 9}
{"asctime": "2025-05-03 02:43:41,332", "levelname": "CRITICAL", "process": 11456, "module": "views", "message": "Database down", "pathname": "D:\\Django Practice\\core\\vege\\views.py", "funcName": "<module>", "lineno": 10}
{"asctime": "2025-05-03 02:43:41,351", "levelname": "INFO", "process": 11456, "module": "accounts_views_imports", "message": "User logged in", "pathname": "D:\\Django Practice\\core\\accounts\\accounts_views_imports.py", "funcName": "<module>", "lineno": 48}
{"asctime": "2025-05-03 02:43:41,352", "levelname": "WARNING", "process": 11456, "module": "accounts_views_imports", "message": "API response slow", "pathname": "D:\\Django Practice\\core\\accounts\\accounts_views_imports.py", "funcName": "<module>", "lineno": 49}
{"asctime": "2025-05-03 02:43:41,353", "levelname": "ERROR", "process": 11456, "module": "accounts_views_imports", "message": "Payment failed", "pathname": "D:\\Django Practice\\core\\accounts\\accounts_views_imports.py", "funcName": "<module>", "lineno": 50}
{"asctime": "2025-05-03 02:43:41,353", "levelname": "CRITICAL", "process": 11456, "module": "accounts_views_imports", "message": "Database down", "pathname": "D:\\Django Practice\\core\\accounts\\accounts_views_imports.py", "funcName": "<module>", "lineno": 51}
{"asctime": "2025-05-03 02:45:32,044", "levelname": "INFO", "process": 9060, "module": "views", "message": "User logged in", "pathname": "D:\\Django Practice\\core\\vege\\views.py", "funcName": "<module>", "lineno": 7}
{"asctime": "2025-05-03 02:45:32,044", "levelname": "WARNING", "process": 9060, "module": "views", "message": "API response slow", "pathname": "D:\\Django Practice\\core\\vege\\views.py", "funcName": "<module>", "lineno": 8}
{"asctime": "2025-05-03 02:45:32,044", "levelname": "ERROR", "process": 9060, "module": "views", "message": "Payment failed", "pathname": "D:\\Django Practice\\core\\vege\\views.py", "funcName": "<module>", "lineno": 9}
{"asctime": "2025-05-03 02:45:32,044", "levelname": "CRITICAL", "process": 9060, "module": "views", "message": "Database down", "pathname": "D:\\Django Practice\\core\\vege\\views.py", "funcName": "<module>", "lineno": 10}
{"asctime": "2025-05-03 02:45:32,068", "levelname": "INFO", "process": 9060, "module": "accounts_views_imports", "message": "User logged in", "pathname": "D:\\Django Practice\\core\\accounts\\accounts_views_imports.py", "funcName": "<module>", "lineno": 48}
{"asctime": "2025-05-03 02:45:32,069", "levelname": "WARNING", "process": 9060, "module": "accounts_views_imports", "message": "API response slow", "pathname": "D:\\Django Practice\\core\\accounts\\accounts_views_imports.py", "funcName": "<module>", "lineno": 49}
{"asctime": "2025-05-03 02:45:32,072", "levelname": "ERROR", "process": 9060, "module": "accounts_views_imports", "message": "Payment failed", "pathname": "D:\\Django Practice\\core\\accounts\\accounts_views_imports.py", "funcName": "<module>", "lineno": 50}
{"asctime": "2025-05-03 02:45:32,072", "levelname": "CRITICAL", "process": 9060, "module": "accounts_views_imports", "message": "Database down", "pathname": "D:\\Django Practice\\core\\accounts\\accounts_views_imports.py", "funcName": "<module>", "lineno": 51}
{"asctime": "2025-05-03 02:45:39,180", "levelname": "INFO", "process": 12664, "module": "views", "message": "User logged in", "pathname": "D:\\Django Practice\\core\\vege\\views.py", "funcName": "<module>", "lineno": 7}
{"asctime": "2025-05-03 02:45:39,185", "levelname": "WARNING", "process": 12664, "module": "views", "message": "API response slow", "pathname": "D:\\Django Practice\\core\\vege\\views.py", "funcName": "<module>", "lineno": 8}
{"asctime": "2025-05-03 02:45:39,188", "levelname": "ERROR", "process": 12664, "module": "views", "message": "Payment failed", "pathname": "D:\\Django Practice\\core\\vege\\views.py", "funcName": "<module>", "lineno": 9}
{"asctime": "2025-05-03 02:45:39,190", "levelname": "CRITICAL", "process": 12664, "module": "views", "message": "Database down", "pathname": "D:\\Django Practice\\core\\vege\\views.py", "funcName": "<module>", "lineno": 10}
{"asctime": "2025-05-03 02:45:39,221", "levelname": "INFO", "process": 12664, "module": "accounts_views_imports", "message": "User logged in", "pathname": "D:\\Django Practice\\core\\accounts\\accounts_views_imports.py", "funcName": "<module>", "lineno": 48}
{"asctime": "2025-05-03 02:45:39,225", "levelname": "WARNING", "process": 12664, "module": "accounts_views_imports", "message": "API response slow", "pathname": "D:\\Django Practice\\core\\accounts\\accounts_views_imports.py", "funcName": "<module>", "lineno": 49}
{"asctime": "2025-05-03 02:45:39,225", "levelname": "ERROR", "process": 12664, "module": "accounts_views_imports", "message": "Payment failed", "pathname": "D:\\Django Practice\\core\\accounts\\accounts_views_imports.py", "funcName": "<module>", "lineno": 50}
{"asctime": "2025-05-03 02:45:39,225", "levelname": "CRITICAL", "process": 12664, "module": "accounts_views_imports", "message": "Database down", "pathname": "D:\\Django Practice\\core\\accounts\\accounts_views_imports.py", "funcName": "<module>", "lineno": 51}
{"asctime": "2025-05-03 02:49:04,225", "levelname": "INFO", "process": 6252, "module": "views", "message": "User logged in", "pathname": "D:\\Django Practice\\core\\vege\\views.py", "funcName": "<module>", "lineno": 7}
{"asctime": "2025-05-03 02:49:04,225", "levelname": "WARNING", "process": 6252, "module": "views", "message": "API response slow", "pathname": "D:\\Django Practice\\core\\vege\\views.py", "funcName": "<module>", "lineno": 8}
{"asctime": "2025-05-03 02:49:04,225", "levelname": "ERROR", "process": 6252, "module": "views", "message": "Payment failed", "pathname": "D:\\Django Practice\\core\\vege\\views.py", "funcName": "<module>", "lineno": 9}
{"asctime": "2025-05-03 02:49:04,225", "levelname": "CRITICAL", "process": 6252, "module": "views", "message": "Database down", "pathname": "D:\\Django Practice\\core\\vege\\views.py", "funcName": "<module>", "lineno": 10}
{"asctime": "2025-05-03 02:49:04,245", "levelname": "INFO", "process": 6252, "module": "accounts_views_imports", "message": "User logged in", "pathname": "D:\\Django Practice\\core\\accounts\\accounts_views_imports.py", "funcName": "<module>", "lineno": 48}
{"asctime": "2025-05-03 02:49:04,245", "levelname": "WARNING", "process": 6252, "module": "accounts_views_imports", "message": "API response slow", "pathname": "D:\\Django Practice\\core\\accounts\\accounts_views_imports.py", "funcName": "<module>", "lineno": 49}
{"asctime": "2025-05-03 02:49:04,254", "levelname": "ERROR", "process": 6252, "module": "accounts_views_imports", "message": "Payment failed", "pathname": "D:\\Django Practice\\core\\accounts\\accounts_views_imports.py", "funcName": "<module>", "lineno": 50}
{"asctime": "2025-05-03 02:49:04,256", "levelname": "CRITICAL", "process": 6252, "module": "accounts_views_imports", "message": "Database down", "pathname": "D:\\Django Practice\\core\\accounts\\accounts_views_imports.py", "funcName": "<module>", "lineno": 51}
{"asctime": "2025-05-03 02:53:26,605", "levelname": "INFO", "process": 10468, "module": "views", "message": "User logged in", "pathname": "D:\\Django Practice\\core\\vege\\views.py", "funcName": "<module>", "lineno": 7}
{"asctime": "2025-05-03 02:53:26,605", "levelname": "WARNING", "process": 10468, "module": "views", "message": "API response slow", "pathname": "D:\\Django Practice\\core\\vege\\views.py", "funcName": "<module>", "lineno": 8}
{"asctime": "2025-05-03 02:53:26,605", "levelname": "ERROR", "process": 10468, "module": "views", "message": "Payment failed", "pathname": "D:\\Django Practice\\core\\vege\\views.py", "funcName": "<module>", "lineno": 9}
{"asctime": "2025-05-03 02:53:26,615", "levelname": "CRITICAL", "process": 10468, "module": "views", "message": "Database down", "pathname": "D:\\Django Practice\\core\\vege\\views.py", "funcName": "<module>", "lineno": 10}
{"asctime": "2025-05-03 02:53:26,625", "levelname": "INFO", "process": 10468, "module": "accounts_views_imports", "message": "User logged in", "pathname": "D:\\Django Practice\\core\\accounts\\accounts_views_imports.py", "funcName": "<module>", "lineno": 48}
{"asctime": "2025-05-03 02:53:26,625", "levelname": "WARNING", "process": 10468, "module": "accounts_views_imports", "message": "API response slow", "pathname": "D:\\Django Practice\\core\\accounts\\accounts_views_imports.py", "funcName": "<module>", "lineno": 49}
{"asctime": "2025-05-03 02:53:26,635", "levelname": "ERROR", "process": 10468, "module": "accounts_views_imports", "message": "Payment failed", "pathname": "D:\\Django Practice\\core\\accounts\\accounts_views_imports.py", "funcName": "<module>", "lineno": 50}
{"asctime": "2025-05-03 02:53:26,635", "levelname": "CRITICAL", "process": 10468, "module": "accounts_views_imports", "message": "Database down", "pathname": "D:\\Django Practice\\core\\accounts\\accounts_views_imports.py", "funcName": "<module>", "lineno": 51}
{"asctime": "2025-05-03 02:57:24,512", "levelname": "INFO", "process": 10900, "module": "views", "message": "User logged in", "pathname": "D:\\Django Practice\\core\\vege\\views.py", "funcName": "<module>", "lineno": 7}
{"asctime": "2025-05-03 02:57:24,512", "levelname": "WARNING", "process": 10900, "module": "views", "message": "API response slow", "pathname": "D:\\Django Practice\\core\\vege\\views.py", "funcName": "<module>", "lineno": 8}
{"asctime": "2025-05-03 02:57:24,513", "levelname": "ERROR", "process": 10900, "module": "views", "message": "Payment failed", "pathname": "D:\\Django Practice\\core\\vege\\views.py", "funcName": "<module>", "lineno": 9}
{"asctime": "2025-05-03 02:57:24,514", "levelname": "CRITICAL", "process": 10900, "module": "views", "message": "Database down", "pathname": "D:\\Django Practice\\core\\vege\\views.py", "funcName": "<module>", "lineno": 10}
{"asctime": "2025-05-03 02:57:24,533", "levelname": "INFO", "process": 10900, "module": "accounts_views_imports", "message": "User logged in", "pathname": "D:\\Django Practice\\core\\accounts\\accounts_views_imports.py", "funcName": "<module>", "lineno": 48}
{"asctime": "2025-05-03 02:57:24,535", "levelname": "WARNING", "process": 10900, "module": "accounts_views_imports", "message": "API response slow", "pathname": "D:\\Django Practice\\core\\accounts\\accounts_views_imports.py", "funcName": "<module>", "lineno": 49}
{"asctime": "2025-05-03 02:57:24,537", "levelname": "ERROR", "process": 10900, "module": "accounts_views_imports", "message": "Payment failed", "pathname": "D:\\Django Practice\\core\\accounts\\accounts_views_imports.py", "funcName": "<module>", "lineno": 50}
{"asctime": "2025-05-03 02:57:24,537", "levelname": "CRITICAL", "process": 10900, "module": "accounts_views_imports", "message": "Database down", "pathname": "D:\\Django Practice\\core\\accounts\\accounts_views_imports.py", "funcName": "<module>", "lineno": 51}
{"asctime": "2025-05-03 03:03:16,631", "levelname": "INFO", "process": 3840, "module": "views", "message": "User logged in", "pathname": "D:\\Django Practice\\core\\vege\\views.py", "funcName": "<module>", "lineno": 7}
{"asctime": "2025-05-03 03:03:16,632", "levelname": "WARNING", "process": 3840, "module": "views", "message": "API response slow", "pathname": "D:\\Django Practice\\core\\vege\\views.py", "funcName": "<module>", "lineno": 8}
{"asctime": "2025-05-03 03:03:16,632", "levelname": "ERROR", "process": 3840, "module": "views", "message": "Payment failed", "pathname": "D:\\Django Practice\\core\\vege\\views.py", "funcName": "<module>", "lineno": 9}
{"asctime": "2025-05-03 03:03:16,633", "levelname": "CRITICAL", "process": 3840, "module": "views", "message": "Database down", "pathname": "D:\\Django Practice\\core\\vege\\views.py", "funcName": "<module>", "lineno": 10}
{"asctime": "2025-05-03 03:03:16,681", "levelname": "INFO", "process": 3840, "module": "accounts_views_imports", "message": "User logged in", "pathname": "D:\\Django Practice\\core\\accounts\\accounts_views_imports.py", "funcName": "<module>", "lineno": 48}
{"asctime": "2025-05-03 03:03:16,682", "levelname": "WARNING", "process": 3840, "module": "accounts_views_imports", "message": "API response slow", "pathname": "D:\\Django Practice\\core\\accounts\\accounts_views_imports.py", "funcName": "<module>", "lineno": 49}
{"asctime": "2025-05-03 03:03:16,682", "levelname": "ERROR", "process": 3840, "module": "accounts_views_imports", "message": "Payment failed", "pathname": "D:\\Django Practice\\core\\accounts\\accounts_views_imports.py", "funcName": "<module>", "lineno": 50}
{"asctime": "2025-05-03 03:03:16,683", "levelname": "CRITICAL", "process": 3840, "module": "accounts_views_imports", "message": "Database down", "pathname": "D:\\Django Practice\\core\\accounts\\accounts_views_imports.py", "funcName": "<module>", "lineno": 51}
{"asctime": "2025-05-03 03:03:24,272", "levelname": "INFO", "process": 2620, "module": "views", "message": "User logged in", "pathname": "D:\\Django Practice\\core\\vege\\views.py", "funcName": "<module>", "lineno": 7}
{"asctime": "2025-05-03 03:03:24,272", "levelname": "WARNING", "process": 2620, "module": "views", "message": "API response slow", "pathname": "D:\\Django Practice\\core\\vege\\views.py", "funcName": "<module>", "lineno": 8}
{"asctime": "2025-05-03 03:03:24,273", "levelname": "ERROR", "process": 2620, "module": "views", "message": "Payment failed", "pathname": "D:\\Django Practice\\core\\vege\\views.py", "funcName": "<module>", "lineno": 9}
{"asctime": "2025-05-03 03:03:24,273", "levelname": "CRITICAL", "process": 2620, "module": "views", "message": "Database down", "pathname": "D:\\Django Practice\\core\\vege\\views.py", "funcName": "<module>", "lineno": 10}
{"asctime": "2025-05-03 03:03:24,311", "levelname": "INFO", "process": 2620, "module": "accounts_views_imports", "message": "User logged in", "pathname": "D:\\Django Practice\\core\\accounts\\accounts_views_imports.py", "funcName": "<module>", "lineno": 48}
{"asctime": "2025-05-03 03:03:24,312", "levelname": "WARNING", "process": 2620, "module": "accounts_views_imports", "message": "API response slow", "pathname": "D:\\Django Practice\\core\\accounts\\accounts_views_imports.py", "funcName": "<module>", "lineno": 49}
{"asctime": "2025-05-03 03:03:24,312", "levelname": "ERROR", "process": 2620, "module": "accounts_views_imports", "message": "Payment failed", "pathname": "D:\\Django Practice\\core\\accounts\\accounts_views_imports.py", "funcName": "<module>", "lineno": 50}
{"asctime": "2025-05-03 03:03:24,313", "levelname": "CRITICAL", "process": 2620, "module": "accounts_views_imports", "message": "Database down", "pathname": "D:\\Django Practice\\core\\accounts\\accounts_views_imports.py", "funcName": "<module>", "lineno": 51}
{"asctime": "2025-05-03 03:03:45,740", "levelname": "INFO", "process": 5896, "module": "views", "message": "User logged in", "pathname": "D:\\Django Practice\\core\\vege\\views.py", "funcName": "<module>", "lineno": 7}
{"asctime": "2025-05-03 03:03:45,741", "levelname": "WARNING", "process": 5896, "module": "views", "message": "API response slow", "pathname": "D:\\Django Practice\\core\\vege\\views.py", "funcName": "<module>", "lineno": 8}
{"asctime": "2025-05-03 03:03:45,741", "levelname": "ERROR", "process": 5896, "module": "views", "message": "Payment failed", "pathname": "D:\\Django Practice\\core\\vege\\views.py", "funcName": "<module>", "lineno": 9}
{"asctime": "2025-05-03 03:03:45,742", "levelname": "CRITICAL", "process": 5896, "module": "views", "message": "Database down", "pathname": "D:\\Django Practice\\core\\vege\\views.py", "funcName": "<module>", "lineno": 10}
{"asctime": "2025-05-03 03:03:45,781", "levelname": "INFO", "process": 5896, "module": "accounts_views_imports", "message": "User logged in", "pathname": "D:\\Django Practice\\core\\accounts\\accounts_views_imports.py", "funcName": "<module>", "lineno": 48}
{"asctime": "2025-05-03 03:03:45,782", "levelname": "WARNING", "process": 5896, "module": "accounts_views_imports", "message": "API response slow", "pathname": "D:\\Django Practice\\core\\accounts\\accounts_views_imports.py", "funcName": "<module>", "lineno": 49}
{"asctime": "2025-05-03 03:03:45,783", "levelname": "ERROR", "process": 5896, "module": "accounts_views_imports", "message": "Payment failed", "pathname": "D:\\Django Practice\\core\\accounts\\accounts_views_imports.py", "funcName": "<module>", "lineno": 50}
{"asctime": "2025-05-03 03:03:45,783", "levelname": "CRITICAL", "process": 5896, "module": "accounts_views_imports", "message": "Database down", "pathname": "D:\\Django Practice\\core\\accounts\\accounts_views_imports.py", "funcName": "<module>", "lineno": 51}
{"asctime": "2025-05-03 03:03:51,422", "levelname": "INFO", "process": 12060, "module": "views", "message": "User logged in", "pathname": "D:\\Django Practice\\core\\vege\\views.py", "funcName": "<module>", "lineno": 7}
{"asctime": "2025-05-03 03:03:51,422", "levelname": "WARNING", "process": 12060, "module": "views", "message": "API response slow", "pathname": "D:\\Django Practice\\core\\vege\\views.py", "funcName": "<module>", "lineno": 8}
{"asctime": "2025-05-03 03:03:51,423", "levelname": "ERROR", "process": 12060, "module": "views", "message": "Payment failed", "pathname": "D:\\Django Practice\\core\\vege\\views.py", "funcName": "<module>", "lineno": 9}
{"asctime": "2025-05-03 03:03:51,424", "levelname": "CRITICAL", "process": 12060, "module": "views", "message": "Database down", "pathname": "D:\\Django Practice\\core\\vege\\views.py", "funcName": "<module>", "lineno": 10}
{"asctime": "2025-05-03 03:03:51,464", "levelname": "INFO", "process": 12060, "module": "accounts_views_imports", "message": "User logged in", "pathname": "D:\\Django Practice\\core\\accounts\\accounts_views_imports.py", "funcName": "<module>", "lineno": 48}
{"asctime": "2025-05-03 03:03:51,465", "levelname": "WARNING", "process": 12060, "module": "accounts_views_imports", "message": "API response slow", "pathname": "D:\\Django Practice\\core\\accounts\\accounts_views_imports.py", "funcName": "<module>", "lineno": 49}
{"asctime": "2025-05-03 03:03:51,466", "levelname": "ERROR", "process": 12060, "module": "accounts_views_imports", "message": "Payment failed", "pathname": "D:\\Django Practice\\core\\accounts\\accounts_views_imports.py", "funcName": "<module>", "lineno": 50}
{"asctime": "2025-05-03 03:03:51,466", "levelname": "CRITICAL", "process": 12060, "module": "accounts_views_imports", "message": "Database down", "pathname": "D:\\Django Practice\\core\\accounts\\accounts_views_imports.py", "funcName": "<module>", "lineno": 51}
{"asctime": "2025-05-03 03:03:57,586", "levelname": "INFO", "process": 13148, "module": "views", "message": "User logged in", "pathname": "D:\\Django Practice\\core\\vege\\views.py", "funcName": "<module>", "lineno": 7}
{"asctime": "2025-05-03 03:03:57,586", "levelname": "WARNING", "process": 13148, "module": "views", "message": "API response slow", "pathname": "D:\\Django Practice\\core\\vege\\views.py", "funcName": "<module>", "lineno": 8}
{"asctime": "2025-05-03 03:03:57,587", "levelname": "ERROR", "process": 13148, "module": "views", "message": "Payment failed", "pathname": "D:\\Django Practice\\core\\vege\\views.py", "funcName": "<module>", "lineno": 9}
{"asctime": "2025-05-03 03:03:57,588", "levelname": "CRITICAL", "process": 13148, "module": "views", "message": "Database down", "pathname": "D:\\Django Practice\\core\\vege\\views.py", "funcName": "<module>", "lineno": 10}
{"asctime": "2025-05-03 03:03:57,652", "levelname": "INFO", "process": 13148, "module": "accounts_views_imports", "message": "User logged in", "pathname": "D:\\Django Practice\\core\\accounts\\accounts_views_imports.py", "funcName": "<module>", "lineno": 48}
{"asctime": "2025-05-03 03:03:57,653", "levelname": "WARNING", "process": 13148, "module": "accounts_views_imports", "message": "API response slow", "pathname": "D:\\Django Practice\\core\\accounts\\accounts_views_imports.py", "funcName": "<module>", "lineno": 49}
{"asctime": "2025-05-03 03:03:57,653", "levelname": "ERROR", "process": 13148, "module": "accounts_views_imports", "message": "Payment failed", "pathname": "D:\\Django Practice\\core\\accounts\\accounts_views_imports.py", "funcName": "<module>", "lineno": 50}
{"asctime": "2025-05-03 03:03:57,654", "levelname": "CRITICAL", "process": 13148, "module": "accounts_views_imports", "message": "Database down", "pathname": "D:\\Django Practice\\core\\accounts\\accounts_views_imports.py", "funcName": "<module>", "lineno": 51}
{"asctime": "2025-05-03 03:04:42,970", "levelname": "INFO", "process": 12784, "module": "views", "message": "User logged in", "pathname": "D:\\Django Practice\\core\\vege\\views.py", "funcName": "<module>", "lineno": 7}
{"asctime": "2025-05-03 03:04:42,971", "levelname": "WARNING", "process": 12784, "module": "views", "message": "API response slow", "pathname": "D:\\Django Practice\\core\\vege\\views.py", "funcName": "<module>", "lineno": 8}
{"asctime": "2025-05-03 03:04:42,971", "levelname": "ERROR", "process": 12784, "module": "views", "message": "Payment failed", "pathname": "D:\\Django Practice\\core\\vege\\views.py", "funcName": "<module>", "lineno": 9}
{"asctime": "2025-05-03 03:04:42,973", "levelname": "CRITICAL", "process": 12784, "module": "views", "message": "Database down", "pathname": "D:\\Django Practice\\core\\vege\\views.py", "funcName": "<module>", "lineno": 10}
{"asctime": "2025-05-03 03:04:43,007", "levelname": "INFO", "process": 12784, "module": "accounts_views_imports", "message": "User logged in", "pathname": "D:\\Django Practice\\core\\accounts\\accounts_views_imports.py", "funcName": "<module>", "lineno": 48}
{"asctime": "2025-05-03 03:04:43,008", "levelname": "WARNING", "process": 12784, "module": "accounts_views_imports", "message": "API response slow", "pathname": "D:\\Django Practice\\core\\accounts\\accounts_views_imports.py", "funcName": "<module>", "lineno": 49}
{"asctime": "2025-05-03 03:04:43,010", "levelname": "ERROR", "process": 12784, "module": "accounts_views_imports", "message": "Payment failed", "pathname": "D:\\Django Practice\\core\\accounts\\accounts_views_imports.py", "funcName": "<module>", "lineno": 50}
{"asctime": "2025-05-03 03:04:43,010", "levelname": "CRITICAL", "process": 12784, "module": "accounts_views_imports", "message": "Database down", "pathname": "D:\\Django Practice\\core\\accounts\\accounts_views_imports.py", "funcName": "<module>", "lineno": 51}
{"asctime": "2025-05-03 03:04:48,635", "levelname": "INFO", "process": 7876, "module": "views", "message": "User logged in", "pathname": "D:\\Django Practice\\core\\vege\\views.py", "funcName": "<module>", "lineno": 7}
{"asctime": "2025-05-03 03:04:48,636", "levelname": "WARNING", "process": 7876, "module": "views", "message": "API response slow", "pathname": "D:\\Django Practice\\core\\vege\\views.py", "funcName": "<module>", "lineno": 8}
{"asctime": "2025-05-03 03:04:48,636", "levelname": "ERROR", "process": 7876, "module": "views", "message": "Payment failed", "pathname": "D:\\Django Practice\\core\\vege\\views.py", "funcName": "<module>", "lineno": 9}
{"asctime": "2025-05-03 03:04:48,637", "levelname": "CRITICAL", "process": 7876, "module": "views", "message": "Database down", "pathname": "D:\\Django Practice\\core\\vege\\views.py", "funcName": "<module>", "lineno": 10}
{"asctime": "2025-05-03 03:04:56,864", "levelname": "INFO", "process": 5868, "module": "views", "message": "User logged in", "pathname": "D:\\Django Practice\\core\\vege\\views.py", "funcName": "<module>", "lineno": 7}
{"asctime": "2025-05-03 03:04:56,865", "levelname": "WARNING", "process": 5868, "module": "views", "message": "API response slow", "pathname": "D:\\Django Practice\\core\\vege\\views.py", "funcName": "<module>", "lineno": 8}
{"asctime": "2025-05-03 03:04:56,866", "levelname": "ERROR", "process": 5868, "module": "views", "message": "Payment failed", "pathname": "D:\\Django Practice\\core\\vege\\views.py", "funcName": "<module>", "lineno": 9}
{"asctime": "2025-05-03 03:04:56,866", "levelname": "CRITICAL", "process": 5868, "module": "views", "message": "Database down", "pathname": "D:\\Django Practice\\core\\vege\\views.py", "funcName": "<module>", "lineno": 10}
{"asctime": "2025-05-03 03:04:56,904", "levelname": "INFO", "process": 5868, "module": "accounts_views_imports", "message": "User logged in", "pathname": "D:\\Django Practice\\core\\accounts\\accounts_views_imports.py", "funcName": "<module>", "lineno": 48}
{"asctime": "2025-05-03 03:04:56,905", "levelname": "WARNING", "process": 5868, "module": "accounts_views_imports", "message": "API response slow", "pathname": "D:\\Django Practice\\core\\accounts\\accounts_views_imports.py", "funcName": "<module>", "lineno": 49}
{"asctime": "2025-05-03 03:04:56,905", "levelname": "ERROR", "process": 5868, "module": "accounts_views_imports", "message": "Payment failed", "pathname": "D:\\Django Practice\\core\\accounts\\accounts_views_imports.py", "funcName": "<module>", "lineno": 50}
{"asctime": "2025-05-03 03:04:56,906", "levelname": "CRITICAL", "process": 5868, "module": "accounts_views_imports", "message": "Database down", "pathname": "D:\\Django Practice\\core\\accounts\\accounts_views_imports.py", "funcName": "<module>", "lineno": 51}
{"asctime": "2025-05-03 03:05:05,796", "levelname": "INFO", "process": 3892, "module": "views", "message": "User logged in", "pathname": "D:\\Django Practice\\core\\vege\\views.py", "funcName": "<module>", "lineno": 7}
{"asctime": "2025-05-03 03:05:05,797", "levelname": "WARNING", "process": 3892, "module": "views", "message": "API response slow", "pathname": "D:\\Django Practice\\core\\vege\\views.py", "funcName": "<module>", "lineno": 8}
{"asctime": "2025-05-03 03:05:05,798", "levelname": "ERROR", "process": 3892, "module": "views", "message": "Payment failed", "pathname": "D:\\Django Practice\\core\\vege\\views.py", "funcName": "<module>", "lineno": 9}
{"asctime": "2025-05-03 03:05:05,799", "levelname": "CRITICAL", "process": 3892, "module": "views", "message": "Database down", "pathname": "D:\\Django Practice\\core\\vege\\views.py", "funcName": "<module>", "lineno": 10}
{"asctime": "2025-05-03 03:05:05,835", "levelname": "INFO", "process": 3892, "module": "accounts_views_imports", "message": "User logged in", "pathname": "D:\\Django Practice\\core\\accounts\\accounts_views_imports.py", "funcName": "<module>", "lineno": 48}
{"asctime": "2025-05-03 03:05:05,835", "levelname": "WARNING", "process": 3892, "module": "accounts_views_imports", "message": "API response slow", "pathname": "D:\\Django Practice\\core\\accounts\\accounts_views_imports.py", "funcName": "<module>", "lineno": 49}
{"asctime": "2025-05-03 03:05:05,836", "levelname": "ERROR", "process": 3892, "module": "accounts_views_imports", "message": "Payment failed", "pathname": "D:\\Django Practice\\core\\accounts\\accounts_views_imports.py", "funcName": "<module>", "lineno": 50}
{"asctime": "2025-05-03 03:05:05,837", "levelname": "CRITICAL", "process": 3892, "module": "accounts_views_imports", "message": "Database down", "pathname": "D:\\Django Practice\\core\\accounts\\accounts_views_imports.py", "funcName": "<module>", "lineno": 51}
{"asctime": "2025-05-03 03:10:44,396", "levelname": "INFO", "process": 12844, "module": "views", "message": "User logged in", "pathname": "D:\\Django Practice\\core\\vege\\views.py", "funcName": "<module>", "lineno": 7}
{"asctime": "2025-05-03 03:10:44,396", "levelname": "WARNING", "process": 12844, "module": "views", "message": "API response slow", "pathname": "D:\\Django Practice\\core\\vege\\views.py", "funcName": "<module>", "lineno": 8}
{"asctime": "2025-05-03 03:10:44,396", "levelname": "ERROR", "process": 12844, "module": "views", "message": "Payment failed", "pathname": "D:\\Django Practice\\core\\vege\\views.py", "funcName": "<module>", "lineno": 9}
{"asctime": "2025-05-03 03:10:44,396", "levelname": "CRITICAL", "process": 12844, "module": "views", "message": "Database down", "pathname": "D:\\Django Practice\\core\\vege\\views.py", "funcName": "<module>", "lineno": 10}
{"asctime": "2025-05-03 03:10:44,437", "levelname": "INFO", "process": 12844, "module": "accounts_views_imports", "message": "User logged in", "pathname": "D:\\Django Practice\\core\\accounts\\accounts_views_imports.py", "funcName": "<module>", "lineno": 48}
{"asctime": "2025-05-03 03:10:44,445", "levelname": "WARNING", "process": 12844, "module": "accounts_views_imports", "message": "API response slow", "pathname": "D:\\Django Practice\\core\\accounts\\accounts_views_imports.py", "funcName": "<module>", "lineno": 49}
{"asctime": "2025-05-03 03:10:44,446", "levelname": "ERROR", "process": 12844, "module": "accounts_views_imports", "message": "Payment failed", "pathname": "D:\\Django Practice\\core\\accounts\\accounts_views_imports.py", "funcName": "<module>", "lineno": 50}
{"asctime": "2025-05-03 03:10:44,446", "levelname": "CRITICAL", "process": 12844, "module": "accounts_views_imports", "message": "Database down", "pathname": "D:\\Django Practice\\core\\accounts\\accounts_views_imports.py", "funcName": "<module>", "lineno": 51}
{"asctime": "2025-05-03 03:12:17,727", "levelname": "INFO", "process": 3756, "module": "views", "message": "User logged in", "pathname": "D:\\Django Practice\\core\\vege\\views.py", "funcName": "<module>", "lineno": 7}
{"asctime": "2025-05-03 03:12:17,737", "levelname": "WARNING", "process": 3756, "module": "views", "message": "API response slow", "pathname": "D:\\Django Practice\\core\\vege\\views.py", "funcName": "<module>", "lineno": 8}
{"asctime": "2025-05-03 03:12:17,737", "levelname": "ERROR", "process": 3756, "module": "views", "message": "Payment failed", "pathname": "D:\\Django Practice\\core\\vege\\views.py", "funcName": "<module>", "lineno": 9}
{"asctime": "2025-05-03 03:12:17,737", "levelname": "CRITICAL", "process": 3756, "module": "views", "message": "Database down", "pathname": "D:\\Django Practice\\core\\vege\\views.py", "funcName": "<module>", "lineno": 10}
{"asctime": "2025-05-03 03:12:17,757", "levelname": "INFO", "process": 3756, "module": "accounts_views_imports", "message": "User logged in", "pathname": "D:\\Django Practice\\core\\accounts\\accounts_views_imports.py", "funcName": "<module>", "lineno": 48}
{"asctime": "2025-05-03 03:12:17,757", "levelname": "WARNING", "process": 3756, "module": "accounts_views_imports", "message": "API response slow", "pathname": "D:\\Django Practice\\core\\accounts\\accounts_views_imports.py", "funcName": "<module>", "lineno": 49}
{"asctime": "2025-05-03 03:12:17,757", "levelname": "ERROR", "process": 3756, "module": "accounts_views_imports", "message": "Payment failed", "pathname": "D:\\Django Practice\\core\\accounts\\accounts_views_imports.py", "funcName": "<module>", "lineno": 50}
{"asctime": "2025-05-03 03:12:17,757", "levelname": "CRITICAL", "process": 3756, "module": "accounts_views_imports", "message": "Database down", "pathname": "D:\\Django Practice\\core\\accounts\\accounts_views_imports.py", "funcName": "<module>", "lineno": 51}
{"asctime": "2025-05-03 03:25:57,234", "levelname": "INFO", "process": 9840, "module": "views", "message": "User logged in", "pathname": "D:\\Django Practice\\core\\vege\\views.py", "funcName": "<module>", "lineno": 7}
{"asctime": "2025-05-03 03:25:57,234", "levelname": "WARNING", "process": 9840, "module": "views", "message": "API response slow", "pathname": "D:\\Django Practice\\core\\vege\\views.py", "funcName": "<module>", "lineno": 8}
{"asctime": "2025-05-03 03:25:57,234", "levelname": "ERROR", "process": 9840, "module": "views", "message": "Payment failed", "pathname": "D:\\Django Practice\\core\\vege\\views.py", "funcName": "<module>", "lineno": 9}
{"asctime": "2025-05-03 03:25:57,234", "levelname": "CRITICAL", "process": 9840, "module": "views", "message": "Database down", "pathname": "D:\\Django Practice\\core\\vege\\views.py", "funcName": "<module>", "lineno": 10}
{"asctime": "2025-05-03 03:25:57,250", "levelname": "INFO", "process": 9840, "module": "accounts_views_imports", "message": "User logged in", "pathname": "D:\\Django Practice\\core\\accounts\\accounts_views_imports.py", "funcName": "<module>", "lineno": 48}
{"asctime": "2025-05-03 03:25:57,250", "levelname": "WARNING", "process": 9840, "module": "accounts_views_imports", "message": "API response slow", "pathname": "D:\\Django Practice\\core\\accounts\\accounts_views_imports.py", "funcName": "<module>", "lineno": 49}
{"asctime": "2025-05-03 03:25:57,250", "levelname": "ERROR", "process": 9840, "module": "accounts_views_imports", "message": "Payment failed", "pathname": "D:\\Django Practice\\core\\accounts\\accounts_views_imports.py", "funcName": "<module>", "lineno": 50}
{"asctime": "2025-05-03 03:25:57,250", "levelname": "CRITICAL", "process": 9840, "module": "accounts_views_imports", "message": "Database down", "pathname": "D:\\Django Practice\\core\\accounts\\accounts_views_imports.py", "funcName": "<module>", "lineno": 51}
{"asctime": "2025-05-03 03:31:01,839", "levelname": "INFO", "process": 11996, "module": "views", "message": "User logged in", "pathname": "D:\\Django Practice\\core\\vege\\views.py", "funcName": "<module>", "lineno": 7}
{"asctime": "2025-05-03 03:31:01,841", "levelname": "WARNING", "process": 11996, "module": "views", "message": "API response slow", "pathname": "D:\\Django Practice\\core\\vege\\views.py", "funcName": "<module>", "lineno": 8}
{"asctime": "2025-05-03 03:31:01,841", "levelname": "ERROR", "process": 11996, "module": "views", "message": "Payment failed", "pathname": "D:\\Django Practice\\core\\vege\\views.py", "funcName": "<module>", "lineno": 9}
{"asctime": "2025-05-03 03:31:01,841", "levelname": "CRITICAL", "process": 11996, "module": "views", "message": "Database down", "pathname": "D:\\Django Practice\\core\\vege\\views.py", "funcName": "<module>", "lineno": 10}
{"asctime": "2025-05-03 03:31:01,856", "levelname": "INFO", "process": 11996, "module": "accounts_views_imports", "message": "User logged in", "pathname": "D:\\Django Practice\\core\\accounts\\accounts_views_imports.py", "funcName": "<module>", "lineno": 48}
{"asctime": "2025-05-03 03:31:01,856", "levelname": "WARNING", "process": 11996, "module": "accounts_views_imports", "message": "API response slow", "pathname": "D:\\Django Practice\\core\\accounts\\accounts_views_imports.py", "funcName": "<module>", "lineno": 49}
{"asctime": "2025-05-03 03:31:01,856", "levelname": "ERROR", "process": 11996, "module": "accounts_views_imports", "message": "Payment failed", "pathname": "D:\\Django Practice\\core\\accounts\\accounts_views_imports.py", "funcName": "<module>", "lineno": 50}
{"asctime": "2025-05-03 03:31:01,856", "levelname": "CRITICAL", "process": 11996, "module": "accounts_views_imports", "message": "Database down", "pathname": "D:\\Django Practice\\core\\accounts\\accounts_views_imports.py", "funcName": "<module>", "lineno": 51}
{"asctime": "2025-05-03 03:31:26,056", "levelname": "INFO", "process": 12360, "module": "views", "message": "User logged in", "pathname": "D:\\Django Practice\\core\\vege\\views.py", "funcName": "<module>", "lineno": 7}
{"asctime": "2025-05-03 03:31:26,057", "levelname": "WARNING", "process": 12360, "module": "views", "message": "API response slow", "pathname": "D:\\Django Practice\\core\\vege\\views.py", "funcName": "<module>", "lineno": 8}
{"asctime": "2025-05-03 03:31:26,059", "levelname": "ERROR", "process": 12360, "module": "views", "message": "Payment failed", "pathname": "D:\\Django Practice\\core\\vege\\views.py", "funcName": "<module>", "lineno": 9}
{"asctime": "2025-05-03 03:31:26,060", "levelname": "CRITICAL", "process": 12360, "module": "views", "message": "Database down", "pathname": "D:\\Django Practice\\core\\vege\\views.py", "funcName": "<module>", "lineno": 10}
{"asctime": "2025-05-03 03:31:26,079", "levelname": "INFO", "process": 12360, "module": "accounts_views_imports", "message": "User logged in", "pathname": "D:\\Django Practice\\core\\accounts\\accounts_views_imports.py", "funcName": "<module>", "lineno": 48}
{"asctime": "2025-05-03 03:31:26,080", "levelname": "WARNING", "process": 12360, "module": "accounts_views_imports", "message": "API response slow", "pathname": "D:\\Django Practice\\core\\accounts\\accounts_views_imports.py", "funcName": "<module>", "lineno": 49}
{"asctime": "2025-05-03 03:31:26,081", "levelname": "ERROR", "process": 12360, "module": "accounts_views_imports", "message": "Payment failed", "pathname": "D:\\Django Practice\\core\\accounts\\accounts_views_imports.py", "funcName": "<module>", "lineno": 50}
{"asctime": "2025-05-03 03:31:26,082", "levelname": "CRITICAL", "process": 12360, "module": "accounts_views_imports", "message": "Database down", "pathname": "D:\\Django Practice\\core\\accounts\\accounts_views_imports.py", "funcName": "<module>", "lineno": 51}
{"asctime": "2025-05-03 03:36:03,931", "levelname": "INFO", "process": 9048, "module": "views", "message": "User logged in", "pathname": "D:\\Django Practice\\core\\vege\\views.py", "funcName": "<module>", "lineno": 7}
{"asctime": "2025-05-03 03:36:03,933", "levelname": "WARNING", "process": 9048, "module": "views", "message": "API response slow", "pathname": "D:\\Django Practice\\core\\vege\\views.py", "funcName": "<module>", "lineno": 8}
{"asctime": "2025-05-03 03:36:03,933", "levelname": "ERROR", "process": 9048, "module": "views", "message": "Payment failed", "pathname": "D:\\Django Practice\\core\\vege\\views.py", "funcName": "<module>", "lineno": 9}
{"asctime": "2025-05-03 03:36:03,939", "levelname": "CRITICAL", "process": 9048, "module": "views", "message": "Database down", "pathname": "D:\\Django Practice\\core\\vege\\views.py", "funcName": "<module>", "lineno": 10}
{"asctime": "2025-05-03 03:36:03,961", "levelname": "INFO", "process": 9048, "module": "accounts_views_imports", "message": "User logged in", "pathname": "D:\\Django Practice\\core\\accounts\\accounts_views_imports.py", "funcName": "<module>", "lineno": 48}
{"asctime": "2025-05-03 03:36:03,961", "levelname": "WARNING", "process": 9048, "module": "accounts_views_imports", "message": "API response slow", "pathname": "D:\\Django Practice\\core\\accounts\\accounts_views_imports.py", "funcName": "<module>", "lineno": 49}
{"asctime": "2025-05-03 03:36:03,963", "levelname": "ERROR", "process": 9048, "module": "accounts_views_imports", "message": "Payment failed", "pathname": "D:\\Django Practice\\core\\accounts\\accounts_views_imports.py", "funcName": "<module>", "lineno": 50}
{"asctime": "2025-05-03 03:36:03,964", "levelname": "CRITICAL", "process": 9048, "module": "accounts_views_imports", "message": "Database down", "pathname": "D:\\Django Practice\\core\\accounts\\accounts_views_imports.py", "funcName": "<module>", "lineno": 51}
{"asctime": "2025-05-03 03:36:51,376", "levelname": "INFO", "process": 11968, "module": "views", "message": "User logged in", "pathname": "D:\\Django Practice\\core\\vege\\views.py", "funcName": "<module>", "lineno": 7}
{"asctime": "2025-05-03 03:36:51,378", "levelname": "WARNING", "process": 11968, "module": "views", "message": "API response slow", "pathname": "D:\\Django Practice\\core\\vege\\views.py", "funcName": "<module>", "lineno": 8}
{"asctime": "2025-05-03 03:36:51,380", "levelname": "ERROR", "process": 11968, "module": "views", "message": "Payment failed", "pathname": "D:\\Django Practice\\core\\vege\\views.py", "funcName": "<module>", "lineno": 9}
{"asctime": "2025-05-03 03:36:51,380", "levelname": "CRITICAL", "process": 11968, "module": "views", "message": "Database down", "pathname": "D:\\Django Practice\\core\\vege\\views.py", "funcName": "<module>", "lineno": 10}
{"asctime": "2025-05-03 03:36:51,420", "levelname": "INFO", "process": 11968, "module": "accounts_views_imports", "message": "User logged in", "pathname": "D:\\Django Practice\\core\\accounts\\accounts_views_imports.py", "funcName": "<module>", "lineno": 48}
{"asctime": "2025-05-03 03:36:51,422", "levelname": "WARNING", "process": 11968, "module": "accounts_views_imports", "message": "API response slow", "pathname": "D:\\Django Practice\\core\\accounts\\accounts_views_imports.py", "funcName": "<module>", "lineno": 49}
{"asctime": "2025-05-03 03:36:51,424", "levelname": "ERROR", "process": 11968, "module": "accounts_views_imports", "message": "Payment failed", "pathname": "D:\\Django Practice\\core\\accounts\\accounts_views_imports.py", "funcName": "<module>", "lineno": 50}
{"asctime": "2025-05-03 03:36:51,425", "levelname": "CRITICAL", "process": 11968, "module": "accounts_views_imports", "message": "Database down", "pathname": "D:\\Django Practice\\core\\accounts\\accounts_views_imports.py", "funcName": "<module>", "lineno": 51}
{"asctime": "2025-05-03 03:36:55,900", "levelname": "INFO", "process": 3712, "module": "views", "message": "User logged in", "pathname": "D:\\Django Practice\\core\\vege\\views.py", "funcName": "<module>", "lineno": 7}
{"asctime": "2025-05-03 03:36:55,902", "levelname": "WARNING", "process": 3712, "module": "views", "message": "API response slow", "pathname": "D:\\Django Practice\\core\\vege\\views.py", "funcName": "<module>", "lineno": 8}
{"asctime": "2025-05-03 03:36:55,903", "levelname": "ERROR", "process": 3712, "module": "views", "message": "Payment failed", "pathname": "D:\\Django Practice\\core\\vege\\views.py", "funcName": "<module>", "lineno": 9}
{"asctime": "2025-05-03 03:36:55,904", "levelname": "CRITICAL", "process": 3712, "module": "views", "message": "Database down", "pathname": "D:\\Django Practice\\core\\vege\\views.py", "funcName": "<module>", "lineno": 10}
{"asctime": "2025-05-03 03:36:55,941", "levelname": "INFO", "process": 3712, "module": "accounts_views_imports", "message": "User logged in", "pathname": "D:\\Django Practice\\core\\accounts\\accounts_views_imports.py", "funcName": "<module>", "lineno": 48}
{"asctime": "2025-05-03 03:36:55,942", "levelname": "WARNING", "process": 3712, "module": "accounts_views_imports", "message": "API response slow", "pathname": "D:\\Django Practice\\core\\accounts\\accounts_views_imports.py", "funcName": "<module>", "lineno": 49}
{"asctime": "2025-05-03 03:36:55,943", "levelname": "ERROR", "process": 3712, "module": "accounts_views_imports", "message": "Payment failed", "pathname": "D:\\Django Practice\\core\\accounts\\accounts_views_imports.py", "funcName": "<module>", "lineno": 50}
{"asctime": "2025-05-03 03:36:55,945", "levelname": "CRITICAL", "process": 3712, "module": "accounts_views_imports", "message": "Database down", "pathname": "D:\\Django Practice\\core\\accounts\\accounts_views_imports.py", "funcName": "<module>", "lineno": 51}
{"asctime": "2025-05-03 03:38:02,920", "levelname": "INFO", "process": 1256, "module": "views", "message": "User logged in", "pathname": "D:\\Django Practice\\core\\vege\\views.py", "funcName": "<module>", "lineno": 7}
{"asctime": "2025-05-03 03:38:02,922", "levelname": "WARNING", "process": 1256, "module": "views", "message": "API response slow", "pathname": "D:\\Django Practice\\core\\vege\\views.py", "funcName": "<module>", "lineno": 8}
{"asctime": "2025-05-03 03:38:02,925", "levelname": "ERROR", "process": 1256, "module": "views", "message": "Payment failed", "pathname": "D:\\Django Practice\\core\\vege\\views.py", "funcName": "<module>", "lineno": 9}
{"asctime": "2025-05-03 03:38:02,925", "levelname": "CRITICAL", "process": 1256, "module": "views", "message": "Database down", "pathname": "D:\\Django Practice\\core\\vege\\views.py", "funcName": "<module>", "lineno": 10}
{"asctime": "2025-05-03 03:38:02,943", "levelname": "INFO", "process": 1256, "module": "accounts_views_imports", "message": "User logged in", "pathname": "D:\\Django Practice\\core\\accounts\\accounts_views_imports.py", "funcName": "<module>", "lineno": 48}
{"asctime": "2025-05-03 03:38:02,944", "levelname": "WARNING", "process": 1256, "module": "accounts_views_imports", "message": "API response slow", "pathname": "D:\\Django Practice\\core\\accounts\\accounts_views_imports.py", "funcName": "<module>", "lineno": 49}
{"asctime": "2025-05-03 03:38:02,946", "levelname": "ERROR", "process": 1256, "module": "accounts_views_imports", "message": "Payment failed", "pathname": "D:\\Django Practice\\core\\accounts\\accounts_views_imports.py", "funcName": "<module>", "lineno": 50}
{"asctime": "2025-05-03 03:38:02,947", "levelname": "CRITICAL", "process": 1256, "module": "accounts_views_imports", "message": "Database down", "pathname": "D:\\Django Practice\\core\\accounts\\accounts_views_imports.py", "funcName": "<module>", "lineno": 51}
{"asctime": "2025-05-03 03:38:34,474", "levelname": "INFO", "process": 11700, "module": "views", "message": "User logged in", "pathname": "D:\\Django Practice\\core\\vege\\views.py", "funcName": "<module>", "lineno": 7}
{"asctime": "2025-05-03 03:38:34,477", "levelname": "WARNING", "process": 11700, "module": "views", "message": "API response slow", "pathname": "D:\\Django Practice\\core\\vege\\views.py", "funcName": "<module>", "lineno": 8}
{"asctime": "2025-05-03 03:38:34,478", "levelname": "ERROR", "process": 11700, "module": "views", "message": "Payment failed", "pathname": "D:\\Django Practice\\core\\vege\\views.py", "funcName": "<module>", "lineno": 9}
{"asctime": "2025-05-03 03:38:34,480", "levelname": "CRITICAL", "process": 11700, "module": "views", "message": "Database down", "pathname": "D:\\Django Practice\\core\\vege\\views.py", "funcName": "<module>", "lineno": 10}
{"asctime": "2025-05-03 03:38:34,503", "levelname": "INFO", "process": 11700, "module": "accounts_views_imports", "message": "User logged in", "pathname": "D:\\Django Practice\\core\\accounts\\accounts_views_imports.py", "funcName": "<module>", "lineno": 48}
{"asctime": "2025-05-03 03:38:34,504", "levelname": "WARNING", "process": 11700, "module": "accounts_views_imports", "message": "API response slow", "pathname": "D:\\Django Practice\\core\\accounts\\accounts_views_imports.py", "funcName": "<module>", "lineno": 49}
{"asctime": "2025-05-03 03:38:34,505", "levelname": "ERROR", "process": 11700, "module": "accounts_views_imports", "message": "Payment failed", "pathname": "D:\\Django Practice\\core\\accounts\\accounts_views_imports.py", "funcName": "<module>", "lineno": 50}
{"asctime": "2025-05-03 03:38:34,506", "levelname": "CRITICAL", "process": 11700, "module": "accounts_views_imports", "message": "Database down", "pathname": "D:\\Django Practice\\core\\accounts\\accounts_views_imports.py", "funcName": "<module>", "lineno": 51}
{"asctime": "2025-05-03 03:40:56,496", "levelname": "INFO", "process": 13008, "module": "views", "message": "User logged in", "pathname": "D:\\Django Practice\\core\\vege\\views.py", "funcName": "<module>", "lineno": 7}
{"asctime": "2025-05-03 03:40:56,497", "levelname": "WARNING", "process": 13008, "module": "views", "message": "API response slow", "pathname": "D:\\Django Practice\\core\\vege\\views.py", "funcName": "<module>", "lineno": 8}
{"asctime": "2025-05-03 03:40:56,500", "levelname": "ERROR", "process": 13008, "module": "views", "message": "Payment failed", "pathname": "D:\\Django Practice\\core\\vege\\views.py", "funcName": "<module>", "lineno": 9}
{"asctime": "2025-05-03 03:40:56,501", "levelname": "CRITICAL", "process": 13008, "module": "views", "message": "Database down", "pathname": "D:\\Django Practice\\core\\vege\\views.py", "funcName": "<module>", "lineno": 10}
{"asctime": "2025-05-03 03:40:56,520", "levelname": "INFO", "process": 13008, "module": "accounts_views_imports", "message": "User logged in", "pathname": "D:\\Django Practice\\core\\accounts\\accounts_views_imports.py", "funcName": "<module>", "lineno": 48}
{"asctime": "2025-05-03 03:40:56,521", "levelname": "WARNING", "process": 13008, "module": "accounts_views_imports", "message": "API response slow", "pathname": "D:\\Django Practice\\core\\accounts\\accounts_views_imports.py", "funcName": "<module>", "lineno": 49}
{"asctime": "2025-05-03 03:40:56,522", "levelname": "ERROR", "process": 13008, "module": "accounts_views_imports", "message": "Payment failed", "pathname": "D:\\Django Practice\\core\\accounts\\accounts_views_imports.py", "funcName": "<module>", "lineno": 50}
{"asctime": "2025-05-03 03:40:56,523", "levelname": "CRITICAL", "process": 13008, "module": "accounts_views_imports", "message": "Database down", "pathname": "D:\\Django Practice\\core\\accounts\\accounts_views_imports.py", "funcName": "<module>", "lineno": 51}
{"asctime": "2025-05-03 03:41:19,805", "levelname": "INFO", "process": 10636, "module": "views", "message": "User logged in", "pathname": "D:\\Django Practice\\core\\vege\\views.py", "funcName": "<module>", "lineno": 7}
{"asctime": "2025-05-03 03:41:19,807", "levelname": "WARNING", "process": 10636, "module": "views", "message": "API response slow", "pathname": "D:\\Django Practice\\core\\vege\\views.py", "funcName": "<module>", "lineno": 8}
{"asctime": "2025-05-03 03:41:19,808", "levelname": "ERROR", "process": 10636, "module": "views", "message": "Payment failed", "pathname": "D:\\Django Practice\\core\\vege\\views.py", "funcName": "<module>", "lineno": 9}
{"asctime": "2025-05-03 03:41:19,810", "levelname": "CRITICAL", "process": 10636, "module": "views", "message": "Database down", "pathname": "D:\\Django Practice\\core\\vege\\views.py", "funcName": "<module>", "lineno": 10}
{"asctime": "2025-05-03 03:41:19,831", "levelname": "INFO", "process": 10636, "module": "accounts_views_imports", "message": "User logged in", "pathname": "D:\\Django Practice\\core\\accounts\\accounts_views_imports.py", "funcName": "<module>", "lineno": 48}
{"asctime": "2025-05-03 03:41:19,831", "levelname": "WARNING", "process": 10636, "module": "accounts_views_imports", "message": "API response slow", "pathname": "D:\\Django Practice\\core\\accounts\\accounts_views_imports.py", "funcName": "<module>", "lineno": 49}
{"asctime": "2025-05-03 03:41:19,832", "levelname": "ERROR", "process": 10636, "module": "accounts_views_imports", "message": "Payment failed", "pathname": "D:\\Django Practice\\core\\accounts\\accounts_views_imports.py", "funcName": "<module>", "lineno": 50}
{"asctime": "2025-05-03 03:41:19,832", "levelname": "CRITICAL", "process": 10636, "module": "accounts_views_imports", "message": "Database down", "pathname": "D:\\Django Practice\\core\\accounts\\accounts_views_imports.py", "funcName": "<module>", "lineno": 51}
{"asctime": "2025-05-03 03:41:38,641", "levelname": "INFO", "process": 12040, "module": "views", "message": "User logged in", "pathname": "D:\\Django Practice\\core\\vege\\views.py", "funcName": "<module>", "lineno": 7}
{"asctime": "2025-05-03 03:41:38,642", "levelname": "WARNING", "process": 12040, "module": "views", "message": "API response slow", "pathname": "D:\\Django Practice\\core\\vege\\views.py", "funcName": "<module>", "lineno": 8}
{"asctime": "2025-05-03 03:41:38,643", "levelname": "ERROR", "process": 12040, "module": "views", "message": "Payment failed", "pathname": "D:\\Django Practice\\core\\vege\\views.py", "funcName": "<module>", "lineno": 9}
{"asctime": "2025-05-03 03:41:38,643", "levelname": "CRITICAL", "process": 12040, "module": "views", "message": "Database down", "pathname": "D:\\Django Practice\\core\\vege\\views.py", "funcName": "<module>", "lineno": 10}
{"asctime": "2025-05-03 03:41:38,663", "levelname": "INFO", "process": 12040, "module": "accounts_views_imports", "message": "User logged in", "pathname": "D:\\Django Practice\\core\\accounts\\accounts_views_imports.py", "funcName": "<module>", "lineno": 48}
{"asctime": "2025-05-03 03:41:38,664", "levelname": "WARNING", "process": 12040, "module": "accounts_views_imports", "message": "API response slow", "pathname": "D:\\Django Practice\\core\\accounts\\accounts_views_imports.py", "funcName": "<module>", "lineno": 49}
{"asctime": "2025-05-03 03:41:38,665", "levelname": "ERROR", "process": 12040, "module": "accounts_views_imports", "message": "Payment failed", "pathname": "D:\\Django Practice\\core\\accounts\\accounts_views_imports.py", "funcName": "<module>", "lineno": 50}
{"asctime": "2025-05-03 03:41:38,666", "levelname": "CRITICAL", "process": 12040, "module": "accounts_views_imports", "message": "Database down", "pathname": "D:\\Django Practice\\core\\accounts\\accounts_views_imports.py", "funcName": "<module>", "lineno": 51}
{"asctime": "2025-05-03 03:41:48,590", "levelname": "INFO", "process": 3972, "module": "views", "message": "User logged in", "pathname": "D:\\Django Practice\\core\\vege\\views.py", "funcName": "<module>", "lineno": 7}
{"asctime": "2025-05-03 03:41:48,592", "levelname": "WARNING", "process": 3972, "module": "views", "message": "API response slow", "pathname": "D:\\Django Practice\\core\\vege\\views.py", "funcName": "<module>", "lineno": 8}
{"asctime": "2025-05-03 03:41:48,593", "levelname": "ERROR", "process": 3972, "module": "views", "message": "Payment failed", "pathname": "D:\\Django Practice\\core\\vege\\views.py", "funcName": "<module>", "lineno": 9}
{"asctime": "2025-05-03 03:41:48,594", "levelname": "CRITICAL", "process": 3972, "module": "views", "message": "Database down", "pathname": "D:\\Django Practice\\core\\vege\\views.py", "funcName": "<module>", "lineno": 10}
{"asctime": "2025-05-03 03:41:48,611", "levelname": "INFO", "process": 3972, "module": "accounts_views_imports", "message": "User logged in", "pathname": "D:\\Django Practice\\core\\accounts\\accounts_views_imports.py", "funcName": "<module>", "lineno": 48}
{"asctime": "2025-05-03 03:41:48,611", "levelname": "WARNING", "process": 3972, "module": "accounts_views_imports", "message": "API response slow", "pathname": "D:\\Django Practice\\core\\accounts\\accounts_views_imports.py", "funcName": "<module>", "lineno": 49}
{"asctime": "2025-05-03 03:41:48,613", "levelname": "ERROR", "process": 3972, "module": "accounts_views_imports", "message": "Payment failed", "pathname": "D:\\Django Practice\\core\\accounts\\accounts_views_imports.py", "funcName": "<module>", "lineno": 50}
{"asctime": "2025-05-03 03:41:48,614", "levelname": "CRITICAL", "process": 3972, "module": "accounts_views_imports", "message": "Database down", "pathname": "D:\\Django Practice\\core\\accounts\\accounts_views_imports.py", "funcName": "<module>", "lineno": 51}
{"asctime": "2025-05-03 03:45:24,381", "levelname": "INFO", "process": 11252, "module": "views", "message": "User logged in", "pathname": "D:\\Django Practice\\core\\vege\\views.py", "funcName": "<module>", "lineno": 7}
{"asctime": "2025-05-03 03:45:24,383", "levelname": "WARNING", "process": 11252, "module": "views", "message": "API response slow", "pathname": "D:\\Django Practice\\core\\vege\\views.py", "funcName": "<module>", "lineno": 8}
{"asctime": "2025-05-03 03:45:24,384", "levelname": "ERROR", "process": 11252, "module": "views", "message": "Payment failed", "pathname": "D:\\Django Practice\\core\\vege\\views.py", "funcName": "<module>", "lineno": 9}
{"asctime": "2025-05-03 03:45:24,386", "levelname": "CRITICAL", "process": 11252, "module": "views", "message": "Database down", "pathname": "D:\\Django Practice\\core\\vege\\views.py", "funcName": "<module>", "lineno": 10}
{"asctime": "2025-05-03 03:45:24,407", "levelname": "INFO", "process": 11252, "module": "accounts_views_imports", "message": "User logged in", "pathname": "D:\\Django Practice\\core\\accounts\\accounts_views_imports.py", "funcName": "<module>", "lineno": 48}
{"asctime": "2025-05-03 03:45:24,408", "levelname": "WARNING", "process": 11252, "module": "accounts_views_imports", "message": "API response slow", "pathname": "D:\\Django Practice\\core\\accounts\\accounts_views_imports.py", "funcName": "<module>", "lineno": 49}
{"asctime": "2025-05-03 03:45:24,409", "levelname": "ERROR", "process": 11252, "module": "accounts_views_imports", "message": "Payment failed", "pathname": "D:\\Django Practice\\core\\accounts\\accounts_views_imports.py", "funcName": "<module>", "lineno": 50}
{"asctime": "2025-05-03 03:45:24,410", "levelname": "CRITICAL", "process": 11252, "module": "accounts_views_imports", "message": "Database down", "pathname": "D:\\Django Practice\\core\\accounts\\accounts_views_imports.py", "funcName": "<module>", "lineno": 51}
{"asctime": "2025-05-03 03:46:04,920", "levelname": "INFO", "process": 13260, "module": "views", "message": "User logged in", "pathname": "D:\\Django Practice\\core\\vege\\views.py", "funcName": "<module>", "lineno": 7}
{"asctime": "2025-05-03 03:46:04,922", "levelname": "WARNING", "process": 13260, "module": "views", "message": "API response slow", "pathname": "D:\\Django Practice\\core\\vege\\views.py", "funcName": "<module>", "lineno": 8}
{"asctime": "2025-05-03 03:46:04,924", "levelname": "ERROR", "process": 13260, "module": "views", "message": "Payment failed", "pathname": "D:\\Django Practice\\core\\vege\\views.py", "funcName": "<module>", "lineno": 9}
{"asctime": "2025-05-03 03:46:04,925", "levelname": "CRITICAL", "process": 13260, "module": "views", "message": "Database down", "pathname": "D:\\Django Practice\\core\\vege\\views.py", "funcName": "<module>", "lineno": 10}
{"asctime": "2025-05-03 03:46:04,944", "levelname": "INFO", "process": 13260, "module": "accounts_views_imports", "message": "User logged in", "pathname": "D:\\Django Practice\\core\\accounts\\accounts_views_imports.py", "funcName": "<module>", "lineno": 48}
{"asctime": "2025-05-03 03:46:04,946", "levelname": "WARNING", "process": 13260, "module": "accounts_views_imports", "message": "API response slow", "pathname": "D:\\Django Practice\\core\\accounts\\accounts_views_imports.py", "funcName": "<module>", "lineno": 49}
{"asctime": "2025-05-03 03:46:04,947", "levelname": "ERROR", "process": 13260, "module": "accounts_views_imports", "message": "Payment failed", "pathname": "D:\\Django Practice\\core\\accounts\\accounts_views_imports.py", "funcName": "<module>", "lineno": 50}
{"asctime": "2025-05-03 03:46:04,948", "levelname": "CRITICAL", "process": 13260, "module": "accounts_views_imports", "message": "Database down", "pathname": "D:\\Django Practice\\core\\accounts\\accounts_views_imports.py", "funcName": "<module>", "lineno": 51}
{"asctime": "2025-05-03 03:47:25,779", "levelname": "INFO", "process": 4364, "module": "views", "message": "User logged in", "pathname": "D:\\Django Practice\\core\\vege\\views.py", "funcName": "<module>", "lineno": 7}
{"asctime": "2025-05-03 03:47:25,781", "levelname": "WARNING", "process": 4364, "module": "views", "message": "API response slow", "pathname": "D:\\Django Practice\\core\\vege\\views.py", "funcName": "<module>", "lineno": 8}
{"asctime": "2025-05-03 03:47:25,782", "levelname": "ERROR", "process": 4364, "module": "views", "message": "Payment failed", "pathname": "D:\\Django Practice\\core\\vege\\views.py", "funcName": "<module>", "lineno": 9}
{"asctime": "2025-05-03 03:47:25,783", "levelname": "CRITICAL", "process": 4364, "module": "views", "message": "Database down", "pathname": "D:\\Django Practice\\core\\vege\\views.py", "funcName": "<module>", "lineno": 10}
{"asctime": "2025-05-03 03:47:25,801", "levelname": "INFO", "process": 4364, "module": "accounts_views_imports", "message": "User logged in", "pathname": "D:\\Django Practice\\core\\accounts\\accounts_views_imports.py", "funcName": "<module>", "lineno": 48}
{"asctime": "2025-05-03 03:47:25,802", "levelname": "WARNING", "process": 4364, "module": "accounts_views_imports", "message": "API response slow", "pathname": "D:\\Django Practice\\core\\accounts\\accounts_views_imports.py", "funcName": "<module>", "lineno": 49}
{"asctime": "2025-05-03 03:47:25,803", "levelname": "ERROR", "process": 4364, "module": "accounts_views_imports", "message": "Payment failed", "pathname": "D:\\Django Practice\\core\\accounts\\accounts_views_imports.py", "funcName": "<module>", "lineno": 50}
{"asctime": "2025-05-03 03:47:25,804", "levelname": "CRITICAL", "process": 4364, "module": "accounts_views_imports", "message": "Database down", "pathname": "D:\\Django Practice\\core\\accounts\\accounts_views_imports.py", "funcName": "<module>", "lineno": 51}
{"asctime": "2025-05-03 03:47:30,932", "levelname": "INFO", "process": 10500, "module": "views", "message": "User logged in", "pathname": "D:\\Django Practice\\core\\vege\\views.py", "funcName": "<module>", "lineno": 7}
{"asctime": "2025-05-03 03:47:30,934", "levelname": "WARNING", "process": 10500, "module": "views", "message": "API response slow", "pathname": "D:\\Django Practice\\core\\vege\\views.py", "funcName": "<module>", "lineno": 8}
{"asctime": "2025-05-03 03:47:30,936", "levelname": "ERROR", "process": 10500, "module": "views", "message": "Payment failed", "pathname": "D:\\Django Practice\\core\\vege\\views.py", "funcName": "<module>", "lineno": 9}
{"asctime": "2025-05-03 03:47:30,937", "levelname": "CRITICAL", "process": 10500, "module": "views", "message": "Database down", "pathname": "D:\\Django Practice\\core\\vege\\views.py", "funcName": "<module>", "lineno": 10}
{"asctime": "2025-05-03 03:47:30,957", "levelname": "INFO", "process": 10500, "module": "accounts_views_imports", "message": "User logged in", "pathname": "D:\\Django Practice\\core\\accounts\\accounts_views_imports.py", "funcName": "<module>", "lineno": 48}
{"asctime": "2025-05-03 03:47:30,958", "levelname": "WARNING", "process": 10500, "module": "accounts_views_imports", "message": "API response slow", "pathname": "D:\\Django Practice\\core\\accounts\\accounts_views_imports.py", "funcName": "<module>", "lineno": 49}
{"asctime": "2025-05-03 03:47:30,959", "levelname": "ERROR", "process": 10500, "module": "accounts_views_imports", "message": "Payment failed", "pathname": "D:\\Django Practice\\core\\accounts\\accounts_views_imports.py", "funcName": "<module>", "lineno": 50}
{"asctime": "2025-05-03 03:47:30,959", "levelname": "CRITICAL", "process": 10500, "module": "accounts_views_imports", "message": "Database down", "pathname": "D:\\Django Practice\\core\\accounts\\accounts_views_imports.py", "funcName": "<module>", "lineno": 51}
{"asctime": "2025-05-03 03:47:42,518", "levelname": "INFO", "process": 12260, "module": "views", "message": "User logged in", "pathname": "D:\\Django Practice\\core\\vege\\views.py", "funcName": "<module>", "lineno": 7}
{"asctime": "2025-05-03 03:47:42,521", "levelname": "WARNING", "process": 12260, "module": "views", "message": "API response slow", "pathname": "D:\\Django Practice\\core\\vege\\views.py", "funcName": "<module>", "lineno": 8}
{"asctime": "2025-05-03 03:47:42,521", "levelname": "ERROR", "process": 12260, "module": "views", "message": "Payment failed", "pathname": "D:\\Django Practice\\core\\vege\\views.py", "funcName": "<module>", "lineno": 9}
{"asctime": "2025-05-03 03:47:42,522", "levelname": "CRITICAL", "process": 12260, "module": "views", "message": "Database down", "pathname": "D:\\Django Practice\\core\\vege\\views.py", "funcName": "<module>", "lineno": 10}
{"asctime": "2025-05-03 03:47:42,540", "levelname": "INFO", "process": 12260, "module": "accounts_views_imports", "message": "User logged in", "pathname": "D:\\Django Practice\\core\\accounts\\accounts_views_imports.py", "funcName": "<module>", "lineno": 48}
{"asctime": "2025-05-03 03:47:42,541", "levelname": "WARNING", "process": 12260, "module": "accounts_views_imports", "message": "API response slow", "pathname": "D:\\Django Practice\\core\\accounts\\accounts_views_imports.py", "funcName": "<module>", "lineno": 49}
{"asctime": "2025-05-03 03:47:42,542", "levelname": "ERROR", "process": 12260, "module": "accounts_views_imports", "message": "Payment failed", "pathname": "D:\\Django Practice\\core\\accounts\\accounts_views_imports.py", "funcName": "<module>", "lineno": 50}
{"asctime": "2025-05-03 03:47:42,543", "levelname": "CRITICAL", "process": 12260, "module": "accounts_views_imports", "message": "Database down", "pathname": "D:\\Django Practice\\core\\accounts\\accounts_views_imports.py", "funcName": "<module>", "lineno": 51}
{"asctime": "2025-05-03 03:55:20,039", "levelname": "INFO", "process": 10540, "module": "views", "message": "User logged in", "pathname": "D:\\Django Practice\\core\\vege\\views.py", "funcName": "<module>", "lineno": 7}
{"asctime": "2025-05-03 03:55:20,042", "levelname": "WARNING", "process": 10540, "module": "views", "message": "API response slow", "pathname": "D:\\Django Practice\\core\\vege\\views.py", "funcName": "<module>", "lineno": 8}
{"asctime": "2025-05-03 03:55:20,045", "levelname": "ERROR", "process": 10540, "module": "views", "message": "Payment failed", "pathname": "D:\\Django Practice\\core\\vege\\views.py", "funcName": "<module>", "lineno": 9}
{"asctime": "2025-05-03 03:55:20,047", "levelname": "CRITICAL", "process": 10540, "module": "views", "message": "Database down", "pathname": "D:\\Django Practice\\core\\vege\\views.py", "funcName": "<module>", "lineno": 10}
{"asctime": "2025-05-03 03:55:20,130", "levelname": "INFO", "process": 10540, "module": "accounts_views_imports", "message": "User logged in", "pathname": "D:\\Django Practice\\core\\accounts\\accounts_views_imports.py", "funcName": "<module>", "lineno": 48}
{"asctime": "2025-05-03 03:55:20,132", "levelname": "WARNING", "process": 10540, "module": "accounts_views_imports", "message": "API response slow", "pathname": "D:\\Django Practice\\core\\accounts\\accounts_views_imports.py", "funcName": "<module>", "lineno": 49}
{"asctime": "2025-05-03 03:55:20,133", "levelname": "ERROR", "process": 10540, "module": "accounts_views_imports", "message": "Payment failed", "pathname": "D:\\Django Practice\\core\\accounts\\accounts_views_imports.py", "funcName": "<module>", "lineno": 50}
{"asctime": "2025-05-03 03:55:20,134", "levelname": "CRITICAL", "process": 10540, "module": "accounts_views_imports", "message": "Database down", "pathname": "D:\\Django Practice\\core\\accounts\\accounts_views_imports.py", "funcName": "<module>", "lineno": 51}
{"asctime": "2025-05-03 03:55:24,650", "levelname": "INFO", "process": 5256, "module": "views", "message": "User logged in", "pathname": "D:\\Django Practice\\core\\vege\\views.py", "funcName": "<module>", "lineno": 7}
{"asctime": "2025-05-03 03:55:24,652", "levelname": "WARNING", "process": 5256, "module": "views", "message": "API response slow", "pathname": "D:\\Django Practice\\core\\vege\\views.py", "funcName": "<module>", "lineno": 8}
{"asctime": "2025-05-03 03:55:24,654", "levelname": "ERROR", "process": 5256, "module": "views", "message": "Payment failed", "pathname": "D:\\Django Practice\\core\\vege\\views.py", "funcName": "<module>", "lineno": 9}
{"asctime": "2025-05-03 03:55:24,655", "levelname": "CRITICAL", "process": 5256, "module": "views", "message": "Database down", "pathname": "D:\\Django Practice\\core\\vege\\views.py", "funcName": "<module>", "lineno": 10}
{"asctime": "2025-05-03 03:55:24,690", "levelname": "INFO", "process": 5256, "module": "accounts_views_imports", "message": "User logged in", "pathname": "D:\\Django Practice\\core\\accounts\\accounts_views_imports.py", "funcName": "<module>", "lineno": 48}
{"asctime": "2025-05-03 03:55:24,693", "levelname": "WARNING", "process": 5256, "module": "accounts_views_imports", "message": "API response slow", "pathname": "D:\\Django Practice\\core\\accounts\\accounts_views_imports.py", "funcName": "<module>", "lineno": 49}
{"asctime": "2025-05-03 03:55:24,694", "levelname": "ERROR", "process": 5256, "module": "accounts_views_imports", "message": "Payment failed", "pathname": "D:\\Django Practice\\core\\accounts\\accounts_views_imports.py", "funcName": "<module>", "lineno": 50}
{"asctime": "2025-05-03 03:55:24,694", "levelname": "CRITICAL", "process": 5256, "module": "accounts_views_imports", "message": "Database down", "pathname": "D:\\Django Practice\\core\\accounts\\accounts_views_imports.py", "funcName": "<module>", "lineno": 51}
{"asctime": "2025-05-03 03:56:02,983", "levelname": "INFO", "process": 8236, "module": "views", "message": "User logged in", "pathname": "D:\\Django Practice\\core\\vege\\views.py", "funcName": "<module>", "lineno": 7}
{"asctime": "2025-05-03 03:56:02,983", "levelname": "WARNING", "process": 8236, "module": "views", "message": "API response slow", "pathname": "D:\\Django Practice\\core\\vege\\views.py", "funcName": "<module>", "lineno": 8}
{"asctime": "2025-05-03 03:56:02,983", "levelname": "ERROR", "process": 8236, "module": "views", "message": "Payment failed", "pathname": "D:\\Django Practice\\core\\vege\\views.py", "funcName": "<module>", "lineno": 9}
{"asctime": "2025-05-03 03:56:02,983", "levelname": "CRITICAL", "process": 8236, "module": "views", "message": "Database down", "pathname": "D:\\Django Practice\\core\\vege\\views.py", "funcName": "<module>", "lineno": 10}
{"asctime": "2025-05-03 03:56:02,999", "levelname": "INFO", "process": 8236, "module": "accounts_views_imports", "message": "User logged in", "pathname": "D:\\Django Practice\\core\\accounts\\accounts_views_imports.py", "funcName": "<module>", "lineno": 48}
{"asctime": "2025-05-03 03:56:02,999", "levelname": "WARNING", "process": 8236, "module": "accounts_views_imports", "message": "API response slow", "pathname": "D:\\Django Practice\\core\\accounts\\accounts_views_imports.py", "funcName": "<module>", "lineno": 49}
{"asctime": "2025-05-03 03:56:02,999", "levelname": "ERROR", "process": 8236, "module": "accounts_views_imports", "message": "Payment failed", "pathname": "D:\\Django Practice\\core\\accounts\\accounts_views_imports.py", "funcName": "<module>", "lineno": 50}
{"asctime": "2025-05-03 03:56:02,999", "levelname": "CRITICAL", "process": 8236, "module": "accounts_views_imports", "message": "Database down", "pathname": "D:\\Django Practice\\core\\accounts\\accounts_views_imports.py", "funcName": "<module>", "lineno": 51}
{"asctime": "2025-05-03 03:56:07,383", "levelname": "INFO", "process": 7252, "module": "views", "message": "User logged in", "pathname": "D:\\Django Practice\\core\\vege\\views.py", "funcName": "<module>", "lineno": 7}
{"asctime": "2025-05-03 03:56:07,385", "levelname": "WARNING", "process": 7252, "module": "views", "message": "API response slow", "pathname": "D:\\Django Practice\\core\\vege\\views.py", "funcName": "<module>", "lineno": 8}
{"asctime": "2025-05-03 03:56:07,387", "levelname": "ERROR", "process": 7252, "module": "views", "message": "Payment failed", "pathname": "D:\\Django Practice\\core\\vege\\views.py", "funcName": "<module>", "lineno": 9}
{"asctime": "2025-05-03 03:56:07,388", "levelname": "CRITICAL", "process": 7252, "module": "views", "message": "Database down", "pathname": "D:\\Django Practice\\core\\vege\\views.py", "funcName": "<module>", "lineno": 10}
{"asctime": "2025-05-03 03:56:07,403", "levelname": "INFO", "process": 7252, "module": "accounts_views_imports", "message": "User logged in", "pathname": "D:\\Django Practice\\core\\accounts\\accounts_views_imports.py", "funcName": "<module>", "lineno": 48}
{"asctime": "2025-05-03 03:56:07,403", "levelname": "WARNING", "process": 7252, "module": "accounts_views_imports", "message": "API response slow", "pathname": "D:\\Django Practice\\core\\accounts\\accounts_views_imports.py", "funcName": "<module>", "lineno": 49}
{"asctime": "2025-05-03 03:56:07,403", "levelname": "ERROR", "process": 7252, "module": "accounts_views_imports", "message": "Payment failed", "pathname": "D:\\Django Practice\\core\\accounts\\accounts_views_imports.py", "funcName": "<module>", "lineno": 50}
{"asctime": "2025-05-03 03:56:07,403", "levelname": "CRITICAL", "process": 7252, "module": "accounts_views_imports", "message": "Database down", "pathname": "D:\\Django Practice\\core\\accounts\\accounts_views_imports.py", "funcName": "<module>", "lineno": 51}
{"asctime": "2025-05-03 03:57:51,374", "levelname": "INFO", "process": 11248, "module": "views", "message": "User logged in", "pathname": "D:\\Django Practice\\core\\vege\\views.py", "funcName": "<module>", "lineno": 7}
{"asctime": "2025-05-03 03:57:51,374", "levelname": "WARNING", "process": 11248, "module": "views", "message": "API response slow", "pathname": "D:\\Django Practice\\core\\vege\\views.py", "funcName": "<module>", "lineno": 8}
{"asctime": "2025-05-03 03:57:51,374", "levelname": "ERROR", "process": 11248, "module": "views", "message": "Payment failed", "pathname": "D:\\Django Practice\\core\\vege\\views.py", "funcName": "<module>", "lineno": 9}
{"asctime": "2025-05-03 03:57:51,374", "levelname": "CRITICAL", "process": 11248, "module": "views", "message": "Database down", "pathname": "D:\\Django Practice\\core\\vege\\views.py", "funcName": "<module>", "lineno": 10}
{"asctime": "2025-05-03 03:57:51,390", "levelname": "INFO", "process": 11248, "module": "accounts_views_imports", "message": "User logged in", "pathname": "D:\\Django Practice\\core\\accounts\\accounts_views_imports.py", "funcName": "<module>", "lineno": 48}
{"asctime": "2025-05-03 03:57:51,390", "levelname": "WARNING", "process": 11248, "module": "accounts_views_imports", "message": "API response slow", "pathname": "D:\\Django Practice\\core\\accounts\\accounts_views_imports.py", "funcName": "<module>", "lineno": 49}
{"asctime": "2025-05-03 03:57:51,390", "levelname": "ERROR", "process": 11248, "module": "accounts_views_imports", "message": "Payment failed", "pathname": "D:\\Django Practice\\core\\accounts\\accounts_views_imports.py", "funcName": "<module>", "lineno": 50}
{"asctime": "2025-05-03 03:57:51,390", "levelname": "CRITICAL", "process": 11248, "module": "accounts_views_imports", "message": "Database down", "pathname": "D:\\Django Practice\\core\\accounts\\accounts_views_imports.py", "funcName": "<module>", "lineno": 51}
{"asctime": "2025-05-03 04:00:58,862", "levelname": "INFO", "process": 11404, "module": "views", "message": "User logged in", "pathname": "D:\\Django Practice\\core\\vege\\views.py", "funcName": "<module>", "lineno": 7}
{"asctime": "2025-05-03 04:00:58,865", "levelname": "WARNING", "process": 11404, "module": "views", "message": "API response slow", "pathname": "D:\\Django Practice\\core\\vege\\views.py", "funcName": "<module>", "lineno": 8}
{"asctime": "2025-05-03 04:00:58,866", "levelname": "ERROR", "process": 11404, "module": "views", "message": "Payment failed", "pathname": "D:\\Django Practice\\core\\vege\\views.py", "funcName": "<module>", "lineno": 9}
{"asctime": "2025-05-03 04:00:58,867", "levelname": "CRITICAL", "process": 11404, "module": "views", "message": "Database down", "pathname": "D:\\Django Practice\\core\\vege\\views.py", "funcName": "<module>", "lineno": 10}
{"asctime": "2025-05-03 04:00:58,886", "levelname": "INFO", "process": 11404, "module": "accounts_views_imports", "message": "User logged in", "pathname": "D:\\Django Practice\\core\\accounts\\accounts_views_imports.py", "funcName": "<module>", "lineno": 48}
{"asctime": "2025-05-03 04:00:58,887", "levelname": "WARNING", "process": 11404, "module": "accounts_views_imports", "message": "API response slow", "pathname": "D:\\Django Practice\\core\\accounts\\accounts_views_imports.py", "funcName": "<module>", "lineno": 49}
{"asctime": "2025-05-03 04:00:58,888", "levelname": "ERROR", "process": 11404, "module": "accounts_views_imports", "message": "Payment failed", "pathname": "D:\\Django Practice\\core\\accounts\\accounts_views_imports.py", "funcName": "<module>", "lineno": 50}
{"asctime": "2025-05-03 04:00:58,889", "levelname": "CRITICAL", "process": 11404, "module": "accounts_views_imports", "message": "Database down", "pathname": "D:\\Django Practice\\core\\accounts\\accounts_views_imports.py", "funcName": "<module>", "lineno": 51}
{"asctime": "2025-05-03 04:01:04,531", "levelname": "INFO", "process": 8036, "module": "views", "message": "User logged in", "pathname": "D:\\Django Practice\\core\\vege\\views.py", "funcName": "<module>", "lineno": 7}
{"asctime": "2025-05-03 04:01:04,533", "levelname": "WARNING", "process": 8036, "module": "views", "message": "API response slow", "pathname": "D:\\Django Practice\\core\\vege\\views.py", "funcName": "<module>", "lineno": 8}
{"asctime": "2025-05-03 04:01:04,534", "levelname": "ERROR", "process": 8036, "module": "views", "message": "Payment failed", "pathname": "D:\\Django Practice\\core\\vege\\views.py", "funcName": "<module>", "lineno": 9}
{"asctime": "2025-05-03 04:01:04,535", "levelname": "CRITICAL", "process": 8036, "module": "views", "message": "Database down", "pathname": "D:\\Django Practice\\core\\vege\\views.py", "funcName": "<module>", "lineno": 10}
{"asctime": "2025-05-03 04:01:04,555", "levelname": "INFO", "process": 8036, "module": "accounts_views_imports", "message": "User logged in", "pathname": "D:\\Django Practice\\core\\accounts\\accounts_views_imports.py", "funcName": "<module>", "lineno": 48}
{"asctime": "2025-05-03 04:01:04,556", "levelname": "WARNING", "process": 8036, "module": "accounts_views_imports", "message": "API response slow", "pathname": "D:\\Django Practice\\core\\accounts\\accounts_views_imports.py", "funcName": "<module>", "lineno": 49}
{"asctime": "2025-05-03 04:01:04,557", "levelname": "ERROR", "process": 8036, "module": "accounts_views_imports", "message": "Payment failed", "pathname": "D:\\Django Practice\\core\\accounts\\accounts_views_imports.py", "funcName": "<module>", "lineno": 50}
{"asctime": "2025-05-03 04:01:04,558", "levelname": "CRITICAL", "process": 8036, "module": "accounts_views_imports", "message": "Database down", "pathname": "D:\\Django Practice\\core\\accounts\\accounts_views_imports.py", "funcName": "<module>", "lineno": 51}
{"asctime": "2025-05-03 04:07:35,030", "levelname": "INFO", "process": 12108, "module": "views", "message": "User logged in", "pathname": "D:\\Django Practice\\core\\vege\\views.py", "funcName": "<module>", "lineno": 7}
{"asctime": "2025-05-03 04:07:35,032", "levelname": "WARNING", "process": 12108, "module": "views", "message": "API response slow", "pathname": "D:\\Django Practice\\core\\vege\\views.py", "funcName": "<module>", "lineno": 8}
{"asctime": "2025-05-03 04:07:35,033", "levelname": "ERROR", "process": 12108, "module": "views", "message": "Payment failed", "pathname": "D:\\Django Practice\\core\\vege\\views.py", "funcName": "<module>", "lineno": 9}
{"asctime": "2025-05-03 04:07:35,034", "levelname": "CRITICAL", "process": 12108, "module": "views", "message": "Database down", "pathname": "D:\\Django Practice\\core\\vege\\views.py", "funcName": "<module>", "lineno": 10}
{"asctime": "2025-05-03 04:07:35,057", "levelname": "INFO", "process": 12108, "module": "accounts_views_imports", "message": "User logged in", "pathname": "D:\\Django Practice\\core\\accounts\\accounts_views_imports.py", "funcName": "<module>", "lineno": 48}
{"asctime": "2025-05-03 04:07:35,059", "levelname": "WARNING", "process": 12108, "module": "accounts_views_imports", "message": "API response slow", "pathname": "D:\\Django Practice\\core\\accounts\\accounts_views_imports.py", "funcName": "<module>", "lineno": 49}
{"asctime": "2025-05-03 04:07:35,060", "levelname": "ERROR", "process": 12108, "module": "accounts_views_imports", "message": "Payment failed", "pathname": "D:\\Django Practice\\core\\accounts\\accounts_views_imports.py", "funcName": "<module>", "lineno": 50}
{"asctime": "2025-05-03 04:07:35,061", "levelname": "CRITICAL", "process": 12108, "module": "accounts_views_imports", "message": "Database down", "pathname": "D:\\Django Practice\\core\\accounts\\accounts_views_imports.py", "funcName": "<module>", "lineno": 51}
{"asctime": "2025-05-03 04:09:12,207", "levelname": "INFO", "process": 9264, "module": "views", "message": "User logged in", "pathname": "D:\\Django Practice\\core\\vege\\views.py", "funcName": "<module>", "lineno": 7}
{"asctime": "2025-05-03 04:09:12,222", "levelname": "WARNING", "process": 9264, "module": "views", "message": "API response slow", "pathname": "D:\\Django Practice\\core\\vege\\views.py", "funcName": "<module>", "lineno": 8}
{"asctime": "2025-05-03 04:09:12,222", "levelname": "ERROR", "process": 9264, "module": "views", "message": "Payment failed", "pathname": "D:\\Django Practice\\core\\vege\\views.py", "funcName": "<module>", "lineno": 9}
{"asctime": "2025-05-03 04:09:12,222", "levelname": "CRITICAL", "process": 9264, "module": "views", "message": "Database down", "pathname": "D:\\Django Practice\\core\\vege\\views.py", "funcName": "<module>", "lineno": 10}
{"asctime": "2025-05-03 04:09:12,238", "levelname": "INFO", "process": 9264, "module": "accounts_views_imports", "message": "User logged in", "pathname": "D:\\Django Practice\\core\\accounts\\accounts_views_imports.py", "funcName": "<module>", "lineno": 48}
{"asctime": "2025-05-03 04:09:12,238", "levelname": "WARNING", "process": 9264, "module": "accounts_views_imports", "message": "API response slow", "pathname": "D:\\Django Practice\\core\\accounts\\accounts_views_imports.py", "funcName": "<module>", "lineno": 49}
{"asctime": "2025-05-03 04:09:12,238", "levelname": "ERROR", "process": 9264, "module": "accounts_views_imports", "message": "Payment failed", "pathname": "D:\\Django Practice\\core\\accounts\\accounts_views_imports.py", "funcName": "<module>", "lineno": 50}
{"asctime": "2025-05-03 04:09:12,238", "levelname": "CRITICAL", "process": 9264, "module": "accounts_views_imports", "message": "Database down", "pathname": "D:\\Django Practice\\core\\accounts\\accounts_views_imports.py", "funcName": "<module>", "lineno": 51}
{"asctime": "2025-05-03 04:13:54,611", "levelname": "INFO", "process": 12636, "module": "views", "message": "User logged in", "pathname": "D:\\Django Practice\\core\\vege\\views.py", "funcName": "<module>", "lineno": 7}
{"asctime": "2025-05-03 04:13:54,613", "levelname": "WARNING", "process": 12636, "module": "views", "message": "API response slow", "pathname": "D:\\Django Practice\\core\\vege\\views.py", "funcName": "<module>", "lineno": 8}
{"asctime": "2025-05-03 04:13:54,614", "levelname": "ERROR", "process": 12636, "module": "views", "message": "Payment failed", "pathname": "D:\\Django Practice\\core\\vege\\views.py", "funcName": "<module>", "lineno": 9}
{"asctime": "2025-05-03 04:13:54,615", "levelname": "CRITICAL", "process": 12636, "module": "views", "message": "Database down", "pathname": "D:\\Django Practice\\core\\vege\\views.py", "funcName": "<module>", "lineno": 10}
{"asctime": "2025-05-03 04:13:54,634", "levelname": "INFO", "process": 12636, "module": "accounts_views_imports", "message": "User logged in", "pathname": "D:\\Django Practice\\core\\accounts\\accounts_views_imports.py", "funcName": "<module>", "lineno": 48}
{"asctime": "2025-05-03 04:13:54,635", "levelname": "WARNING", "process": 12636, "module": "accounts_views_imports", "message": "API response slow", "pathname": "D:\\Django Practice\\core\\accounts\\accounts_views_imports.py", "funcName": "<module>", "lineno": 49}
{"asctime": "2025-05-03 04:13:54,636", "levelname": "ERROR", "process": 12636, "module": "accounts_views_imports", "message": "Payment failed", "pathname": "D:\\Django Practice\\core\\accounts\\accounts_views_imports.py", "funcName": "<module>", "lineno": 50}
{"asctime": "2025-05-03 04:13:54,636", "levelname": "CRITICAL", "process": 12636, "module": "accounts_views_imports", "message": "Database down", "pathname": "D:\\Django Practice\\core\\accounts\\accounts_views_imports.py", "funcName": "<module>", "lineno": 51}
{"asctime": "2025-05-03 04:17:44,653", "levelname": "INFO", "process": 12740, "module": "views", "message": "User logged in", "pathname": "D:\\Django Practice\\core\\vege\\views.py", "funcName": "<module>", "lineno": 7}
{"asctime": "2025-05-03 04:17:44,653", "levelname": "WARNING", "process": 12740, "module": "views", "message": "API response slow", "pathname": "D:\\Django Practice\\core\\vege\\views.py", "funcName": "<module>", "lineno": 8}
{"asctime": "2025-05-03 04:17:44,653", "levelname": "ERROR", "process": 12740, "module": "views", "message": "Payment failed", "pathname": "D:\\Django Practice\\core\\vege\\views.py", "funcName": "<module>", "lineno": 9}
{"asctime": "2025-05-03 04:17:44,668", "levelname": "CRITICAL", "process": 12740, "module": "views", "message": "Database down", "pathname": "D:\\Django Practice\\core\\vege\\views.py", "funcName": "<module>", "lineno": 10}
{"asctime": "2025-05-03 04:17:44,684", "levelname": "INFO", "process": 12740, "module": "accounts_views_imports", "message": "User logged in", "pathname": "D:\\Django Practice\\core\\accounts\\accounts_views_imports.py", "funcName": "<module>", "lineno": 48}
{"asctime": "2025-05-03 04:17:44,684", "levelname": "WARNING", "process": 12740, "module": "accounts_views_imports", "message": "API response slow", "pathname": "D:\\Django Practice\\core\\accounts\\accounts_views_imports.py", "funcName": "<module>", "lineno": 49}
{"asctime": "2025-05-03 04:17:44,684", "levelname": "ERROR", "process": 12740, "module": "accounts_views_imports", "message": "Payment failed", "pathname": "D:\\Django Practice\\core\\accounts\\accounts_views_imports.py", "funcName": "<module>", "lineno": 50}
{"asctime": "2025-05-03 04:17:44,684", "levelname": "CRITICAL", "process": 12740, "module": "accounts_views_imports", "message": "Database down", "pathname": "D:\\Django Practice\\core\\accounts\\accounts_views_imports.py", "funcName": "<module>", "lineno": 51}
{"asctime": "2025-05-03 04:18:53,621", "levelname": "INFO", "process": 9976, "module": "views", "message": "User logged in", "pathname": "D:\\Django Practice\\core\\vege\\views.py", "funcName": "<module>", "lineno": 7}
{"asctime": "2025-05-03 04:18:53,623", "levelname": "WARNING", "process": 9976, "module": "views", "message": "API response slow", "pathname": "D:\\Django Practice\\core\\vege\\views.py", "funcName": "<module>", "lineno": 8}
{"asctime": "2025-05-03 04:18:53,624", "levelname": "ERROR", "process": 9976, "module": "views", "message": "Payment failed", "pathname": "D:\\Django Practice\\core\\vege\\views.py", "funcName": "<module>", "lineno": 9}
{"asctime": "2025-05-03 04:18:53,626", "levelname": "CRITICAL", "process": 9976, "module": "views", "message": "Database down", "pathname": "D:\\Django Practice\\core\\vege\\views.py", "funcName": "<module>", "lineno": 10}
{"asctime": "2025-05-03 04:18:53,649", "levelname": "INFO", "process": 9976, "module": "accounts_views_imports", "message": "User logged in", "pathname": "D:\\Django Practice\\core\\accounts\\accounts_views_imports.py", "funcName": "<module>", "lineno": 48}
{"asctime": "2025-05-03 04:18:53,649", "levelname": "WARNING", "process": 9976, "module": "accounts_views_imports", "message": "API response slow", "pathname": "D:\\Django Practice\\core\\accounts\\accounts_views_imports.py", "funcName": "<module>", "lineno": 49}
{"asctime": "2025-05-03 04:18:53,649", "levelname": "ERROR", "process": 9976, "module": "accounts_views_imports", "message": "Payment failed", "pathname": "D:\\Django Practice\\core\\accounts\\accounts_views_imports.py", "funcName": "<module>", "lineno": 50}
{"asctime": "2025-05-03 04:18:53,649", "levelname": "CRITICAL", "process": 9976, "module": "accounts_views_imports", "message": "Database down", "pathname": "D:\\Django Practice\\core\\accounts\\accounts_views_imports.py", "funcName": "<module>", "lineno": 51}
{"asctime": "2025-05-03 04:22:03,836", "levelname": "INFO", "process": 5288, "module": "views", "message": "User logged in", "pathname": "D:\\Django Practice\\core\\vege\\views.py", "funcName": "<module>", "lineno": 7}
{"asctime": "2025-05-03 04:22:03,838", "levelname": "WARNING", "process": 5288, "module": "views", "message": "API response slow", "pathname": "D:\\Django Practice\\core\\vege\\views.py", "funcName": "<module>", "lineno": 8}
{"asctime": "2025-05-03 04:22:03,840", "levelname": "ERROR", "process": 5288, "module": "views", "message": "Payment failed", "pathname": "D:\\Django Practice\\core\\vege\\views.py", "funcName": "<module>", "lineno": 9}
{"asctime": "2025-05-03 04:22:03,841", "levelname": "CRITICAL", "process": 5288, "module": "views", "message": "Database down", "pathname": "D:\\Django Practice\\core\\vege\\views.py", "funcName": "<module>", "lineno": 10}
{"asctime": "2025-05-03 04:22:03,860", "levelname": "INFO", "process": 5288, "module": "accounts_views_imports", "message": "User logged in", "pathname": "D:\\Django Practice\\core\\accounts\\accounts_views_imports.py", "funcName": "<module>", "lineno": 48}
{"asctime": "2025-05-03 04:22:03,861", "levelname": "WARNING", "process": 5288, "module": "accounts_views_imports", "message": "API response slow", "pathname": "D:\\Django Practice\\core\\accounts\\accounts_views_imports.py", "funcName": "<module>", "lineno": 49}
{"asctime": "2025-05-03 04:22:03,862", "levelname": "ERROR", "process": 5288, "module": "accounts_views_imports", "message": "Payment failed", "pathname": "D:\\Django Practice\\core\\accounts\\accounts_views_imports.py", "funcName": "<module>", "lineno": 50}
{"asctime": "2025-05-03 04:22:03,865", "levelname": "CRITICAL", "process": 5288, "module": "accounts_views_imports", "message": "Database down", "pathname": "D:\\Django Practice\\core\\accounts\\accounts_views_imports.py", "funcName": "<module>", "lineno": 51}
{"asctime": "2025-05-03 04:22:18,938", "levelname": "INFO", "process": 376, "module": "views", "message": "User logged in", "pathname": "D:\\Django Practice\\core\\vege\\views.py", "funcName": "<module>", "lineno": 7}
{"asctime": "2025-05-03 04:22:18,940", "levelname": "WARNING", "process": 376, "module": "views", "message": "API response slow", "pathname": "D:\\Django Practice\\core\\vege\\views.py", "funcName": "<module>", "lineno": 8}
{"asctime": "2025-05-03 04:22:18,942", "levelname": "ERROR", "process": 376, "module": "views", "message": "Payment failed", "pathname": "D:\\Django Practice\\core\\vege\\views.py", "funcName": "<module>", "lineno": 9}
{"asctime": "2025-05-03 04:22:18,942", "levelname": "CRITICAL", "process": 376, "module": "views", "message": "Database down", "pathname": "D:\\Django Practice\\core\\vege\\views.py", "funcName": "<module>", "lineno": 10}
{"asctime": "2025-05-03 04:22:18,962", "levelname": "INFO", "process": 376, "module": "accounts_views_imports", "message": "User logged in", "pathname": "D:\\Django Practice\\core\\accounts\\accounts_views_imports.py", "funcName": "<module>", "lineno": 48}
{"asctime": "2025-05-03 04:22:18,963", "levelname": "WARNING", "process": 376, "module": "accounts_views_imports", "message": "API response slow", "pathname": "D:\\Django Practice\\core\\accounts\\accounts_views_imports.py", "funcName": "<module>", "lineno": 49}
{"asctime": "2025-05-03 04:22:18,964", "levelname": "ERROR", "process": 376, "module": "accounts_views_imports", "message": "Payment failed", "pathname": "D:\\Django Practice\\core\\accounts\\accounts_views_imports.py", "funcName": "<module>", "lineno": 50}
{"asctime": "2025-05-03 04:22:18,965", "levelname": "CRITICAL", "process": 376, "module": "accounts_views_imports", "message": "Database down", "pathname": "D:\\Django Practice\\core\\accounts\\accounts_views_imports.py", "funcName": "<module>", "lineno": 51}
{"asctime": "2025-05-03 04:26:01,969", "levelname": "INFO", "process": 10356, "module": "views", "message": "User logged in", "pathname": "D:\\Django Practice\\core\\vege\\views.py", "funcName": "<module>", "lineno": 7}
{"asctime": "2025-05-03 04:26:01,969", "levelname": "WARNING", "process": 10356, "module": "views", "message": "API response slow", "pathname": "D:\\Django Practice\\core\\vege\\views.py", "funcName": "<module>", "lineno": 8}
{"asctime": "2025-05-03 04:26:01,975", "levelname": "ERROR", "process": 10356, "module": "views", "message": "Payment failed", "pathname": "D:\\Django Practice\\core\\vege\\views.py", "funcName": "<module>", "lineno": 9}
{"asctime": "2025-05-03 04:26:01,976", "levelname": "CRITICAL", "process": 10356, "module": "views", "message": "Database down", "pathname": "D:\\Django Practice\\core\\vege\\views.py", "funcName": "<module>", "lineno": 10}
{"asctime": "2025-05-03 04:26:01,996", "levelname": "INFO", "process": 10356, "module": "accounts_views_imports", "message": "User logged in", "pathname": "D:\\Django Practice\\core\\accounts\\accounts_views_imports.py", "funcName": "<module>", "lineno": 48}
{"asctime": "2025-05-03 04:26:01,998", "levelname": "WARNING", "process": 10356, "module": "accounts_views_imports", "message": "API response slow", "pathname": "D:\\Django Practice\\core\\accounts\\accounts_views_imports.py", "funcName": "<module>", "lineno": 49}
{"asctime": "2025-05-03 04:26:02,000", "levelname": "ERROR", "process": 10356, "module": "accounts_views_imports", "message": "Payment failed", "pathname": "D:\\Django Practice\\core\\accounts\\accounts_views_imports.py", "funcName": "<module>", "lineno": 50}
{"asctime": "2025-05-03 04:26:02,001", "levelname": "CRITICAL", "process": 10356, "module": "accounts_views_imports", "message": "Database down", "pathname": "D:\\Django Practice\\core\\accounts\\accounts_views_imports.py", "funcName": "<module>", "lineno": 51}
{"asctime": "2025-05-03 04:27:38,030", "levelname": "CRITICAL", "process": 10356, "module": "views", "message": "Registration failed for arohisen598@gmail.com: User() got unexpected keyword arguments: 'location', 'bio', 'birth_date', 'profile_pic'", "pathname": "D:\\Django Practice\\core\\accounts\\views.py", "funcName": "register_view", "lineno": 96, "exc_info": "Traceback (most recent call last):\n  File \"D:\\Django Practice\\core\\accounts\\views.py\", line 47, in register_view\n    user = User.objects.create_user(\n           ^^^^^^^^^^^^^^^^^^^^^^^^^\n  File \"D:\\Django Practice\\env_practice\\Lib\\site-packages\\django\\contrib\\auth\\models.py\", line 161, in create_user\n    return self._create_user(username, email, password, **extra_fields)\n           ^^^^^^^^^^^^^^^^^^^^^^^^^^^^^^^^^^^^^^^^^^^^^^^^^^^^^^^^^^^^\n  File \"D:\\Django Practice\\env_practice\\Lib\\site-packages\\django\\contrib\\auth\\models.py\", line 153, in _create_user\n    user = self.model(username=username, email=email, **extra_fields)\n           ^^^^^^^^^^^^^^^^^^^^^^^^^^^^^^^^^^^^^^^^^^^^^^^^^^^^^^^^^^\n  File \"D:\\Django Practice\\env_practice\\Lib\\site-packages\\django\\db\\models\\base.py\", line 567, in __init__\n    raise TypeError(\nTypeError: User() got unexpected keyword arguments: 'location', 'bio', 'birth_date', 'profile_pic'"}
{"asctime": "2025-05-03 20:30:28,074", "levelname": "INFO", "process": 13060, "module": "views", "message": "User logged in", "pathname": "D:\\Django Practice\\core\\vege\\views.py", "funcName": "<module>", "lineno": 7}
{"asctime": "2025-05-03 20:30:28,100", "levelname": "WARNING", "process": 13060, "module": "views", "message": "API response slow", "pathname": "D:\\Django Practice\\core\\vege\\views.py", "funcName": "<module>", "lineno": 8}
{"asctime": "2025-05-03 20:30:28,100", "levelname": "ERROR", "process": 13060, "module": "views", "message": "Payment failed", "pathname": "D:\\Django Practice\\core\\vege\\views.py", "funcName": "<module>", "lineno": 9}
{"asctime": "2025-05-03 20:30:28,100", "levelname": "CRITICAL", "process": 13060, "module": "views", "message": "Database down", "pathname": "D:\\Django Practice\\core\\vege\\views.py", "funcName": "<module>", "lineno": 10}
{"asctime": "2025-05-03 20:30:28,646", "levelname": "INFO", "process": 13060, "module": "accounts_views_imports", "message": "User logged in", "pathname": "D:\\Django Practice\\core\\accounts\\accounts_views_imports.py", "funcName": "<module>", "lineno": 48}
{"asctime": "2025-05-03 20:30:28,646", "levelname": "WARNING", "process": 13060, "module": "accounts_views_imports", "message": "API response slow", "pathname": "D:\\Django Practice\\core\\accounts\\accounts_views_imports.py", "funcName": "<module>", "lineno": 49}
{"asctime": "2025-05-03 20:30:28,648", "levelname": "ERROR", "process": 13060, "module": "accounts_views_imports", "message": "Payment failed", "pathname": "D:\\Django Practice\\core\\accounts\\accounts_views_imports.py", "funcName": "<module>", "lineno": 50}
{"asctime": "2025-05-03 20:30:28,649", "levelname": "CRITICAL", "process": 13060, "module": "accounts_views_imports", "message": "Database down", "pathname": "D:\\Django Practice\\core\\accounts\\accounts_views_imports.py", "funcName": "<module>", "lineno": 51}
{"asctime": "2025-05-03 21:27:40,854", "levelname": "INFO", "process": 3952, "module": "views", "message": "User logged in", "pathname": "D:\\Django Practice\\core\\vege\\views.py", "funcName": "<module>", "lineno": 7}
{"asctime": "2025-05-03 21:27:40,866", "levelname": "WARNING", "process": 3952, "module": "views", "message": "API response slow", "pathname": "D:\\Django Practice\\core\\vege\\views.py", "funcName": "<module>", "lineno": 8}
{"asctime": "2025-05-03 21:27:40,867", "levelname": "ERROR", "process": 3952, "module": "views", "message": "Payment failed", "pathname": "D:\\Django Practice\\core\\vege\\views.py", "funcName": "<module>", "lineno": 9}
{"asctime": "2025-05-03 21:27:40,868", "levelname": "CRITICAL", "process": 3952, "module": "views", "message": "Database down", "pathname": "D:\\Django Practice\\core\\vege\\views.py", "funcName": "<module>", "lineno": 10}
{"asctime": "2025-05-03 21:27:40,888", "levelname": "INFO", "process": 3952, "module": "accounts_views_imports", "message": "User logged in", "pathname": "D:\\Django Practice\\core\\accounts\\accounts_views_imports.py", "funcName": "<module>", "lineno": 48}
{"asctime": "2025-05-03 21:27:40,889", "levelname": "WARNING", "process": 3952, "module": "accounts_views_imports", "message": "API response slow", "pathname": "D:\\Django Practice\\core\\accounts\\accounts_views_imports.py", "funcName": "<module>", "lineno": 49}
{"asctime": "2025-05-03 21:27:40,891", "levelname": "ERROR", "process": 3952, "module": "accounts_views_imports", "message": "Payment failed", "pathname": "D:\\Django Practice\\core\\accounts\\accounts_views_imports.py", "funcName": "<module>", "lineno": 50}
{"asctime": "2025-05-03 21:27:40,892", "levelname": "CRITICAL", "process": 3952, "module": "accounts_views_imports", "message": "Database down", "pathname": "D:\\Django Practice\\core\\accounts\\accounts_views_imports.py", "funcName": "<module>", "lineno": 51}
{"asctime": "2025-05-03 21:32:23,071", "levelname": "INFO", "process": 14276, "module": "views", "message": "User logged in", "pathname": "D:\\Django Practice\\core\\vege\\views.py", "funcName": "<module>", "lineno": 7}
{"asctime": "2025-05-03 21:32:23,071", "levelname": "WARNING", "process": 14276, "module": "views", "message": "API response slow", "pathname": "D:\\Django Practice\\core\\vege\\views.py", "funcName": "<module>", "lineno": 8}
{"asctime": "2025-05-03 21:32:23,071", "levelname": "ERROR", "process": 14276, "module": "views", "message": "Payment failed", "pathname": "D:\\Django Practice\\core\\vege\\views.py", "funcName": "<module>", "lineno": 9}
{"asctime": "2025-05-03 21:32:23,071", "levelname": "CRITICAL", "process": 14276, "module": "views", "message": "Database down", "pathname": "D:\\Django Practice\\core\\vege\\views.py", "funcName": "<module>", "lineno": 10}
{"asctime": "2025-05-03 21:32:23,086", "levelname": "INFO", "process": 14276, "module": "accounts_views_imports", "message": "User logged in", "pathname": "D:\\Django Practice\\core\\accounts\\accounts_views_imports.py", "funcName": "<module>", "lineno": 48}
{"asctime": "2025-05-03 21:32:23,086", "levelname": "WARNING", "process": 14276, "module": "accounts_views_imports", "message": "API response slow", "pathname": "D:\\Django Practice\\core\\accounts\\accounts_views_imports.py", "funcName": "<module>", "lineno": 49}
{"asctime": "2025-05-03 21:32:23,086", "levelname": "ERROR", "process": 14276, "module": "accounts_views_imports", "message": "Payment failed", "pathname": "D:\\Django Practice\\core\\accounts\\accounts_views_imports.py", "funcName": "<module>", "lineno": 50}
{"asctime": "2025-05-03 21:32:23,086", "levelname": "CRITICAL", "process": 14276, "module": "accounts_views_imports", "message": "Database down", "pathname": "D:\\Django Practice\\core\\accounts\\accounts_views_imports.py", "funcName": "<module>", "lineno": 51}
{"asctime": "2025-05-03 21:47:15,705", "levelname": "INFO", "process": 11184, "module": "views", "message": "User logged in", "pathname": "D:\\Django Practice\\core\\vege\\views.py", "funcName": "<module>", "lineno": 7}
{"asctime": "2025-05-03 21:47:15,708", "levelname": "WARNING", "process": 11184, "module": "views", "message": "API response slow", "pathname": "D:\\Django Practice\\core\\vege\\views.py", "funcName": "<module>", "lineno": 8}
{"asctime": "2025-05-03 21:47:15,711", "levelname": "ERROR", "process": 11184, "module": "views", "message": "Payment failed", "pathname": "D:\\Django Practice\\core\\vege\\views.py", "funcName": "<module>", "lineno": 9}
{"asctime": "2025-05-03 21:47:15,712", "levelname": "CRITICAL", "process": 11184, "module": "views", "message": "Database down", "pathname": "D:\\Django Practice\\core\\vege\\views.py", "funcName": "<module>", "lineno": 10}
{"asctime": "2025-05-03 21:47:15,730", "levelname": "INFO", "process": 11184, "module": "accounts_views_imports", "message": "User logged in", "pathname": "D:\\Django Practice\\core\\accounts\\accounts_views_imports.py", "funcName": "<module>", "lineno": 48}
{"asctime": "2025-05-03 21:47:15,730", "levelname": "WARNING", "process": 11184, "module": "accounts_views_imports", "message": "API response slow", "pathname": "D:\\Django Practice\\core\\accounts\\accounts_views_imports.py", "funcName": "<module>", "lineno": 49}
{"asctime": "2025-05-03 21:47:15,730", "levelname": "ERROR", "process": 11184, "module": "accounts_views_imports", "message": "Payment failed", "pathname": "D:\\Django Practice\\core\\accounts\\accounts_views_imports.py", "funcName": "<module>", "lineno": 50}
{"asctime": "2025-05-03 21:47:15,730", "levelname": "CRITICAL", "process": 11184, "module": "accounts_views_imports", "message": "Database down", "pathname": "D:\\Django Practice\\core\\accounts\\accounts_views_imports.py", "funcName": "<module>", "lineno": 51}
{"asctime": "2025-05-03 21:48:40,793", "levelname": "INFO", "process": 8724, "module": "views", "message": "User logged in", "pathname": "D:\\Django Practice\\core\\vege\\views.py", "funcName": "<module>", "lineno": 7}
{"asctime": "2025-05-03 21:48:40,793", "levelname": "WARNING", "process": 8724, "module": "views", "message": "API response slow", "pathname": "D:\\Django Practice\\core\\vege\\views.py", "funcName": "<module>", "lineno": 8}
{"asctime": "2025-05-03 21:48:40,808", "levelname": "ERROR", "process": 8724, "module": "views", "message": "Payment failed", "pathname": "D:\\Django Practice\\core\\vege\\views.py", "funcName": "<module>", "lineno": 9}
{"asctime": "2025-05-03 21:48:40,808", "levelname": "CRITICAL", "process": 8724, "module": "views", "message": "Database down", "pathname": "D:\\Django Practice\\core\\vege\\views.py", "funcName": "<module>", "lineno": 10}
{"asctime": "2025-05-03 21:48:40,824", "levelname": "INFO", "process": 8724, "module": "accounts_views_imports", "message": "User logged in", "pathname": "D:\\Django Practice\\core\\accounts\\accounts_views_imports.py", "funcName": "<module>", "lineno": 48}
{"asctime": "2025-05-03 21:48:40,824", "levelname": "WARNING", "process": 8724, "module": "accounts_views_imports", "message": "API response slow", "pathname": "D:\\Django Practice\\core\\accounts\\accounts_views_imports.py", "funcName": "<module>", "lineno": 49}
{"asctime": "2025-05-03 21:48:40,824", "levelname": "ERROR", "process": 8724, "module": "accounts_views_imports", "message": "Payment failed", "pathname": "D:\\Django Practice\\core\\accounts\\accounts_views_imports.py", "funcName": "<module>", "lineno": 50}
{"asctime": "2025-05-03 21:48:40,824", "levelname": "CRITICAL", "process": 8724, "module": "accounts_views_imports", "message": "Database down", "pathname": "D:\\Django Practice\\core\\accounts\\accounts_views_imports.py", "funcName": "<module>", "lineno": 51}
{"asctime": "2025-05-03 21:49:03,105", "levelname": "INFO", "process": 14996, "module": "views", "message": "User logged in", "pathname": "D:\\Django Practice\\core\\vege\\views.py", "funcName": "<module>", "lineno": 7}
{"asctime": "2025-05-03 21:49:03,105", "levelname": "WARNING", "process": 14996, "module": "views", "message": "API response slow", "pathname": "D:\\Django Practice\\core\\vege\\views.py", "funcName": "<module>", "lineno": 8}
{"asctime": "2025-05-03 21:49:03,105", "levelname": "ERROR", "process": 14996, "module": "views", "message": "Payment failed", "pathname": "D:\\Django Practice\\core\\vege\\views.py", "funcName": "<module>", "lineno": 9}
{"asctime": "2025-05-03 21:49:03,105", "levelname": "CRITICAL", "process": 14996, "module": "views", "message": "Database down", "pathname": "D:\\Django Practice\\core\\vege\\views.py", "funcName": "<module>", "lineno": 10}
{"asctime": "2025-05-03 21:49:03,136", "levelname": "INFO", "process": 14996, "module": "accounts_views_imports", "message": "User logged in", "pathname": "D:\\Django Practice\\core\\accounts\\accounts_views_imports.py", "funcName": "<module>", "lineno": 48}
{"asctime": "2025-05-03 21:49:03,136", "levelname": "WARNING", "process": 14996, "module": "accounts_views_imports", "message": "API response slow", "pathname": "D:\\Django Practice\\core\\accounts\\accounts_views_imports.py", "funcName": "<module>", "lineno": 49}
{"asctime": "2025-05-03 21:49:03,136", "levelname": "ERROR", "process": 14996, "module": "accounts_views_imports", "message": "Payment failed", "pathname": "D:\\Django Practice\\core\\accounts\\accounts_views_imports.py", "funcName": "<module>", "lineno": 50}
{"asctime": "2025-05-03 21:49:03,136", "levelname": "CRITICAL", "process": 14996, "module": "accounts_views_imports", "message": "Database down", "pathname": "D:\\Django Practice\\core\\accounts\\accounts_views_imports.py", "funcName": "<module>", "lineno": 51}
{"asctime": "2025-05-03 21:49:15,104", "levelname": "INFO", "process": 2692, "module": "views", "message": "User logged in", "pathname": "D:\\Django Practice\\core\\vege\\views.py", "funcName": "<module>", "lineno": 7}
{"asctime": "2025-05-03 21:49:15,105", "levelname": "WARNING", "process": 2692, "module": "views", "message": "API response slow", "pathname": "D:\\Django Practice\\core\\vege\\views.py", "funcName": "<module>", "lineno": 8}
{"asctime": "2025-05-03 21:49:15,107", "levelname": "ERROR", "process": 2692, "module": "views", "message": "Payment failed", "pathname": "D:\\Django Practice\\core\\vege\\views.py", "funcName": "<module>", "lineno": 9}
{"asctime": "2025-05-03 21:49:15,108", "levelname": "CRITICAL", "process": 2692, "module": "views", "message": "Database down", "pathname": "D:\\Django Practice\\core\\vege\\views.py", "funcName": "<module>", "lineno": 10}
{"asctime": "2025-05-03 21:49:15,130", "levelname": "INFO", "process": 2692, "module": "accounts_views_imports", "message": "User logged in", "pathname": "D:\\Django Practice\\core\\accounts\\accounts_views_imports.py", "funcName": "<module>", "lineno": 48}
{"asctime": "2025-05-03 21:49:15,132", "levelname": "WARNING", "process": 2692, "module": "accounts_views_imports", "message": "API response slow", "pathname": "D:\\Django Practice\\core\\accounts\\accounts_views_imports.py", "funcName": "<module>", "lineno": 49}
{"asctime": "2025-05-03 21:49:15,133", "levelname": "ERROR", "process": 2692, "module": "accounts_views_imports", "message": "Payment failed", "pathname": "D:\\Django Practice\\core\\accounts\\accounts_views_imports.py", "funcName": "<module>", "lineno": 50}
{"asctime": "2025-05-03 21:49:15,135", "levelname": "CRITICAL", "process": 2692, "module": "accounts_views_imports", "message": "Database down", "pathname": "D:\\Django Practice\\core\\accounts\\accounts_views_imports.py", "funcName": "<module>", "lineno": 51}
{"asctime": "2025-05-03 21:50:27,967", "levelname": "INFO", "process": 12396, "module": "views", "message": "User logged in", "pathname": "D:\\Django Practice\\core\\vege\\views.py", "funcName": "<module>", "lineno": 7}
{"asctime": "2025-05-03 21:50:27,967", "levelname": "WARNING", "process": 12396, "module": "views", "message": "API response slow", "pathname": "D:\\Django Practice\\core\\vege\\views.py", "funcName": "<module>", "lineno": 8}
{"asctime": "2025-05-03 21:50:27,967", "levelname": "ERROR", "process": 12396, "module": "views", "message": "Payment failed", "pathname": "D:\\Django Practice\\core\\vege\\views.py", "funcName": "<module>", "lineno": 9}
{"asctime": "2025-05-03 21:50:27,967", "levelname": "CRITICAL", "process": 12396, "module": "views", "message": "Database down", "pathname": "D:\\Django Practice\\core\\vege\\views.py", "funcName": "<module>", "lineno": 10}
{"asctime": "2025-05-03 21:50:27,982", "levelname": "INFO", "process": 12396, "module": "accounts_views_imports", "message": "User logged in", "pathname": "D:\\Django Practice\\core\\accounts\\accounts_views_imports.py", "funcName": "<module>", "lineno": 48}
{"asctime": "2025-05-03 21:50:27,982", "levelname": "WARNING", "process": 12396, "module": "accounts_views_imports", "message": "API response slow", "pathname": "D:\\Django Practice\\core\\accounts\\accounts_views_imports.py", "funcName": "<module>", "lineno": 49}
{"asctime": "2025-05-03 21:50:27,982", "levelname": "ERROR", "process": 12396, "module": "accounts_views_imports", "message": "Payment failed", "pathname": "D:\\Django Practice\\core\\accounts\\accounts_views_imports.py", "funcName": "<module>", "lineno": 50}
{"asctime": "2025-05-03 21:50:27,982", "levelname": "CRITICAL", "process": 12396, "module": "accounts_views_imports", "message": "Database down", "pathname": "D:\\Django Practice\\core\\accounts\\accounts_views_imports.py", "funcName": "<module>", "lineno": 51}
{"asctime": "2025-05-03 21:51:28,207", "levelname": "INFO", "process": 13576, "module": "views", "message": "User logged in", "pathname": "D:\\Django Practice\\core\\vege\\views.py", "funcName": "<module>", "lineno": 7}
{"asctime": "2025-05-03 21:51:28,207", "levelname": "WARNING", "process": 13576, "module": "views", "message": "API response slow", "pathname": "D:\\Django Practice\\core\\vege\\views.py", "funcName": "<module>", "lineno": 8}
{"asctime": "2025-05-03 21:51:28,207", "levelname": "ERROR", "process": 13576, "module": "views", "message": "Payment failed", "pathname": "D:\\Django Practice\\core\\vege\\views.py", "funcName": "<module>", "lineno": 9}
{"asctime": "2025-05-03 21:51:28,207", "levelname": "CRITICAL", "process": 13576, "module": "views", "message": "Database down", "pathname": "D:\\Django Practice\\core\\vege\\views.py", "funcName": "<module>", "lineno": 10}
{"asctime": "2025-05-03 21:51:28,223", "levelname": "INFO", "process": 13576, "module": "accounts_views_imports", "message": "User logged in", "pathname": "D:\\Django Practice\\core\\accounts\\accounts_views_imports.py", "funcName": "<module>", "lineno": 48}
{"asctime": "2025-05-03 21:51:28,223", "levelname": "WARNING", "process": 13576, "module": "accounts_views_imports", "message": "API response slow", "pathname": "D:\\Django Practice\\core\\accounts\\accounts_views_imports.py", "funcName": "<module>", "lineno": 49}
{"asctime": "2025-05-03 21:51:28,223", "levelname": "ERROR", "process": 13576, "module": "accounts_views_imports", "message": "Payment failed", "pathname": "D:\\Django Practice\\core\\accounts\\accounts_views_imports.py", "funcName": "<module>", "lineno": 50}
{"asctime": "2025-05-03 21:51:28,223", "levelname": "CRITICAL", "process": 13576, "module": "accounts_views_imports", "message": "Database down", "pathname": "D:\\Django Practice\\core\\accounts\\accounts_views_imports.py", "funcName": "<module>", "lineno": 51}
{"asctime": "2025-05-03 21:55:12,496", "levelname": "INFO", "process": 13580, "module": "views", "message": "User logged in", "pathname": "D:\\Django Practice\\core\\vege\\views.py", "funcName": "<module>", "lineno": 7}
{"asctime": "2025-05-03 21:55:12,496", "levelname": "WARNING", "process": 13580, "module": "views", "message": "API response slow", "pathname": "D:\\Django Practice\\core\\vege\\views.py", "funcName": "<module>", "lineno": 8}
{"asctime": "2025-05-03 21:55:12,496", "levelname": "ERROR", "process": 13580, "module": "views", "message": "Payment failed", "pathname": "D:\\Django Practice\\core\\vege\\views.py", "funcName": "<module>", "lineno": 9}
{"asctime": "2025-05-03 21:55:12,496", "levelname": "CRITICAL", "process": 13580, "module": "views", "message": "Database down", "pathname": "D:\\Django Practice\\core\\vege\\views.py", "funcName": "<module>", "lineno": 10}
{"asctime": "2025-05-03 21:55:12,512", "levelname": "INFO", "process": 13580, "module": "accounts_views_imports", "message": "User logged in", "pathname": "D:\\Django Practice\\core\\accounts\\accounts_views_imports.py", "funcName": "<module>", "lineno": 48}
{"asctime": "2025-05-03 21:55:12,512", "levelname": "WARNING", "process": 13580, "module": "accounts_views_imports", "message": "API response slow", "pathname": "D:\\Django Practice\\core\\accounts\\accounts_views_imports.py", "funcName": "<module>", "lineno": 49}
{"asctime": "2025-05-03 21:55:12,512", "levelname": "ERROR", "process": 13580, "module": "accounts_views_imports", "message": "Payment failed", "pathname": "D:\\Django Practice\\core\\accounts\\accounts_views_imports.py", "funcName": "<module>", "lineno": 50}
{"asctime": "2025-05-03 21:55:12,512", "levelname": "CRITICAL", "process": 13580, "module": "accounts_views_imports", "message": "Database down", "pathname": "D:\\Django Practice\\core\\accounts\\accounts_views_imports.py", "funcName": "<module>", "lineno": 51}
{"asctime": "2025-05-03 21:56:29,685", "levelname": "INFO", "process": 4720, "module": "views", "message": "User logged in", "pathname": "D:\\Django Practice\\core\\vege\\views.py", "funcName": "<module>", "lineno": 7}
{"asctime": "2025-05-03 21:56:29,685", "levelname": "WARNING", "process": 4720, "module": "views", "message": "API response slow", "pathname": "D:\\Django Practice\\core\\vege\\views.py", "funcName": "<module>", "lineno": 8}
{"asctime": "2025-05-03 21:56:29,685", "levelname": "ERROR", "process": 4720, "module": "views", "message": "Payment failed", "pathname": "D:\\Django Practice\\core\\vege\\views.py", "funcName": "<module>", "lineno": 9}
{"asctime": "2025-05-03 21:56:29,701", "levelname": "CRITICAL", "process": 4720, "module": "views", "message": "Database down", "pathname": "D:\\Django Practice\\core\\vege\\views.py", "funcName": "<module>", "lineno": 10}
{"asctime": "2025-05-03 21:56:29,716", "levelname": "INFO", "process": 4720, "module": "accounts_views_imports", "message": "User logged in", "pathname": "D:\\Django Practice\\core\\accounts\\accounts_views_imports.py", "funcName": "<module>", "lineno": 48}
{"asctime": "2025-05-03 21:56:29,716", "levelname": "WARNING", "process": 4720, "module": "accounts_views_imports", "message": "API response slow", "pathname": "D:\\Django Practice\\core\\accounts\\accounts_views_imports.py", "funcName": "<module>", "lineno": 49}
{"asctime": "2025-05-03 21:56:29,716", "levelname": "ERROR", "process": 4720, "module": "accounts_views_imports", "message": "Payment failed", "pathname": "D:\\Django Practice\\core\\accounts\\accounts_views_imports.py", "funcName": "<module>", "lineno": 50}
{"asctime": "2025-05-03 21:56:29,716", "levelname": "CRITICAL", "process": 4720, "module": "accounts_views_imports", "message": "Database down", "pathname": "D:\\Django Practice\\core\\accounts\\accounts_views_imports.py", "funcName": "<module>", "lineno": 51}
{"asctime": "2025-05-03 22:03:57,306", "levelname": "INFO", "process": 7248, "module": "views", "message": "User logged in", "pathname": "D:\\Django Practice\\core\\vege\\views.py", "funcName": "<module>", "lineno": 7}
{"asctime": "2025-05-03 22:03:57,306", "levelname": "WARNING", "process": 7248, "module": "views", "message": "API response slow", "pathname": "D:\\Django Practice\\core\\vege\\views.py", "funcName": "<module>", "lineno": 8}
{"asctime": "2025-05-03 22:03:57,306", "levelname": "ERROR", "process": 7248, "module": "views", "message": "Payment failed", "pathname": "D:\\Django Practice\\core\\vege\\views.py", "funcName": "<module>", "lineno": 9}
{"asctime": "2025-05-03 22:03:57,306", "levelname": "CRITICAL", "process": 7248, "module": "views", "message": "Database down", "pathname": "D:\\Django Practice\\core\\vege\\views.py", "funcName": "<module>", "lineno": 10}
{"asctime": "2025-05-03 22:03:57,336", "levelname": "INFO", "process": 7248, "module": "accounts_views_imports", "message": "User logged in", "pathname": "D:\\Django Practice\\core\\accounts\\accounts_views_imports.py", "funcName": "<module>", "lineno": 48}
{"asctime": "2025-05-03 22:03:57,338", "levelname": "WARNING", "process": 7248, "module": "accounts_views_imports", "message": "API response slow", "pathname": "D:\\Django Practice\\core\\accounts\\accounts_views_imports.py", "funcName": "<module>", "lineno": 49}
{"asctime": "2025-05-03 22:03:57,341", "levelname": "ERROR", "process": 7248, "module": "accounts_views_imports", "message": "Payment failed", "pathname": "D:\\Django Practice\\core\\accounts\\accounts_views_imports.py", "funcName": "<module>", "lineno": 50}
{"asctime": "2025-05-03 22:03:57,342", "levelname": "CRITICAL", "process": 7248, "module": "accounts_views_imports", "message": "Database down", "pathname": "D:\\Django Practice\\core\\accounts\\accounts_views_imports.py", "funcName": "<module>", "lineno": 51}
{"asctime": "2025-05-03 22:04:14,474", "levelname": "INFO", "process": 13124, "module": "views", "message": "User logged in", "pathname": "D:\\Django Practice\\core\\vege\\views.py", "funcName": "<module>", "lineno": 7}
{"asctime": "2025-05-03 22:04:14,474", "levelname": "WARNING", "process": 13124, "module": "views", "message": "API response slow", "pathname": "D:\\Django Practice\\core\\vege\\views.py", "funcName": "<module>", "lineno": 8}
{"asctime": "2025-05-03 22:04:14,474", "levelname": "ERROR", "process": 13124, "module": "views", "message": "Payment failed", "pathname": "D:\\Django Practice\\core\\vege\\views.py", "funcName": "<module>", "lineno": 9}
{"asctime": "2025-05-03 22:04:14,474", "levelname": "CRITICAL", "process": 13124, "module": "views", "message": "Database down", "pathname": "D:\\Django Practice\\core\\vege\\views.py", "funcName": "<module>", "lineno": 10}
{"asctime": "2025-05-03 22:04:14,489", "levelname": "INFO", "process": 13124, "module": "accounts_views_imports", "message": "User logged in", "pathname": "D:\\Django Practice\\core\\accounts\\accounts_views_imports.py", "funcName": "<module>", "lineno": 48}
{"asctime": "2025-05-03 22:04:14,489", "levelname": "WARNING", "process": 13124, "module": "accounts_views_imports", "message": "API response slow", "pathname": "D:\\Django Practice\\core\\accounts\\accounts_views_imports.py", "funcName": "<module>", "lineno": 49}
{"asctime": "2025-05-03 22:04:14,489", "levelname": "ERROR", "process": 13124, "module": "accounts_views_imports", "message": "Payment failed", "pathname": "D:\\Django Practice\\core\\accounts\\accounts_views_imports.py", "funcName": "<module>", "lineno": 50}
{"asctime": "2025-05-03 22:04:14,489", "levelname": "CRITICAL", "process": 13124, "module": "accounts_views_imports", "message": "Database down", "pathname": "D:\\Django Practice\\core\\accounts\\accounts_views_imports.py", "funcName": "<module>", "lineno": 51}
{"asctime": "2025-05-03 22:05:31,525", "levelname": "INFO", "process": 2928, "module": "views", "message": "User logged in", "pathname": "D:\\Django Practice\\core\\vege\\views.py", "funcName": "<module>", "lineno": 7}
{"asctime": "2025-05-03 22:05:31,525", "levelname": "WARNING", "process": 2928, "module": "views", "message": "API response slow", "pathname": "D:\\Django Practice\\core\\vege\\views.py", "funcName": "<module>", "lineno": 8}
{"asctime": "2025-05-03 22:05:31,525", "levelname": "ERROR", "process": 2928, "module": "views", "message": "Payment failed", "pathname": "D:\\Django Practice\\core\\vege\\views.py", "funcName": "<module>", "lineno": 9}
{"asctime": "2025-05-03 22:05:31,525", "levelname": "CRITICAL", "process": 2928, "module": "views", "message": "Database down", "pathname": "D:\\Django Practice\\core\\vege\\views.py", "funcName": "<module>", "lineno": 10}
{"asctime": "2025-05-03 22:05:31,540", "levelname": "INFO", "process": 2928, "module": "accounts_views_imports", "message": "User logged in", "pathname": "D:\\Django Practice\\core\\accounts\\accounts_views_imports.py", "funcName": "<module>", "lineno": 48}
{"asctime": "2025-05-03 22:05:31,540", "levelname": "WARNING", "process": 2928, "module": "accounts_views_imports", "message": "API response slow", "pathname": "D:\\Django Practice\\core\\accounts\\accounts_views_imports.py", "funcName": "<module>", "lineno": 49}
{"asctime": "2025-05-03 22:05:31,540", "levelname": "ERROR", "process": 2928, "module": "accounts_views_imports", "message": "Payment failed", "pathname": "D:\\Django Practice\\core\\accounts\\accounts_views_imports.py", "funcName": "<module>", "lineno": 50}
{"asctime": "2025-05-03 22:05:31,540", "levelname": "CRITICAL", "process": 2928, "module": "accounts_views_imports", "message": "Database down", "pathname": "D:\\Django Practice\\core\\accounts\\accounts_views_imports.py", "funcName": "<module>", "lineno": 51}
{"asctime": "2025-05-03 22:10:01,353", "levelname": "INFO", "process": 10104, "module": "views", "message": "User logged in", "pathname": "D:\\Django Practice\\core\\vege\\views.py", "funcName": "<module>", "lineno": 7}
{"asctime": "2025-05-03 22:10:01,353", "levelname": "WARNING", "process": 10104, "module": "views", "message": "API response slow", "pathname": "D:\\Django Practice\\core\\vege\\views.py", "funcName": "<module>", "lineno": 8}
{"asctime": "2025-05-03 22:10:01,353", "levelname": "ERROR", "process": 10104, "module": "views", "message": "Payment failed", "pathname": "D:\\Django Practice\\core\\vege\\views.py", "funcName": "<module>", "lineno": 9}
{"asctime": "2025-05-03 22:10:01,353", "levelname": "CRITICAL", "process": 10104, "module": "views", "message": "Database down", "pathname": "D:\\Django Practice\\core\\vege\\views.py", "funcName": "<module>", "lineno": 10}
{"asctime": "2025-05-03 22:10:01,368", "levelname": "INFO", "process": 10104, "module": "accounts_views_imports", "message": "User logged in", "pathname": "D:\\Django Practice\\core\\accounts\\accounts_views_imports.py", "funcName": "<module>", "lineno": 48}
{"asctime": "2025-05-03 22:10:01,368", "levelname": "WARNING", "process": 10104, "module": "accounts_views_imports", "message": "API response slow", "pathname": "D:\\Django Practice\\core\\accounts\\accounts_views_imports.py", "funcName": "<module>", "lineno": 49}
{"asctime": "2025-05-03 22:10:01,368", "levelname": "ERROR", "process": 10104, "module": "accounts_views_imports", "message": "Payment failed", "pathname": "D:\\Django Practice\\core\\accounts\\accounts_views_imports.py", "funcName": "<module>", "lineno": 50}
{"asctime": "2025-05-03 22:10:01,368", "levelname": "CRITICAL", "process": 10104, "module": "accounts_views_imports", "message": "Database down", "pathname": "D:\\Django Practice\\core\\accounts\\accounts_views_imports.py", "funcName": "<module>", "lineno": 51}
{"asctime": "2025-05-03 22:13:43,080", "levelname": "INFO", "process": 14276, "module": "views", "message": "User logged in", "pathname": "D:\\Django Practice\\core\\vege\\views.py", "funcName": "<module>", "lineno": 7}
{"asctime": "2025-05-03 22:13:43,080", "levelname": "WARNING", "process": 14276, "module": "views", "message": "API response slow", "pathname": "D:\\Django Practice\\core\\vege\\views.py", "funcName": "<module>", "lineno": 8}
{"asctime": "2025-05-03 22:13:43,080", "levelname": "ERROR", "process": 14276, "module": "views", "message": "Payment failed", "pathname": "D:\\Django Practice\\core\\vege\\views.py", "funcName": "<module>", "lineno": 9}
{"asctime": "2025-05-03 22:13:43,080", "levelname": "CRITICAL", "process": 14276, "module": "views", "message": "Database down", "pathname": "D:\\Django Practice\\core\\vege\\views.py", "funcName": "<module>", "lineno": 10}
{"asctime": "2025-05-03 22:13:43,095", "levelname": "INFO", "process": 14276, "module": "accounts_views_imports", "message": "User logged in", "pathname": "D:\\Django Practice\\core\\accounts\\accounts_views_imports.py", "funcName": "<module>", "lineno": 48}
{"asctime": "2025-05-03 22:13:43,111", "levelname": "WARNING", "process": 14276, "module": "accounts_views_imports", "message": "API response slow", "pathname": "D:\\Django Practice\\core\\accounts\\accounts_views_imports.py", "funcName": "<module>", "lineno": 49}
{"asctime": "2025-05-03 22:13:43,111", "levelname": "ERROR", "process": 14276, "module": "accounts_views_imports", "message": "Payment failed", "pathname": "D:\\Django Practice\\core\\accounts\\accounts_views_imports.py", "funcName": "<module>", "lineno": 50}
{"asctime": "2025-05-03 22:13:43,111", "levelname": "CRITICAL", "process": 14276, "module": "accounts_views_imports", "message": "Database down", "pathname": "D:\\Django Practice\\core\\accounts\\accounts_views_imports.py", "funcName": "<module>", "lineno": 51}
{"asctime": "2025-05-03 22:14:28,418", "levelname": "INFO", "process": 2756, "module": "views", "message": "User logged in", "pathname": "D:\\Django Practice\\core\\vege\\views.py", "funcName": "<module>", "lineno": 7}
{"asctime": "2025-05-03 22:14:28,419", "levelname": "WARNING", "process": 2756, "module": "views", "message": "API response slow", "pathname": "D:\\Django Practice\\core\\vege\\views.py", "funcName": "<module>", "lineno": 8}
{"asctime": "2025-05-03 22:14:28,423", "levelname": "ERROR", "process": 2756, "module": "views", "message": "Payment failed", "pathname": "D:\\Django Practice\\core\\vege\\views.py", "funcName": "<module>", "lineno": 9}
{"asctime": "2025-05-03 22:14:28,423", "levelname": "CRITICAL", "process": 2756, "module": "views", "message": "Database down", "pathname": "D:\\Django Practice\\core\\vege\\views.py", "funcName": "<module>", "lineno": 10}
{"asctime": "2025-05-03 22:14:28,444", "levelname": "INFO", "process": 2756, "module": "accounts_views_imports", "message": "User logged in", "pathname": "D:\\Django Practice\\core\\accounts\\accounts_views_imports.py", "funcName": "<module>", "lineno": 48}
{"asctime": "2025-05-03 22:14:28,445", "levelname": "WARNING", "process": 2756, "module": "accounts_views_imports", "message": "API response slow", "pathname": "D:\\Django Practice\\core\\accounts\\accounts_views_imports.py", "funcName": "<module>", "lineno": 49}
{"asctime": "2025-05-03 22:14:28,446", "levelname": "ERROR", "process": 2756, "module": "accounts_views_imports", "message": "Payment failed", "pathname": "D:\\Django Practice\\core\\accounts\\accounts_views_imports.py", "funcName": "<module>", "lineno": 50}
{"asctime": "2025-05-03 22:14:28,447", "levelname": "CRITICAL", "process": 2756, "module": "accounts_views_imports", "message": "Database down", "pathname": "D:\\Django Practice\\core\\accounts\\accounts_views_imports.py", "funcName": "<module>", "lineno": 51}
{"asctime": "2025-05-03 22:15:02,468", "levelname": "INFO", "process": 12420, "module": "views", "message": "User logged in", "pathname": "D:\\Django Practice\\core\\vege\\views.py", "funcName": "<module>", "lineno": 7}
{"asctime": "2025-05-03 22:15:02,492", "levelname": "WARNING", "process": 12420, "module": "views", "message": "API response slow", "pathname": "D:\\Django Practice\\core\\vege\\views.py", "funcName": "<module>", "lineno": 8}
{"asctime": "2025-05-03 22:15:02,498", "levelname": "ERROR", "process": 12420, "module": "views", "message": "Payment failed", "pathname": "D:\\Django Practice\\core\\vege\\views.py", "funcName": "<module>", "lineno": 9}
{"asctime": "2025-05-03 22:15:02,499", "levelname": "CRITICAL", "process": 12420, "module": "views", "message": "Database down", "pathname": "D:\\Django Practice\\core\\vege\\views.py", "funcName": "<module>", "lineno": 10}
{"asctime": "2025-05-03 22:15:02,553", "levelname": "INFO", "process": 12420, "module": "accounts_views_imports", "message": "User logged in", "pathname": "D:\\Django Practice\\core\\accounts\\accounts_views_imports.py", "funcName": "<module>", "lineno": 48}
{"asctime": "2025-05-03 22:15:02,553", "levelname": "WARNING", "process": 12420, "module": "accounts_views_imports", "message": "API response slow", "pathname": "D:\\Django Practice\\core\\accounts\\accounts_views_imports.py", "funcName": "<module>", "lineno": 49}
{"asctime": "2025-05-03 22:15:02,553", "levelname": "ERROR", "process": 12420, "module": "accounts_views_imports", "message": "Payment failed", "pathname": "D:\\Django Practice\\core\\accounts\\accounts_views_imports.py", "funcName": "<module>", "lineno": 50}
{"asctime": "2025-05-03 22:15:02,553", "levelname": "CRITICAL", "process": 12420, "module": "accounts_views_imports", "message": "Database down", "pathname": "D:\\Django Practice\\core\\accounts\\accounts_views_imports.py", "funcName": "<module>", "lineno": 51}
{"asctime": "2025-05-04 00:50:33,403", "levelname": "INFO", "process": 4100, "module": "views", "message": "User logged in", "pathname": "D:\\Django Practice\\core\\vege\\views.py", "funcName": "<module>", "lineno": 7}
{"asctime": "2025-05-04 00:50:33,432", "levelname": "WARNING", "process": 4100, "module": "views", "message": "API response slow", "pathname": "D:\\Django Practice\\core\\vege\\views.py", "funcName": "<module>", "lineno": 8}
{"asctime": "2025-05-04 00:50:33,434", "levelname": "ERROR", "process": 4100, "module": "views", "message": "Payment failed", "pathname": "D:\\Django Practice\\core\\vege\\views.py", "funcName": "<module>", "lineno": 9}
{"asctime": "2025-05-04 00:50:33,436", "levelname": "CRITICAL", "process": 4100, "module": "views", "message": "Database down", "pathname": "D:\\Django Practice\\core\\vege\\views.py", "funcName": "<module>", "lineno": 10}
{"asctime": "2025-05-04 00:50:33,750", "levelname": "INFO", "process": 4100, "module": "accounts_views_imports", "message": "User logged in", "pathname": "D:\\Django Practice\\core\\accounts\\accounts_views_imports.py", "funcName": "<module>", "lineno": 48}
{"asctime": "2025-05-04 00:50:33,750", "levelname": "WARNING", "process": 4100, "module": "accounts_views_imports", "message": "API response slow", "pathname": "D:\\Django Practice\\core\\accounts\\accounts_views_imports.py", "funcName": "<module>", "lineno": 49}
{"asctime": "2025-05-04 00:50:33,750", "levelname": "ERROR", "process": 4100, "module": "accounts_views_imports", "message": "Payment failed", "pathname": "D:\\Django Practice\\core\\accounts\\accounts_views_imports.py", "funcName": "<module>", "lineno": 50}
{"asctime": "2025-05-04 00:50:33,750", "levelname": "CRITICAL", "process": 4100, "module": "accounts_views_imports", "message": "Database down", "pathname": "D:\\Django Practice\\core\\accounts\\accounts_views_imports.py", "funcName": "<module>", "lineno": 51}
{"asctime": "2025-05-04 00:50:41,970", "levelname": "INFO", "process": 1380, "module": "views", "message": "User logged in", "pathname": "D:\\Django Practice\\core\\vege\\views.py", "funcName": "<module>", "lineno": 7}
{"asctime": "2025-05-04 00:50:41,972", "levelname": "WARNING", "process": 1380, "module": "views", "message": "API response slow", "pathname": "D:\\Django Practice\\core\\vege\\views.py", "funcName": "<module>", "lineno": 8}
{"asctime": "2025-05-04 00:50:41,973", "levelname": "ERROR", "process": 1380, "module": "views", "message": "Payment failed", "pathname": "D:\\Django Practice\\core\\vege\\views.py", "funcName": "<module>", "lineno": 9}
{"asctime": "2025-05-04 00:50:41,974", "levelname": "CRITICAL", "process": 1380, "module": "views", "message": "Database down", "pathname": "D:\\Django Practice\\core\\vege\\views.py", "funcName": "<module>", "lineno": 10}
{"asctime": "2025-05-04 00:50:42,038", "levelname": "INFO", "process": 1380, "module": "accounts_views_imports", "message": "User logged in", "pathname": "D:\\Django Practice\\core\\accounts\\accounts_views_imports.py", "funcName": "<module>", "lineno": 48}
{"asctime": "2025-05-04 00:50:42,040", "levelname": "WARNING", "process": 1380, "module": "accounts_views_imports", "message": "API response slow", "pathname": "D:\\Django Practice\\core\\accounts\\accounts_views_imports.py", "funcName": "<module>", "lineno": 49}
{"asctime": "2025-05-04 00:50:42,041", "levelname": "ERROR", "process": 1380, "module": "accounts_views_imports", "message": "Payment failed", "pathname": "D:\\Django Practice\\core\\accounts\\accounts_views_imports.py", "funcName": "<module>", "lineno": 50}
{"asctime": "2025-05-04 00:50:42,055", "levelname": "CRITICAL", "process": 1380, "module": "accounts_views_imports", "message": "Database down", "pathname": "D:\\Django Practice\\core\\accounts\\accounts_views_imports.py", "funcName": "<module>", "lineno": 51}
{"asctime": "2025-05-04 00:51:55,429", "levelname": "INFO", "process": 14924, "module": "views", "message": "User logged in", "pathname": "D:\\Django Practice\\core\\vege\\views.py", "funcName": "<module>", "lineno": 7}
{"asctime": "2025-05-04 00:51:55,430", "levelname": "WARNING", "process": 14924, "module": "views", "message": "API response slow", "pathname": "D:\\Django Practice\\core\\vege\\views.py", "funcName": "<module>", "lineno": 8}
{"asctime": "2025-05-04 00:51:55,431", "levelname": "ERROR", "process": 14924, "module": "views", "message": "Payment failed", "pathname": "D:\\Django Practice\\core\\vege\\views.py", "funcName": "<module>", "lineno": 9}
{"asctime": "2025-05-04 00:51:55,433", "levelname": "CRITICAL", "process": 14924, "module": "views", "message": "Database down", "pathname": "D:\\Django Practice\\core\\vege\\views.py", "funcName": "<module>", "lineno": 10}
{"asctime": "2025-05-04 00:51:55,488", "levelname": "INFO", "process": 14924, "module": "accounts_views_imports", "message": "User logged in", "pathname": "D:\\Django Practice\\core\\accounts\\accounts_views_imports.py", "funcName": "<module>", "lineno": 48}
{"asctime": "2025-05-04 00:51:55,490", "levelname": "WARNING", "process": 14924, "module": "accounts_views_imports", "message": "API response slow", "pathname": "D:\\Django Practice\\core\\accounts\\accounts_views_imports.py", "funcName": "<module>", "lineno": 49}
{"asctime": "2025-05-04 00:51:55,492", "levelname": "ERROR", "process": 14924, "module": "accounts_views_imports", "message": "Payment failed", "pathname": "D:\\Django Practice\\core\\accounts\\accounts_views_imports.py", "funcName": "<module>", "lineno": 50}
{"asctime": "2025-05-04 00:51:55,494", "levelname": "CRITICAL", "process": 14924, "module": "accounts_views_imports", "message": "Database down", "pathname": "D:\\Django Practice\\core\\accounts\\accounts_views_imports.py", "funcName": "<module>", "lineno": 51}
{"asctime": "2025-05-04 00:52:11,415", "levelname": "INFO", "process": 14292, "module": "views", "message": "User logged in", "pathname": "D:\\Django Practice\\core\\vege\\views.py", "funcName": "<module>", "lineno": 7}
{"asctime": "2025-05-04 00:52:11,420", "levelname": "WARNING", "process": 14292, "module": "views", "message": "API response slow", "pathname": "D:\\Django Practice\\core\\vege\\views.py", "funcName": "<module>", "lineno": 8}
{"asctime": "2025-05-04 00:52:11,420", "levelname": "ERROR", "process": 14292, "module": "views", "message": "Payment failed", "pathname": "D:\\Django Practice\\core\\vege\\views.py", "funcName": "<module>", "lineno": 9}
{"asctime": "2025-05-04 00:52:11,420", "levelname": "CRITICAL", "process": 14292, "module": "views", "message": "Database down", "pathname": "D:\\Django Practice\\core\\vege\\views.py", "funcName": "<module>", "lineno": 10}
{"asctime": "2025-05-04 00:52:11,444", "levelname": "INFO", "process": 14292, "module": "accounts_views_imports", "message": "User logged in", "pathname": "D:\\Django Practice\\core\\accounts\\accounts_views_imports.py", "funcName": "<module>", "lineno": 48}
{"asctime": "2025-05-04 00:52:11,444", "levelname": "WARNING", "process": 14292, "module": "accounts_views_imports", "message": "API response slow", "pathname": "D:\\Django Practice\\core\\accounts\\accounts_views_imports.py", "funcName": "<module>", "lineno": 49}
{"asctime": "2025-05-04 00:52:11,444", "levelname": "ERROR", "process": 14292, "module": "accounts_views_imports", "message": "Payment failed", "pathname": "D:\\Django Practice\\core\\accounts\\accounts_views_imports.py", "funcName": "<module>", "lineno": 50}
{"asctime": "2025-05-04 00:52:11,444", "levelname": "CRITICAL", "process": 14292, "module": "accounts_views_imports", "message": "Database down", "pathname": "D:\\Django Practice\\core\\accounts\\accounts_views_imports.py", "funcName": "<module>", "lineno": 51}
{"asctime": "2025-05-04 00:52:25,089", "levelname": "INFO", "process": 12592, "module": "views", "message": "User logged in", "pathname": "D:\\Django Practice\\core\\vege\\views.py", "funcName": "<module>", "lineno": 7}
{"asctime": "2025-05-04 00:52:25,111", "levelname": "WARNING", "process": 12592, "module": "views", "message": "API response slow", "pathname": "D:\\Django Practice\\core\\vege\\views.py", "funcName": "<module>", "lineno": 8}
{"asctime": "2025-05-04 00:52:25,112", "levelname": "ERROR", "process": 12592, "module": "views", "message": "Payment failed", "pathname": "D:\\Django Practice\\core\\vege\\views.py", "funcName": "<module>", "lineno": 9}
{"asctime": "2025-05-04 00:52:25,113", "levelname": "CRITICAL", "process": 12592, "module": "views", "message": "Database down", "pathname": "D:\\Django Practice\\core\\vege\\views.py", "funcName": "<module>", "lineno": 10}
{"asctime": "2025-05-04 00:52:25,153", "levelname": "INFO", "process": 12592, "module": "accounts_views_imports", "message": "User logged in", "pathname": "D:\\Django Practice\\core\\accounts\\accounts_views_imports.py", "funcName": "<module>", "lineno": 48}
{"asctime": "2025-05-04 00:52:25,155", "levelname": "WARNING", "process": 12592, "module": "accounts_views_imports", "message": "API response slow", "pathname": "D:\\Django Practice\\core\\accounts\\accounts_views_imports.py", "funcName": "<module>", "lineno": 49}
{"asctime": "2025-05-04 00:52:25,157", "levelname": "ERROR", "process": 12592, "module": "accounts_views_imports", "message": "Payment failed", "pathname": "D:\\Django Practice\\core\\accounts\\accounts_views_imports.py", "funcName": "<module>", "lineno": 50}
{"asctime": "2025-05-04 00:52:25,157", "levelname": "CRITICAL", "process": 12592, "module": "accounts_views_imports", "message": "Database down", "pathname": "D:\\Django Practice\\core\\accounts\\accounts_views_imports.py", "funcName": "<module>", "lineno": 51}
{"asctime": "2025-05-04 00:52:40,806", "levelname": "INFO", "process": 10092, "module": "views", "message": "User logged in", "pathname": "D:\\Django Practice\\core\\vege\\views.py", "funcName": "<module>", "lineno": 7}
{"asctime": "2025-05-04 00:52:40,807", "levelname": "WARNING", "process": 10092, "module": "views", "message": "API response slow", "pathname": "D:\\Django Practice\\core\\vege\\views.py", "funcName": "<module>", "lineno": 8}
{"asctime": "2025-05-04 00:52:40,808", "levelname": "ERROR", "process": 10092, "module": "views", "message": "Payment failed", "pathname": "D:\\Django Practice\\core\\vege\\views.py", "funcName": "<module>", "lineno": 9}
{"asctime": "2025-05-04 00:52:40,810", "levelname": "CRITICAL", "process": 10092, "module": "views", "message": "Database down", "pathname": "D:\\Django Practice\\core\\vege\\views.py", "funcName": "<module>", "lineno": 10}
{"asctime": "2025-05-04 00:52:40,849", "levelname": "INFO", "process": 10092, "module": "accounts_views_imports", "message": "User logged in", "pathname": "D:\\Django Practice\\core\\accounts\\accounts_views_imports.py", "funcName": "<module>", "lineno": 48}
{"asctime": "2025-05-04 00:52:40,852", "levelname": "WARNING", "process": 10092, "module": "accounts_views_imports", "message": "API response slow", "pathname": "D:\\Django Practice\\core\\accounts\\accounts_views_imports.py", "funcName": "<module>", "lineno": 49}
{"asctime": "2025-05-04 00:52:40,853", "levelname": "ERROR", "process": 10092, "module": "accounts_views_imports", "message": "Payment failed", "pathname": "D:\\Django Practice\\core\\accounts\\accounts_views_imports.py", "funcName": "<module>", "lineno": 50}
{"asctime": "2025-05-04 00:52:40,854", "levelname": "CRITICAL", "process": 10092, "module": "accounts_views_imports", "message": "Database down", "pathname": "D:\\Django Practice\\core\\accounts\\accounts_views_imports.py", "funcName": "<module>", "lineno": 51}
{"asctime": "2025-05-04 00:57:27,470", "levelname": "INFO", "process": 6200, "module": "views", "message": "User logged in", "pathname": "D:\\Django Practice\\core\\vege\\views.py", "funcName": "<module>", "lineno": 7}
{"asctime": "2025-05-04 00:57:27,470", "levelname": "WARNING", "process": 6200, "module": "views", "message": "API response slow", "pathname": "D:\\Django Practice\\core\\vege\\views.py", "funcName": "<module>", "lineno": 8}
{"asctime": "2025-05-04 00:57:27,470", "levelname": "ERROR", "process": 6200, "module": "views", "message": "Payment failed", "pathname": "D:\\Django Practice\\core\\vege\\views.py", "funcName": "<module>", "lineno": 9}
{"asctime": "2025-05-04 00:57:27,470", "levelname": "CRITICAL", "process": 6200, "module": "views", "message": "Database down", "pathname": "D:\\Django Practice\\core\\vege\\views.py", "funcName": "<module>", "lineno": 10}
{"asctime": "2025-05-04 00:57:27,560", "levelname": "INFO", "process": 6200, "module": "accounts_views_imports", "message": "User logged in", "pathname": "D:\\Django Practice\\core\\accounts\\accounts_views_imports.py", "funcName": "<module>", "lineno": 48}
{"asctime": "2025-05-04 00:57:27,560", "levelname": "WARNING", "process": 6200, "module": "accounts_views_imports", "message": "API response slow", "pathname": "D:\\Django Practice\\core\\accounts\\accounts_views_imports.py", "funcName": "<module>", "lineno": 49}
{"asctime": "2025-05-04 00:57:27,560", "levelname": "ERROR", "process": 6200, "module": "accounts_views_imports", "message": "Payment failed", "pathname": "D:\\Django Practice\\core\\accounts\\accounts_views_imports.py", "funcName": "<module>", "lineno": 50}
{"asctime": "2025-05-04 00:57:27,560", "levelname": "CRITICAL", "process": 6200, "module": "accounts_views_imports", "message": "Database down", "pathname": "D:\\Django Practice\\core\\accounts\\accounts_views_imports.py", "funcName": "<module>", "lineno": 51}
{"asctime": "2025-05-04 00:58:27,858", "levelname": "INFO", "process": 13500, "module": "views", "message": "User logged in", "pathname": "D:\\Django Practice\\core\\vege\\views.py", "funcName": "<module>", "lineno": 7}
{"asctime": "2025-05-04 00:58:27,860", "levelname": "WARNING", "process": 13500, "module": "views", "message": "API response slow", "pathname": "D:\\Django Practice\\core\\vege\\views.py", "funcName": "<module>", "lineno": 8}
{"asctime": "2025-05-04 00:58:27,862", "levelname": "ERROR", "process": 13500, "module": "views", "message": "Payment failed", "pathname": "D:\\Django Practice\\core\\vege\\views.py", "funcName": "<module>", "lineno": 9}
{"asctime": "2025-05-04 00:58:27,863", "levelname": "CRITICAL", "process": 13500, "module": "views", "message": "Database down", "pathname": "D:\\Django Practice\\core\\vege\\views.py", "funcName": "<module>", "lineno": 10}
{"asctime": "2025-05-04 00:58:27,974", "levelname": "INFO", "process": 13500, "module": "accounts_views_imports", "message": "User logged in", "pathname": "D:\\Django Practice\\core\\accounts\\accounts_views_imports.py", "funcName": "<module>", "lineno": 48}
{"asctime": "2025-05-04 00:58:27,975", "levelname": "WARNING", "process": 13500, "module": "accounts_views_imports", "message": "API response slow", "pathname": "D:\\Django Practice\\core\\accounts\\accounts_views_imports.py", "funcName": "<module>", "lineno": 49}
{"asctime": "2025-05-04 00:58:27,978", "levelname": "ERROR", "process": 13500, "module": "accounts_views_imports", "message": "Payment failed", "pathname": "D:\\Django Practice\\core\\accounts\\accounts_views_imports.py", "funcName": "<module>", "lineno": 50}
{"asctime": "2025-05-04 00:58:27,979", "levelname": "CRITICAL", "process": 13500, "module": "accounts_views_imports", "message": "Database down", "pathname": "D:\\Django Practice\\core\\accounts\\accounts_views_imports.py", "funcName": "<module>", "lineno": 51}
{"asctime": "2025-05-04 00:58:53,553", "levelname": "INFO", "process": 2916, "module": "views", "message": "User logged in", "pathname": "D:\\Django Practice\\core\\vege\\views.py", "funcName": "<module>", "lineno": 7}
{"asctime": "2025-05-04 00:58:53,555", "levelname": "WARNING", "process": 2916, "module": "views", "message": "API response slow", "pathname": "D:\\Django Practice\\core\\vege\\views.py", "funcName": "<module>", "lineno": 8}
{"asctime": "2025-05-04 00:58:53,556", "levelname": "ERROR", "process": 2916, "module": "views", "message": "Payment failed", "pathname": "D:\\Django Practice\\core\\vege\\views.py", "funcName": "<module>", "lineno": 9}
{"asctime": "2025-05-04 00:58:53,557", "levelname": "CRITICAL", "process": 2916, "module": "views", "message": "Database down", "pathname": "D:\\Django Practice\\core\\vege\\views.py", "funcName": "<module>", "lineno": 10}
{"asctime": "2025-05-04 00:58:53,705", "levelname": "INFO", "process": 2916, "module": "accounts_views_imports", "message": "User logged in", "pathname": "D:\\Django Practice\\core\\accounts\\accounts_views_imports.py", "funcName": "<module>", "lineno": 48}
{"asctime": "2025-05-04 00:58:53,708", "levelname": "WARNING", "process": 2916, "module": "accounts_views_imports", "message": "API response slow", "pathname": "D:\\Django Practice\\core\\accounts\\accounts_views_imports.py", "funcName": "<module>", "lineno": 49}
{"asctime": "2025-05-04 00:58:53,713", "levelname": "ERROR", "process": 2916, "module": "accounts_views_imports", "message": "Payment failed", "pathname": "D:\\Django Practice\\core\\accounts\\accounts_views_imports.py", "funcName": "<module>", "lineno": 50}
{"asctime": "2025-05-04 00:58:53,714", "levelname": "CRITICAL", "process": 2916, "module": "accounts_views_imports", "message": "Database down", "pathname": "D:\\Django Practice\\core\\accounts\\accounts_views_imports.py", "funcName": "<module>", "lineno": 51}
{"asctime": "2025-05-04 00:59:39,664", "levelname": "INFO", "process": 11072, "module": "views", "message": "User logged in", "pathname": "D:\\Django Practice\\core\\vege\\views.py", "funcName": "<module>", "lineno": 7}
{"asctime": "2025-05-04 00:59:39,665", "levelname": "WARNING", "process": 11072, "module": "views", "message": "API response slow", "pathname": "D:\\Django Practice\\core\\vege\\views.py", "funcName": "<module>", "lineno": 8}
{"asctime": "2025-05-04 00:59:39,665", "levelname": "ERROR", "process": 11072, "module": "views", "message": "Payment failed", "pathname": "D:\\Django Practice\\core\\vege\\views.py", "funcName": "<module>", "lineno": 9}
{"asctime": "2025-05-04 00:59:39,665", "levelname": "CRITICAL", "process": 11072, "module": "views", "message": "Database down", "pathname": "D:\\Django Practice\\core\\vege\\views.py", "funcName": "<module>", "lineno": 10}
{"asctime": "2025-05-04 00:59:39,700", "levelname": "INFO", "process": 11072, "module": "accounts_views_imports", "message": "User logged in", "pathname": "D:\\Django Practice\\core\\accounts\\accounts_views_imports.py", "funcName": "<module>", "lineno": 48}
{"asctime": "2025-05-04 00:59:39,700", "levelname": "WARNING", "process": 11072, "module": "accounts_views_imports", "message": "API response slow", "pathname": "D:\\Django Practice\\core\\accounts\\accounts_views_imports.py", "funcName": "<module>", "lineno": 49}
{"asctime": "2025-05-04 00:59:39,700", "levelname": "ERROR", "process": 11072, "module": "accounts_views_imports", "message": "Payment failed", "pathname": "D:\\Django Practice\\core\\accounts\\accounts_views_imports.py", "funcName": "<module>", "lineno": 50}
{"asctime": "2025-05-04 00:59:39,700", "levelname": "CRITICAL", "process": 11072, "module": "accounts_views_imports", "message": "Database down", "pathname": "D:\\Django Practice\\core\\accounts\\accounts_views_imports.py", "funcName": "<module>", "lineno": 51}
{"asctime": "2025-05-04 01:05:01,694", "levelname": "INFO", "process": 5024, "module": "views", "message": "User logged in", "pathname": "D:\\Django Practice\\core\\vege\\views.py", "funcName": "<module>", "lineno": 7}
{"asctime": "2025-05-04 01:05:01,696", "levelname": "WARNING", "process": 5024, "module": "views", "message": "API response slow", "pathname": "D:\\Django Practice\\core\\vege\\views.py", "funcName": "<module>", "lineno": 8}
{"asctime": "2025-05-04 01:05:01,697", "levelname": "ERROR", "process": 5024, "module": "views", "message": "Payment failed", "pathname": "D:\\Django Practice\\core\\vege\\views.py", "funcName": "<module>", "lineno": 9}
{"asctime": "2025-05-04 01:05:01,698", "levelname": "CRITICAL", "process": 5024, "module": "views", "message": "Database down", "pathname": "D:\\Django Practice\\core\\vege\\views.py", "funcName": "<module>", "lineno": 10}
{"asctime": "2025-05-04 01:05:01,822", "levelname": "INFO", "process": 5024, "module": "accounts_views_imports", "message": "User logged in", "pathname": "D:\\Django Practice\\core\\accounts\\accounts_views_imports.py", "funcName": "<module>", "lineno": 48}
{"asctime": "2025-05-04 01:05:01,823", "levelname": "WARNING", "process": 5024, "module": "accounts_views_imports", "message": "API response slow", "pathname": "D:\\Django Practice\\core\\accounts\\accounts_views_imports.py", "funcName": "<module>", "lineno": 49}
{"asctime": "2025-05-04 01:05:01,825", "levelname": "ERROR", "process": 5024, "module": "accounts_views_imports", "message": "Payment failed", "pathname": "D:\\Django Practice\\core\\accounts\\accounts_views_imports.py", "funcName": "<module>", "lineno": 50}
{"asctime": "2025-05-04 01:05:01,826", "levelname": "CRITICAL", "process": 5024, "module": "accounts_views_imports", "message": "Database down", "pathname": "D:\\Django Practice\\core\\accounts\\accounts_views_imports.py", "funcName": "<module>", "lineno": 51}
{"asctime": "2025-05-04 01:05:08,982", "levelname": "INFO", "process": 9972, "module": "views", "message": "User logged in", "pathname": "D:\\Django Practice\\core\\vege\\views.py", "funcName": "<module>", "lineno": 7}
{"asctime": "2025-05-04 01:05:08,984", "levelname": "WARNING", "process": 9972, "module": "views", "message": "API response slow", "pathname": "D:\\Django Practice\\core\\vege\\views.py", "funcName": "<module>", "lineno": 8}
{"asctime": "2025-05-04 01:05:08,985", "levelname": "ERROR", "process": 9972, "module": "views", "message": "Payment failed", "pathname": "D:\\Django Practice\\core\\vege\\views.py", "funcName": "<module>", "lineno": 9}
{"asctime": "2025-05-04 01:05:08,988", "levelname": "CRITICAL", "process": 9972, "module": "views", "message": "Database down", "pathname": "D:\\Django Practice\\core\\vege\\views.py", "funcName": "<module>", "lineno": 10}
{"asctime": "2025-05-04 01:05:09,019", "levelname": "INFO", "process": 9972, "module": "accounts_views_imports", "message": "User logged in", "pathname": "D:\\Django Practice\\core\\accounts\\accounts_views_imports.py", "funcName": "<module>", "lineno": 48}
{"asctime": "2025-05-04 01:05:09,026", "levelname": "WARNING", "process": 9972, "module": "accounts_views_imports", "message": "API response slow", "pathname": "D:\\Django Practice\\core\\accounts\\accounts_views_imports.py", "funcName": "<module>", "lineno": 49}
{"asctime": "2025-05-04 01:05:09,026", "levelname": "ERROR", "process": 9972, "module": "accounts_views_imports", "message": "Payment failed", "pathname": "D:\\Django Practice\\core\\accounts\\accounts_views_imports.py", "funcName": "<module>", "lineno": 50}
{"asctime": "2025-05-04 01:05:09,027", "levelname": "CRITICAL", "process": 9972, "module": "accounts_views_imports", "message": "Database down", "pathname": "D:\\Django Practice\\core\\accounts\\accounts_views_imports.py", "funcName": "<module>", "lineno": 51}
{"asctime": "2025-05-04 01:14:16,781", "levelname": "INFO", "process": 8640, "module": "views", "message": "User logged in", "pathname": "D:\\Django Practice\\core\\vege\\views.py", "funcName": "<module>", "lineno": 7}
{"asctime": "2025-05-04 01:14:16,783", "levelname": "WARNING", "process": 8640, "module": "views", "message": "API response slow", "pathname": "D:\\Django Practice\\core\\vege\\views.py", "funcName": "<module>", "lineno": 8}
{"asctime": "2025-05-04 01:14:16,786", "levelname": "ERROR", "process": 8640, "module": "views", "message": "Payment failed", "pathname": "D:\\Django Practice\\core\\vege\\views.py", "funcName": "<module>", "lineno": 9}
{"asctime": "2025-05-04 01:14:16,787", "levelname": "CRITICAL", "process": 8640, "module": "views", "message": "Database down", "pathname": "D:\\Django Practice\\core\\vege\\views.py", "funcName": "<module>", "lineno": 10}
{"asctime": "2025-05-04 01:14:16,860", "levelname": "INFO", "process": 8640, "module": "accounts_views_imports", "message": "User logged in", "pathname": "D:\\Django Practice\\core\\accounts\\accounts_views_imports.py", "funcName": "<module>", "lineno": 48}
{"asctime": "2025-05-04 01:14:16,862", "levelname": "WARNING", "process": 8640, "module": "accounts_views_imports", "message": "API response slow", "pathname": "D:\\Django Practice\\core\\accounts\\accounts_views_imports.py", "funcName": "<module>", "lineno": 49}
{"asctime": "2025-05-04 01:14:16,865", "levelname": "ERROR", "process": 8640, "module": "accounts_views_imports", "message": "Payment failed", "pathname": "D:\\Django Practice\\core\\accounts\\accounts_views_imports.py", "funcName": "<module>", "lineno": 50}
{"asctime": "2025-05-04 01:14:16,866", "levelname": "CRITICAL", "process": 8640, "module": "accounts_views_imports", "message": "Database down", "pathname": "D:\\Django Practice\\core\\accounts\\accounts_views_imports.py", "funcName": "<module>", "lineno": 51}
{"asctime": "2025-05-04 01:14:34,308", "levelname": "INFO", "process": 2640, "module": "views", "message": "User logged in", "pathname": "D:\\Django Practice\\core\\vege\\views.py", "funcName": "<module>", "lineno": 7}
{"asctime": "2025-05-04 01:14:34,310", "levelname": "WARNING", "process": 2640, "module": "views", "message": "API response slow", "pathname": "D:\\Django Practice\\core\\vege\\views.py", "funcName": "<module>", "lineno": 8}
{"asctime": "2025-05-04 01:14:34,312", "levelname": "ERROR", "process": 2640, "module": "views", "message": "Payment failed", "pathname": "D:\\Django Practice\\core\\vege\\views.py", "funcName": "<module>", "lineno": 9}
{"asctime": "2025-05-04 01:14:34,313", "levelname": "CRITICAL", "process": 2640, "module": "views", "message": "Database down", "pathname": "D:\\Django Practice\\core\\vege\\views.py", "funcName": "<module>", "lineno": 10}
{"asctime": "2025-05-04 01:14:34,356", "levelname": "INFO", "process": 2640, "module": "accounts_views_imports", "message": "User logged in", "pathname": "D:\\Django Practice\\core\\accounts\\accounts_views_imports.py", "funcName": "<module>", "lineno": 48}
{"asctime": "2025-05-04 01:14:34,358", "levelname": "WARNING", "process": 2640, "module": "accounts_views_imports", "message": "API response slow", "pathname": "D:\\Django Practice\\core\\accounts\\accounts_views_imports.py", "funcName": "<module>", "lineno": 49}
{"asctime": "2025-05-04 01:14:34,359", "levelname": "ERROR", "process": 2640, "module": "accounts_views_imports", "message": "Payment failed", "pathname": "D:\\Django Practice\\core\\accounts\\accounts_views_imports.py", "funcName": "<module>", "lineno": 50}
{"asctime": "2025-05-04 01:14:34,361", "levelname": "CRITICAL", "process": 2640, "module": "accounts_views_imports", "message": "Database down", "pathname": "D:\\Django Practice\\core\\accounts\\accounts_views_imports.py", "funcName": "<module>", "lineno": 51}
{"asctime": "2025-05-04 01:16:06,188", "levelname": "INFO", "process": 14256, "module": "views", "message": "User logged in", "pathname": "D:\\Django Practice\\core\\vege\\views.py", "funcName": "<module>", "lineno": 7}
{"asctime": "2025-05-04 01:16:06,190", "levelname": "WARNING", "process": 14256, "module": "views", "message": "API response slow", "pathname": "D:\\Django Practice\\core\\vege\\views.py", "funcName": "<module>", "lineno": 8}
{"asctime": "2025-05-04 01:16:06,192", "levelname": "ERROR", "process": 14256, "module": "views", "message": "Payment failed", "pathname": "D:\\Django Practice\\core\\vege\\views.py", "funcName": "<module>", "lineno": 9}
{"asctime": "2025-05-04 01:16:06,193", "levelname": "CRITICAL", "process": 14256, "module": "views", "message": "Database down", "pathname": "D:\\Django Practice\\core\\vege\\views.py", "funcName": "<module>", "lineno": 10}
{"asctime": "2025-05-04 01:16:06,381", "levelname": "INFO", "process": 14256, "module": "accounts_views_imports", "message": "User logged in", "pathname": "D:\\Django Practice\\core\\accounts\\accounts_views_imports.py", "funcName": "<module>", "lineno": 48}
{"asctime": "2025-05-04 01:16:06,383", "levelname": "WARNING", "process": 14256, "module": "accounts_views_imports", "message": "API response slow", "pathname": "D:\\Django Practice\\core\\accounts\\accounts_views_imports.py", "funcName": "<module>", "lineno": 49}
{"asctime": "2025-05-04 01:16:06,384", "levelname": "ERROR", "process": 14256, "module": "accounts_views_imports", "message": "Payment failed", "pathname": "D:\\Django Practice\\core\\accounts\\accounts_views_imports.py", "funcName": "<module>", "lineno": 50}
{"asctime": "2025-05-04 01:16:06,386", "levelname": "CRITICAL", "process": 14256, "module": "accounts_views_imports", "message": "Database down", "pathname": "D:\\Django Practice\\core\\accounts\\accounts_views_imports.py", "funcName": "<module>", "lineno": 51}
{"asctime": "2025-05-04 01:16:32,436", "levelname": "INFO", "process": 124, "module": "views", "message": "User logged in", "pathname": "D:\\Django Practice\\core\\vege\\views.py", "funcName": "<module>", "lineno": 7}
{"asctime": "2025-05-04 01:16:32,439", "levelname": "WARNING", "process": 124, "module": "views", "message": "API response slow", "pathname": "D:\\Django Practice\\core\\vege\\views.py", "funcName": "<module>", "lineno": 8}
{"asctime": "2025-05-04 01:16:32,440", "levelname": "ERROR", "process": 124, "module": "views", "message": "Payment failed", "pathname": "D:\\Django Practice\\core\\vege\\views.py", "funcName": "<module>", "lineno": 9}
{"asctime": "2025-05-04 01:16:32,441", "levelname": "CRITICAL", "process": 124, "module": "views", "message": "Database down", "pathname": "D:\\Django Practice\\core\\vege\\views.py", "funcName": "<module>", "lineno": 10}
{"asctime": "2025-05-04 01:16:32,478", "levelname": "INFO", "process": 124, "module": "accounts_views_imports", "message": "User logged in", "pathname": "D:\\Django Practice\\core\\accounts\\accounts_views_imports.py", "funcName": "<module>", "lineno": 48}
{"asctime": "2025-05-04 01:16:32,480", "levelname": "WARNING", "process": 124, "module": "accounts_views_imports", "message": "API response slow", "pathname": "D:\\Django Practice\\core\\accounts\\accounts_views_imports.py", "funcName": "<module>", "lineno": 49}
{"asctime": "2025-05-04 01:16:32,482", "levelname": "ERROR", "process": 124, "module": "accounts_views_imports", "message": "Payment failed", "pathname": "D:\\Django Practice\\core\\accounts\\accounts_views_imports.py", "funcName": "<module>", "lineno": 50}
{"asctime": "2025-05-04 01:16:32,482", "levelname": "CRITICAL", "process": 124, "module": "accounts_views_imports", "message": "Database down", "pathname": "D:\\Django Practice\\core\\accounts\\accounts_views_imports.py", "funcName": "<module>", "lineno": 51}
{"asctime": "2025-05-04 01:16:39,779", "levelname": "INFO", "process": 4376, "module": "views", "message": "User logged in", "pathname": "D:\\Django Practice\\core\\vege\\views.py", "funcName": "<module>", "lineno": 7}
{"asctime": "2025-05-04 01:16:39,781", "levelname": "WARNING", "process": 4376, "module": "views", "message": "API response slow", "pathname": "D:\\Django Practice\\core\\vege\\views.py", "funcName": "<module>", "lineno": 8}
{"asctime": "2025-05-04 01:16:39,783", "levelname": "ERROR", "process": 4376, "module": "views", "message": "Payment failed", "pathname": "D:\\Django Practice\\core\\vege\\views.py", "funcName": "<module>", "lineno": 9}
{"asctime": "2025-05-04 01:16:39,784", "levelname": "CRITICAL", "process": 4376, "module": "views", "message": "Database down", "pathname": "D:\\Django Practice\\core\\vege\\views.py", "funcName": "<module>", "lineno": 10}
{"asctime": "2025-05-04 01:16:39,813", "levelname": "INFO", "process": 4376, "module": "accounts_views_imports", "message": "User logged in", "pathname": "D:\\Django Practice\\core\\accounts\\accounts_views_imports.py", "funcName": "<module>", "lineno": 48}
{"asctime": "2025-05-04 01:16:39,814", "levelname": "WARNING", "process": 4376, "module": "accounts_views_imports", "message": "API response slow", "pathname": "D:\\Django Practice\\core\\accounts\\accounts_views_imports.py", "funcName": "<module>", "lineno": 49}
{"asctime": "2025-05-04 01:16:39,815", "levelname": "ERROR", "process": 4376, "module": "accounts_views_imports", "message": "Payment failed", "pathname": "D:\\Django Practice\\core\\accounts\\accounts_views_imports.py", "funcName": "<module>", "lineno": 50}
{"asctime": "2025-05-04 01:16:39,816", "levelname": "CRITICAL", "process": 4376, "module": "accounts_views_imports", "message": "Database down", "pathname": "D:\\Django Practice\\core\\accounts\\accounts_views_imports.py", "funcName": "<module>", "lineno": 51}
{"asctime": "2025-05-04 01:17:00,730", "levelname": "INFO", "process": 15288, "module": "views", "message": "User logged in", "pathname": "D:\\Django Practice\\core\\vege\\views.py", "funcName": "<module>", "lineno": 7}
{"asctime": "2025-05-04 01:17:00,732", "levelname": "WARNING", "process": 15288, "module": "views", "message": "API response slow", "pathname": "D:\\Django Practice\\core\\vege\\views.py", "funcName": "<module>", "lineno": 8}
{"asctime": "2025-05-04 01:17:00,734", "levelname": "ERROR", "process": 15288, "module": "views", "message": "Payment failed", "pathname": "D:\\Django Practice\\core\\vege\\views.py", "funcName": "<module>", "lineno": 9}
{"asctime": "2025-05-04 01:17:00,735", "levelname": "CRITICAL", "process": 15288, "module": "views", "message": "Database down", "pathname": "D:\\Django Practice\\core\\vege\\views.py", "funcName": "<module>", "lineno": 10}
{"asctime": "2025-05-04 01:17:00,776", "levelname": "INFO", "process": 15288, "module": "accounts_views_imports", "message": "User logged in", "pathname": "D:\\Django Practice\\core\\accounts\\accounts_views_imports.py", "funcName": "<module>", "lineno": 48}
{"asctime": "2025-05-04 01:17:00,776", "levelname": "WARNING", "process": 15288, "module": "accounts_views_imports", "message": "API response slow", "pathname": "D:\\Django Practice\\core\\accounts\\accounts_views_imports.py", "funcName": "<module>", "lineno": 49}
{"asctime": "2025-05-04 01:17:00,779", "levelname": "ERROR", "process": 15288, "module": "accounts_views_imports", "message": "Payment failed", "pathname": "D:\\Django Practice\\core\\accounts\\accounts_views_imports.py", "funcName": "<module>", "lineno": 50}
{"asctime": "2025-05-04 01:17:00,782", "levelname": "CRITICAL", "process": 15288, "module": "accounts_views_imports", "message": "Database down", "pathname": "D:\\Django Practice\\core\\accounts\\accounts_views_imports.py", "funcName": "<module>", "lineno": 51}
{"asctime": "2025-05-04 01:20:59,290", "levelname": "INFO", "process": 3176, "module": "views", "message": "User logged in", "pathname": "D:\\Django Practice\\core\\vege\\views.py", "funcName": "<module>", "lineno": 7}
{"asctime": "2025-05-04 01:20:59,291", "levelname": "WARNING", "process": 3176, "module": "views", "message": "API response slow", "pathname": "D:\\Django Practice\\core\\vege\\views.py", "funcName": "<module>", "lineno": 8}
{"asctime": "2025-05-04 01:20:59,293", "levelname": "ERROR", "process": 3176, "module": "views", "message": "Payment failed", "pathname": "D:\\Django Practice\\core\\vege\\views.py", "funcName": "<module>", "lineno": 9}
{"asctime": "2025-05-04 01:20:59,295", "levelname": "CRITICAL", "process": 3176, "module": "views", "message": "Database down", "pathname": "D:\\Django Practice\\core\\vege\\views.py", "funcName": "<module>", "lineno": 10}
{"asctime": "2025-05-04 01:20:59,332", "levelname": "INFO", "process": 3176, "module": "accounts_views_imports", "message": "User logged in", "pathname": "D:\\Django Practice\\core\\accounts\\accounts_views_imports.py", "funcName": "<module>", "lineno": 48}
{"asctime": "2025-05-04 01:20:59,333", "levelname": "WARNING", "process": 3176, "module": "accounts_views_imports", "message": "API response slow", "pathname": "D:\\Django Practice\\core\\accounts\\accounts_views_imports.py", "funcName": "<module>", "lineno": 49}
{"asctime": "2025-05-04 01:20:59,334", "levelname": "ERROR", "process": 3176, "module": "accounts_views_imports", "message": "Payment failed", "pathname": "D:\\Django Practice\\core\\accounts\\accounts_views_imports.py", "funcName": "<module>", "lineno": 50}
{"asctime": "2025-05-04 01:20:59,336", "levelname": "CRITICAL", "process": 3176, "module": "accounts_views_imports", "message": "Database down", "pathname": "D:\\Django Practice\\core\\accounts\\accounts_views_imports.py", "funcName": "<module>", "lineno": 51}
{"asctime": "2025-05-04 01:21:18,741", "levelname": "INFO", "process": 13876, "module": "views", "message": "User logged in", "pathname": "D:\\Django Practice\\core\\vege\\views.py", "funcName": "<module>", "lineno": 7}
{"asctime": "2025-05-04 01:21:18,741", "levelname": "WARNING", "process": 13876, "module": "views", "message": "API response slow", "pathname": "D:\\Django Practice\\core\\vege\\views.py", "funcName": "<module>", "lineno": 8}
{"asctime": "2025-05-04 01:21:18,741", "levelname": "ERROR", "process": 13876, "module": "views", "message": "Payment failed", "pathname": "D:\\Django Practice\\core\\vege\\views.py", "funcName": "<module>", "lineno": 9}
{"asctime": "2025-05-04 01:21:18,741", "levelname": "CRITICAL", "process": 13876, "module": "views", "message": "Database down", "pathname": "D:\\Django Practice\\core\\vege\\views.py", "funcName": "<module>", "lineno": 10}
{"asctime": "2025-05-04 01:21:18,789", "levelname": "INFO", "process": 13876, "module": "accounts_views_imports", "message": "User logged in", "pathname": "D:\\Django Practice\\core\\accounts\\accounts_views_imports.py", "funcName": "<module>", "lineno": 48}
{"asctime": "2025-05-04 01:21:18,789", "levelname": "WARNING", "process": 13876, "module": "accounts_views_imports", "message": "API response slow", "pathname": "D:\\Django Practice\\core\\accounts\\accounts_views_imports.py", "funcName": "<module>", "lineno": 49}
{"asctime": "2025-05-04 01:21:18,789", "levelname": "ERROR", "process": 13876, "module": "accounts_views_imports", "message": "Payment failed", "pathname": "D:\\Django Practice\\core\\accounts\\accounts_views_imports.py", "funcName": "<module>", "lineno": 50}
{"asctime": "2025-05-04 01:21:18,789", "levelname": "CRITICAL", "process": 13876, "module": "accounts_views_imports", "message": "Database down", "pathname": "D:\\Django Practice\\core\\accounts\\accounts_views_imports.py", "funcName": "<module>", "lineno": 51}
{"asctime": "2025-05-04 01:21:29,901", "levelname": "INFO", "process": 13036, "module": "views", "message": "User logged in", "pathname": "D:\\Django Practice\\core\\vege\\views.py", "funcName": "<module>", "lineno": 7}
{"asctime": "2025-05-04 01:21:29,927", "levelname": "WARNING", "process": 13036, "module": "views", "message": "API response slow", "pathname": "D:\\Django Practice\\core\\vege\\views.py", "funcName": "<module>", "lineno": 8}
{"asctime": "2025-05-04 01:21:29,928", "levelname": "ERROR", "process": 13036, "module": "views", "message": "Payment failed", "pathname": "D:\\Django Practice\\core\\vege\\views.py", "funcName": "<module>", "lineno": 9}
{"asctime": "2025-05-04 01:21:29,930", "levelname": "CRITICAL", "process": 13036, "module": "views", "message": "Database down", "pathname": "D:\\Django Practice\\core\\vege\\views.py", "funcName": "<module>", "lineno": 10}
{"asctime": "2025-05-04 01:21:29,974", "levelname": "INFO", "process": 13036, "module": "accounts_views_imports", "message": "User logged in", "pathname": "D:\\Django Practice\\core\\accounts\\accounts_views_imports.py", "funcName": "<module>", "lineno": 48}
{"asctime": "2025-05-04 01:21:29,975", "levelname": "WARNING", "process": 13036, "module": "accounts_views_imports", "message": "API response slow", "pathname": "D:\\Django Practice\\core\\accounts\\accounts_views_imports.py", "funcName": "<module>", "lineno": 49}
{"asctime": "2025-05-04 01:21:29,977", "levelname": "ERROR", "process": 13036, "module": "accounts_views_imports", "message": "Payment failed", "pathname": "D:\\Django Practice\\core\\accounts\\accounts_views_imports.py", "funcName": "<module>", "lineno": 50}
{"asctime": "2025-05-04 01:21:29,978", "levelname": "CRITICAL", "process": 13036, "module": "accounts_views_imports", "message": "Database down", "pathname": "D:\\Django Practice\\core\\accounts\\accounts_views_imports.py", "funcName": "<module>", "lineno": 51}
{"asctime": "2025-05-04 01:23:11,494", "levelname": "INFO", "process": 264, "module": "views", "message": "User logged in", "pathname": "D:\\Django Practice\\core\\vege\\views.py", "funcName": "<module>", "lineno": 7}
{"asctime": "2025-05-04 01:23:11,494", "levelname": "WARNING", "process": 264, "module": "views", "message": "API response slow", "pathname": "D:\\Django Practice\\core\\vege\\views.py", "funcName": "<module>", "lineno": 8}
{"asctime": "2025-05-04 01:23:11,499", "levelname": "ERROR", "process": 264, "module": "views", "message": "Payment failed", "pathname": "D:\\Django Practice\\core\\vege\\views.py", "funcName": "<module>", "lineno": 9}
{"asctime": "2025-05-04 01:23:11,499", "levelname": "CRITICAL", "process": 264, "module": "views", "message": "Database down", "pathname": "D:\\Django Practice\\core\\vege\\views.py", "funcName": "<module>", "lineno": 10}
{"asctime": "2025-05-04 01:23:11,574", "levelname": "INFO", "process": 264, "module": "accounts_views_imports", "message": "User logged in", "pathname": "D:\\Django Practice\\core\\accounts\\accounts_views_imports.py", "funcName": "<module>", "lineno": 48}
{"asctime": "2025-05-04 01:23:11,574", "levelname": "WARNING", "process": 264, "module": "accounts_views_imports", "message": "API response slow", "pathname": "D:\\Django Practice\\core\\accounts\\accounts_views_imports.py", "funcName": "<module>", "lineno": 49}
{"asctime": "2025-05-04 01:23:11,577", "levelname": "ERROR", "process": 264, "module": "accounts_views_imports", "message": "Payment failed", "pathname": "D:\\Django Practice\\core\\accounts\\accounts_views_imports.py", "funcName": "<module>", "lineno": 50}
{"asctime": "2025-05-04 01:23:11,578", "levelname": "CRITICAL", "process": 264, "module": "accounts_views_imports", "message": "Database down", "pathname": "D:\\Django Practice\\core\\accounts\\accounts_views_imports.py", "funcName": "<module>", "lineno": 51}
{"asctime": "2025-05-04 01:23:26,742", "levelname": "INFO", "process": 3348, "module": "views", "message": "User logged in", "pathname": "D:\\Django Practice\\core\\vege\\views.py", "funcName": "<module>", "lineno": 7}
{"asctime": "2025-05-04 01:23:26,742", "levelname": "WARNING", "process": 3348, "module": "views", "message": "API response slow", "pathname": "D:\\Django Practice\\core\\vege\\views.py", "funcName": "<module>", "lineno": 8}
{"asctime": "2025-05-04 01:23:26,748", "levelname": "ERROR", "process": 3348, "module": "views", "message": "Payment failed", "pathname": "D:\\Django Practice\\core\\vege\\views.py", "funcName": "<module>", "lineno": 9}
{"asctime": "2025-05-04 01:23:26,748", "levelname": "CRITICAL", "process": 3348, "module": "views", "message": "Database down", "pathname": "D:\\Django Practice\\core\\vege\\views.py", "funcName": "<module>", "lineno": 10}
{"asctime": "2025-05-04 01:23:26,793", "levelname": "INFO", "process": 3348, "module": "accounts_views_imports", "message": "User logged in", "pathname": "D:\\Django Practice\\core\\accounts\\accounts_views_imports.py", "funcName": "<module>", "lineno": 48}
{"asctime": "2025-05-04 01:23:26,797", "levelname": "WARNING", "process": 3348, "module": "accounts_views_imports", "message": "API response slow", "pathname": "D:\\Django Practice\\core\\accounts\\accounts_views_imports.py", "funcName": "<module>", "lineno": 49}
{"asctime": "2025-05-04 01:23:26,799", "levelname": "ERROR", "process": 3348, "module": "accounts_views_imports", "message": "Payment failed", "pathname": "D:\\Django Practice\\core\\accounts\\accounts_views_imports.py", "funcName": "<module>", "lineno": 50}
{"asctime": "2025-05-04 01:23:26,799", "levelname": "CRITICAL", "process": 3348, "module": "accounts_views_imports", "message": "Database down", "pathname": "D:\\Django Practice\\core\\accounts\\accounts_views_imports.py", "funcName": "<module>", "lineno": 51}
{"asctime": "2025-05-04 01:23:40,099", "levelname": "INFO", "process": 2768, "module": "views", "message": "User logged in", "pathname": "D:\\Django Practice\\core\\vege\\views.py", "funcName": "<module>", "lineno": 7}
{"asctime": "2025-05-04 01:23:40,106", "levelname": "WARNING", "process": 2768, "module": "views", "message": "API response slow", "pathname": "D:\\Django Practice\\core\\vege\\views.py", "funcName": "<module>", "lineno": 8}
{"asctime": "2025-05-04 01:23:40,107", "levelname": "ERROR", "process": 2768, "module": "views", "message": "Payment failed", "pathname": "D:\\Django Practice\\core\\vege\\views.py", "funcName": "<module>", "lineno": 9}
{"asctime": "2025-05-04 01:23:40,107", "levelname": "CRITICAL", "process": 2768, "module": "views", "message": "Database down", "pathname": "D:\\Django Practice\\core\\vege\\views.py", "funcName": "<module>", "lineno": 10}
{"asctime": "2025-05-04 01:23:40,156", "levelname": "INFO", "process": 2768, "module": "accounts_views_imports", "message": "User logged in", "pathname": "D:\\Django Practice\\core\\accounts\\accounts_views_imports.py", "funcName": "<module>", "lineno": 48}
{"asctime": "2025-05-04 01:23:40,158", "levelname": "WARNING", "process": 2768, "module": "accounts_views_imports", "message": "API response slow", "pathname": "D:\\Django Practice\\core\\accounts\\accounts_views_imports.py", "funcName": "<module>", "lineno": 49}
{"asctime": "2025-05-04 01:23:40,158", "levelname": "ERROR", "process": 2768, "module": "accounts_views_imports", "message": "Payment failed", "pathname": "D:\\Django Practice\\core\\accounts\\accounts_views_imports.py", "funcName": "<module>", "lineno": 50}
{"asctime": "2025-05-04 01:23:40,158", "levelname": "CRITICAL", "process": 2768, "module": "accounts_views_imports", "message": "Database down", "pathname": "D:\\Django Practice\\core\\accounts\\accounts_views_imports.py", "funcName": "<module>", "lineno": 51}
{"asctime": "2025-05-04 01:23:45,999", "levelname": "INFO", "process": 1560, "module": "views", "message": "User logged in", "pathname": "D:\\Django Practice\\core\\vege\\views.py", "funcName": "<module>", "lineno": 7}
{"asctime": "2025-05-04 01:23:45,999", "levelname": "WARNING", "process": 1560, "module": "views", "message": "API response slow", "pathname": "D:\\Django Practice\\core\\vege\\views.py", "funcName": "<module>", "lineno": 8}
{"asctime": "2025-05-04 01:23:45,999", "levelname": "ERROR", "process": 1560, "module": "views", "message": "Payment failed", "pathname": "D:\\Django Practice\\core\\vege\\views.py", "funcName": "<module>", "lineno": 9}
{"asctime": "2025-05-04 01:23:46,008", "levelname": "CRITICAL", "process": 1560, "module": "views", "message": "Database down", "pathname": "D:\\Django Practice\\core\\vege\\views.py", "funcName": "<module>", "lineno": 10}
{"asctime": "2025-05-04 01:23:46,039", "levelname": "INFO", "process": 1560, "module": "accounts_views_imports", "message": "User logged in", "pathname": "D:\\Django Practice\\core\\accounts\\accounts_views_imports.py", "funcName": "<module>", "lineno": 48}
{"asctime": "2025-05-04 01:23:46,039", "levelname": "WARNING", "process": 1560, "module": "accounts_views_imports", "message": "API response slow", "pathname": "D:\\Django Practice\\core\\accounts\\accounts_views_imports.py", "funcName": "<module>", "lineno": 49}
{"asctime": "2025-05-04 01:23:46,049", "levelname": "ERROR", "process": 1560, "module": "accounts_views_imports", "message": "Payment failed", "pathname": "D:\\Django Practice\\core\\accounts\\accounts_views_imports.py", "funcName": "<module>", "lineno": 50}
{"asctime": "2025-05-04 01:23:46,049", "levelname": "CRITICAL", "process": 1560, "module": "accounts_views_imports", "message": "Database down", "pathname": "D:\\Django Practice\\core\\accounts\\accounts_views_imports.py", "funcName": "<module>", "lineno": 51}
{"asctime": "2025-05-04 01:24:00,099", "levelname": "INFO", "process": 14116, "module": "views", "message": "User logged in", "pathname": "D:\\Django Practice\\core\\vege\\views.py", "funcName": "<module>", "lineno": 7}
{"asctime": "2025-05-04 01:24:00,099", "levelname": "WARNING", "process": 14116, "module": "views", "message": "API response slow", "pathname": "D:\\Django Practice\\core\\vege\\views.py", "funcName": "<module>", "lineno": 8}
{"asctime": "2025-05-04 01:24:00,099", "levelname": "ERROR", "process": 14116, "module": "views", "message": "Payment failed", "pathname": "D:\\Django Practice\\core\\vege\\views.py", "funcName": "<module>", "lineno": 9}
{"asctime": "2025-05-04 01:24:00,099", "levelname": "CRITICAL", "process": 14116, "module": "views", "message": "Database down", "pathname": "D:\\Django Practice\\core\\vege\\views.py", "funcName": "<module>", "lineno": 10}
{"asctime": "2025-05-04 01:24:00,149", "levelname": "INFO", "process": 14116, "module": "accounts_views_imports", "message": "User logged in", "pathname": "D:\\Django Practice\\core\\accounts\\accounts_views_imports.py", "funcName": "<module>", "lineno": 48}
{"asctime": "2025-05-04 01:24:00,152", "levelname": "WARNING", "process": 14116, "module": "accounts_views_imports", "message": "API response slow", "pathname": "D:\\Django Practice\\core\\accounts\\accounts_views_imports.py", "funcName": "<module>", "lineno": 49}
{"asctime": "2025-05-04 01:24:00,152", "levelname": "ERROR", "process": 14116, "module": "accounts_views_imports", "message": "Payment failed", "pathname": "D:\\Django Practice\\core\\accounts\\accounts_views_imports.py", "funcName": "<module>", "lineno": 50}
{"asctime": "2025-05-04 01:24:00,152", "levelname": "CRITICAL", "process": 14116, "module": "accounts_views_imports", "message": "Database down", "pathname": "D:\\Django Practice\\core\\accounts\\accounts_views_imports.py", "funcName": "<module>", "lineno": 51}
{"asctime": "2025-05-04 01:24:15,283", "levelname": "INFO", "process": 10228, "module": "views", "message": "User logged in", "pathname": "D:\\Django Practice\\core\\vege\\views.py", "funcName": "<module>", "lineno": 7}
{"asctime": "2025-05-04 01:24:15,286", "levelname": "WARNING", "process": 10228, "module": "views", "message": "API response slow", "pathname": "D:\\Django Practice\\core\\vege\\views.py", "funcName": "<module>", "lineno": 8}
{"asctime": "2025-05-04 01:24:15,287", "levelname": "ERROR", "process": 10228, "module": "views", "message": "Payment failed", "pathname": "D:\\Django Practice\\core\\vege\\views.py", "funcName": "<module>", "lineno": 9}
{"asctime": "2025-05-04 01:24:15,288", "levelname": "CRITICAL", "process": 10228, "module": "views", "message": "Database down", "pathname": "D:\\Django Practice\\core\\vege\\views.py", "funcName": "<module>", "lineno": 10}
{"asctime": "2025-05-04 01:24:15,333", "levelname": "INFO", "process": 10228, "module": "accounts_views_imports", "message": "User logged in", "pathname": "D:\\Django Practice\\core\\accounts\\accounts_views_imports.py", "funcName": "<module>", "lineno": 48}
{"asctime": "2025-05-04 01:24:15,335", "levelname": "WARNING", "process": 10228, "module": "accounts_views_imports", "message": "API response slow", "pathname": "D:\\Django Practice\\core\\accounts\\accounts_views_imports.py", "funcName": "<module>", "lineno": 49}
{"asctime": "2025-05-04 01:24:15,336", "levelname": "ERROR", "process": 10228, "module": "accounts_views_imports", "message": "Payment failed", "pathname": "D:\\Django Practice\\core\\accounts\\accounts_views_imports.py", "funcName": "<module>", "lineno": 50}
{"asctime": "2025-05-04 01:24:15,337", "levelname": "CRITICAL", "process": 10228, "module": "accounts_views_imports", "message": "Database down", "pathname": "D:\\Django Practice\\core\\accounts\\accounts_views_imports.py", "funcName": "<module>", "lineno": 51}
{"asctime": "2025-05-04 01:24:19,903", "levelname": "INFO", "process": 9480, "module": "views", "message": "User logged in", "pathname": "D:\\Django Practice\\core\\vege\\views.py", "funcName": "<module>", "lineno": 7}
{"asctime": "2025-05-04 01:24:19,906", "levelname": "WARNING", "process": 9480, "module": "views", "message": "API response slow", "pathname": "D:\\Django Practice\\core\\vege\\views.py", "funcName": "<module>", "lineno": 8}
{"asctime": "2025-05-04 01:24:19,907", "levelname": "ERROR", "process": 9480, "module": "views", "message": "Payment failed", "pathname": "D:\\Django Practice\\core\\vege\\views.py", "funcName": "<module>", "lineno": 9}
{"asctime": "2025-05-04 01:24:19,908", "levelname": "CRITICAL", "process": 9480, "module": "views", "message": "Database down", "pathname": "D:\\Django Practice\\core\\vege\\views.py", "funcName": "<module>", "lineno": 10}
{"asctime": "2025-05-04 01:24:19,935", "levelname": "INFO", "process": 9480, "module": "accounts_views_imports", "message": "User logged in", "pathname": "D:\\Django Practice\\core\\accounts\\accounts_views_imports.py", "funcName": "<module>", "lineno": 48}
{"asctime": "2025-05-04 01:24:19,940", "levelname": "WARNING", "process": 9480, "module": "accounts_views_imports", "message": "API response slow", "pathname": "D:\\Django Practice\\core\\accounts\\accounts_views_imports.py", "funcName": "<module>", "lineno": 49}
{"asctime": "2025-05-04 01:24:19,940", "levelname": "ERROR", "process": 9480, "module": "accounts_views_imports", "message": "Payment failed", "pathname": "D:\\Django Practice\\core\\accounts\\accounts_views_imports.py", "funcName": "<module>", "lineno": 50}
{"asctime": "2025-05-04 01:24:19,941", "levelname": "CRITICAL", "process": 9480, "module": "accounts_views_imports", "message": "Database down", "pathname": "D:\\Django Practice\\core\\accounts\\accounts_views_imports.py", "funcName": "<module>", "lineno": 51}
{"asctime": "2025-05-04 01:24:27,555", "levelname": "INFO", "process": 3080, "module": "views", "message": "User logged in", "pathname": "D:\\Django Practice\\core\\vege\\views.py", "funcName": "<module>", "lineno": 7}
{"asctime": "2025-05-04 01:24:27,557", "levelname": "WARNING", "process": 3080, "module": "views", "message": "API response slow", "pathname": "D:\\Django Practice\\core\\vege\\views.py", "funcName": "<module>", "lineno": 8}
{"asctime": "2025-05-04 01:24:27,560", "levelname": "ERROR", "process": 3080, "module": "views", "message": "Payment failed", "pathname": "D:\\Django Practice\\core\\vege\\views.py", "funcName": "<module>", "lineno": 9}
{"asctime": "2025-05-04 01:24:27,561", "levelname": "CRITICAL", "process": 3080, "module": "views", "message": "Database down", "pathname": "D:\\Django Practice\\core\\vege\\views.py", "funcName": "<module>", "lineno": 10}
{"asctime": "2025-05-04 01:24:27,599", "levelname": "INFO", "process": 3080, "module": "accounts_views_imports", "message": "User logged in", "pathname": "D:\\Django Practice\\core\\accounts\\accounts_views_imports.py", "funcName": "<module>", "lineno": 48}
{"asctime": "2025-05-04 01:24:27,601", "levelname": "WARNING", "process": 3080, "module": "accounts_views_imports", "message": "API response slow", "pathname": "D:\\Django Practice\\core\\accounts\\accounts_views_imports.py", "funcName": "<module>", "lineno": 49}
{"asctime": "2025-05-04 01:24:27,603", "levelname": "ERROR", "process": 3080, "module": "accounts_views_imports", "message": "Payment failed", "pathname": "D:\\Django Practice\\core\\accounts\\accounts_views_imports.py", "funcName": "<module>", "lineno": 50}
{"asctime": "2025-05-04 01:24:27,604", "levelname": "CRITICAL", "process": 3080, "module": "accounts_views_imports", "message": "Database down", "pathname": "D:\\Django Practice\\core\\accounts\\accounts_views_imports.py", "funcName": "<module>", "lineno": 51}
{"asctime": "2025-05-04 01:24:33,841", "levelname": "INFO", "process": 9780, "module": "views", "message": "User logged in", "pathname": "D:\\Django Practice\\core\\vege\\views.py", "funcName": "<module>", "lineno": 7}
{"asctime": "2025-05-04 01:24:33,849", "levelname": "WARNING", "process": 9780, "module": "views", "message": "API response slow", "pathname": "D:\\Django Practice\\core\\vege\\views.py", "funcName": "<module>", "lineno": 8}
{"asctime": "2025-05-04 01:24:33,849", "levelname": "ERROR", "process": 9780, "module": "views", "message": "Payment failed", "pathname": "D:\\Django Practice\\core\\vege\\views.py", "funcName": "<module>", "lineno": 9}
{"asctime": "2025-05-04 01:24:33,878", "levelname": "CRITICAL", "process": 9780, "module": "views", "message": "Database down", "pathname": "D:\\Django Practice\\core\\vege\\views.py", "funcName": "<module>", "lineno": 10}
{"asctime": "2025-05-04 01:24:33,930", "levelname": "INFO", "process": 9780, "module": "accounts_views_imports", "message": "User logged in", "pathname": "D:\\Django Practice\\core\\accounts\\accounts_views_imports.py", "funcName": "<module>", "lineno": 48}
{"asctime": "2025-05-04 01:24:33,941", "levelname": "WARNING", "process": 9780, "module": "accounts_views_imports", "message": "API response slow", "pathname": "D:\\Django Practice\\core\\accounts\\accounts_views_imports.py", "funcName": "<module>", "lineno": 49}
{"asctime": "2025-05-04 01:24:33,942", "levelname": "ERROR", "process": 9780, "module": "accounts_views_imports", "message": "Payment failed", "pathname": "D:\\Django Practice\\core\\accounts\\accounts_views_imports.py", "funcName": "<module>", "lineno": 50}
{"asctime": "2025-05-04 01:24:33,944", "levelname": "CRITICAL", "process": 9780, "module": "accounts_views_imports", "message": "Database down", "pathname": "D:\\Django Practice\\core\\accounts\\accounts_views_imports.py", "funcName": "<module>", "lineno": 51}
{"asctime": "2025-05-04 01:24:39,989", "levelname": "INFO", "process": 10824, "module": "views", "message": "User logged in", "pathname": "D:\\Django Practice\\core\\vege\\views.py", "funcName": "<module>", "lineno": 7}
{"asctime": "2025-05-04 01:24:39,989", "levelname": "WARNING", "process": 10824, "module": "views", "message": "API response slow", "pathname": "D:\\Django Practice\\core\\vege\\views.py", "funcName": "<module>", "lineno": 8}
{"asctime": "2025-05-04 01:24:39,999", "levelname": "ERROR", "process": 10824, "module": "views", "message": "Payment failed", "pathname": "D:\\Django Practice\\core\\vege\\views.py", "funcName": "<module>", "lineno": 9}
{"asctime": "2025-05-04 01:24:39,999", "levelname": "CRITICAL", "process": 10824, "module": "views", "message": "Database down", "pathname": "D:\\Django Practice\\core\\vege\\views.py", "funcName": "<module>", "lineno": 10}
{"asctime": "2025-05-04 01:24:40,034", "levelname": "INFO", "process": 10824, "module": "accounts_views_imports", "message": "User logged in", "pathname": "D:\\Django Practice\\core\\accounts\\accounts_views_imports.py", "funcName": "<module>", "lineno": 48}
{"asctime": "2025-05-04 01:24:40,039", "levelname": "WARNING", "process": 10824, "module": "accounts_views_imports", "message": "API response slow", "pathname": "D:\\Django Practice\\core\\accounts\\accounts_views_imports.py", "funcName": "<module>", "lineno": 49}
{"asctime": "2025-05-04 01:24:40,039", "levelname": "ERROR", "process": 10824, "module": "accounts_views_imports", "message": "Payment failed", "pathname": "D:\\Django Practice\\core\\accounts\\accounts_views_imports.py", "funcName": "<module>", "lineno": 50}
{"asctime": "2025-05-04 01:24:40,039", "levelname": "CRITICAL", "process": 10824, "module": "accounts_views_imports", "message": "Database down", "pathname": "D:\\Django Practice\\core\\accounts\\accounts_views_imports.py", "funcName": "<module>", "lineno": 51}
{"asctime": "2025-05-04 01:24:44,769", "levelname": "INFO", "process": 14924, "module": "views", "message": "User logged in", "pathname": "D:\\Django Practice\\core\\vege\\views.py", "funcName": "<module>", "lineno": 7}
{"asctime": "2025-05-04 01:24:44,769", "levelname": "WARNING", "process": 14924, "module": "views", "message": "API response slow", "pathname": "D:\\Django Practice\\core\\vege\\views.py", "funcName": "<module>", "lineno": 8}
{"asctime": "2025-05-04 01:24:44,769", "levelname": "ERROR", "process": 14924, "module": "views", "message": "Payment failed", "pathname": "D:\\Django Practice\\core\\vege\\views.py", "funcName": "<module>", "lineno": 9}
{"asctime": "2025-05-04 01:24:44,769", "levelname": "CRITICAL", "process": 14924, "module": "views", "message": "Database down", "pathname": "D:\\Django Practice\\core\\vege\\views.py", "funcName": "<module>", "lineno": 10}
{"asctime": "2025-05-04 01:24:44,809", "levelname": "INFO", "process": 14924, "module": "accounts_views_imports", "message": "User logged in", "pathname": "D:\\Django Practice\\core\\accounts\\accounts_views_imports.py", "funcName": "<module>", "lineno": 48}
{"asctime": "2025-05-04 01:24:44,818", "levelname": "WARNING", "process": 14924, "module": "accounts_views_imports", "message": "API response slow", "pathname": "D:\\Django Practice\\core\\accounts\\accounts_views_imports.py", "funcName": "<module>", "lineno": 49}
{"asctime": "2025-05-04 01:24:44,822", "levelname": "ERROR", "process": 14924, "module": "accounts_views_imports", "message": "Payment failed", "pathname": "D:\\Django Practice\\core\\accounts\\accounts_views_imports.py", "funcName": "<module>", "lineno": 50}
{"asctime": "2025-05-04 01:24:44,822", "levelname": "CRITICAL", "process": 14924, "module": "accounts_views_imports", "message": "Database down", "pathname": "D:\\Django Practice\\core\\accounts\\accounts_views_imports.py", "funcName": "<module>", "lineno": 51}
{"asctime": "2025-05-04 01:24:49,154", "levelname": "INFO", "process": 9008, "module": "views", "message": "User logged in", "pathname": "D:\\Django Practice\\core\\vege\\views.py", "funcName": "<module>", "lineno": 7}
{"asctime": "2025-05-04 01:24:49,154", "levelname": "WARNING", "process": 9008, "module": "views", "message": "API response slow", "pathname": "D:\\Django Practice\\core\\vege\\views.py", "funcName": "<module>", "lineno": 8}
{"asctime": "2025-05-04 01:24:49,159", "levelname": "ERROR", "process": 9008, "module": "views", "message": "Payment failed", "pathname": "D:\\Django Practice\\core\\vege\\views.py", "funcName": "<module>", "lineno": 9}
{"asctime": "2025-05-04 01:24:49,159", "levelname": "CRITICAL", "process": 9008, "module": "views", "message": "Database down", "pathname": "D:\\Django Practice\\core\\vege\\views.py", "funcName": "<module>", "lineno": 10}
{"asctime": "2025-05-04 01:24:49,204", "levelname": "INFO", "process": 9008, "module": "accounts_views_imports", "message": "User logged in", "pathname": "D:\\Django Practice\\core\\accounts\\accounts_views_imports.py", "funcName": "<module>", "lineno": 48}
{"asctime": "2025-05-04 01:24:49,209", "levelname": "WARNING", "process": 9008, "module": "accounts_views_imports", "message": "API response slow", "pathname": "D:\\Django Practice\\core\\accounts\\accounts_views_imports.py", "funcName": "<module>", "lineno": 49}
{"asctime": "2025-05-04 01:24:49,209", "levelname": "ERROR", "process": 9008, "module": "accounts_views_imports", "message": "Payment failed", "pathname": "D:\\Django Practice\\core\\accounts\\accounts_views_imports.py", "funcName": "<module>", "lineno": 50}
{"asctime": "2025-05-04 01:24:49,209", "levelname": "CRITICAL", "process": 9008, "module": "accounts_views_imports", "message": "Database down", "pathname": "D:\\Django Practice\\core\\accounts\\accounts_views_imports.py", "funcName": "<module>", "lineno": 51}
{"asctime": "2025-05-04 01:24:54,852", "levelname": "INFO", "process": 14452, "module": "views", "message": "User logged in", "pathname": "D:\\Django Practice\\core\\vege\\views.py", "funcName": "<module>", "lineno": 7}
{"asctime": "2025-05-04 01:24:54,858", "levelname": "WARNING", "process": 14452, "module": "views", "message": "API response slow", "pathname": "D:\\Django Practice\\core\\vege\\views.py", "funcName": "<module>", "lineno": 8}
{"asctime": "2025-05-04 01:24:54,859", "levelname": "ERROR", "process": 14452, "module": "views", "message": "Payment failed", "pathname": "D:\\Django Practice\\core\\vege\\views.py", "funcName": "<module>", "lineno": 9}
{"asctime": "2025-05-04 01:24:54,859", "levelname": "CRITICAL", "process": 14452, "module": "views", "message": "Database down", "pathname": "D:\\Django Practice\\core\\vege\\views.py", "funcName": "<module>", "lineno": 10}
{"asctime": "2025-05-04 01:24:54,902", "levelname": "INFO", "process": 14452, "module": "accounts_views_imports", "message": "User logged in", "pathname": "D:\\Django Practice\\core\\accounts\\accounts_views_imports.py", "funcName": "<module>", "lineno": 48}
{"asctime": "2025-05-04 01:24:54,902", "levelname": "WARNING", "process": 14452, "module": "accounts_views_imports", "message": "API response slow", "pathname": "D:\\Django Practice\\core\\accounts\\accounts_views_imports.py", "funcName": "<module>", "lineno": 49}
{"asctime": "2025-05-04 01:24:54,902", "levelname": "ERROR", "process": 14452, "module": "accounts_views_imports", "message": "Payment failed", "pathname": "D:\\Django Practice\\core\\accounts\\accounts_views_imports.py", "funcName": "<module>", "lineno": 50}
{"asctime": "2025-05-04 01:24:54,902", "levelname": "CRITICAL", "process": 14452, "module": "accounts_views_imports", "message": "Database down", "pathname": "D:\\Django Practice\\core\\accounts\\accounts_views_imports.py", "funcName": "<module>", "lineno": 51}
{"asctime": "2025-05-04 01:24:59,848", "levelname": "INFO", "process": 13224, "module": "views", "message": "User logged in", "pathname": "D:\\Django Practice\\core\\vege\\views.py", "funcName": "<module>", "lineno": 7}
{"asctime": "2025-05-04 01:24:59,859", "levelname": "WARNING", "process": 13224, "module": "views", "message": "API response slow", "pathname": "D:\\Django Practice\\core\\vege\\views.py", "funcName": "<module>", "lineno": 8}
{"asctime": "2025-05-04 01:24:59,859", "levelname": "ERROR", "process": 13224, "module": "views", "message": "Payment failed", "pathname": "D:\\Django Practice\\core\\vege\\views.py", "funcName": "<module>", "lineno": 9}
{"asctime": "2025-05-04 01:24:59,859", "levelname": "CRITICAL", "process": 13224, "module": "views", "message": "Database down", "pathname": "D:\\Django Practice\\core\\vege\\views.py", "funcName": "<module>", "lineno": 10}
{"asctime": "2025-05-04 01:24:59,929", "levelname": "INFO", "process": 13224, "module": "accounts_views_imports", "message": "User logged in", "pathname": "D:\\Django Practice\\core\\accounts\\accounts_views_imports.py", "funcName": "<module>", "lineno": 48}
{"asctime": "2025-05-04 01:24:59,929", "levelname": "WARNING", "process": 13224, "module": "accounts_views_imports", "message": "API response slow", "pathname": "D:\\Django Practice\\core\\accounts\\accounts_views_imports.py", "funcName": "<module>", "lineno": 49}
{"asctime": "2025-05-04 01:24:59,929", "levelname": "ERROR", "process": 13224, "module": "accounts_views_imports", "message": "Payment failed", "pathname": "D:\\Django Practice\\core\\accounts\\accounts_views_imports.py", "funcName": "<module>", "lineno": 50}
{"asctime": "2025-05-04 01:24:59,936", "levelname": "CRITICAL", "process": 13224, "module": "accounts_views_imports", "message": "Database down", "pathname": "D:\\Django Practice\\core\\accounts\\accounts_views_imports.py", "funcName": "<module>", "lineno": 51}
{"asctime": "2025-05-04 01:25:08,940", "levelname": "INFO", "process": 7064, "module": "views", "message": "User logged in", "pathname": "D:\\Django Practice\\core\\vege\\views.py", "funcName": "<module>", "lineno": 7}
{"asctime": "2025-05-04 01:25:08,951", "levelname": "WARNING", "process": 7064, "module": "views", "message": "API response slow", "pathname": "D:\\Django Practice\\core\\vege\\views.py", "funcName": "<module>", "lineno": 8}
{"asctime": "2025-05-04 01:25:08,951", "levelname": "ERROR", "process": 7064, "module": "views", "message": "Payment failed", "pathname": "D:\\Django Practice\\core\\vege\\views.py", "funcName": "<module>", "lineno": 9}
{"asctime": "2025-05-04 01:25:08,951", "levelname": "CRITICAL", "process": 7064, "module": "views", "message": "Database down", "pathname": "D:\\Django Practice\\core\\vege\\views.py", "funcName": "<module>", "lineno": 10}
{"asctime": "2025-05-04 01:25:08,989", "levelname": "INFO", "process": 7064, "module": "accounts_views_imports", "message": "User logged in", "pathname": "D:\\Django Practice\\core\\accounts\\accounts_views_imports.py", "funcName": "<module>", "lineno": 48}
{"asctime": "2025-05-04 01:25:08,989", "levelname": "WARNING", "process": 7064, "module": "accounts_views_imports", "message": "API response slow", "pathname": "D:\\Django Practice\\core\\accounts\\accounts_views_imports.py", "funcName": "<module>", "lineno": 49}
{"asctime": "2025-05-04 01:25:08,989", "levelname": "ERROR", "process": 7064, "module": "accounts_views_imports", "message": "Payment failed", "pathname": "D:\\Django Practice\\core\\accounts\\accounts_views_imports.py", "funcName": "<module>", "lineno": 50}
{"asctime": "2025-05-04 01:25:08,989", "levelname": "CRITICAL", "process": 7064, "module": "accounts_views_imports", "message": "Database down", "pathname": "D:\\Django Practice\\core\\accounts\\accounts_views_imports.py", "funcName": "<module>", "lineno": 51}
{"asctime": "2025-05-04 01:25:21,663", "levelname": "INFO", "process": 5544, "module": "views", "message": "User logged in", "pathname": "D:\\Django Practice\\core\\vege\\views.py", "funcName": "<module>", "lineno": 7}
{"asctime": "2025-05-04 01:25:21,664", "levelname": "WARNING", "process": 5544, "module": "views", "message": "API response slow", "pathname": "D:\\Django Practice\\core\\vege\\views.py", "funcName": "<module>", "lineno": 8}
{"asctime": "2025-05-04 01:25:21,667", "levelname": "ERROR", "process": 5544, "module": "views", "message": "Payment failed", "pathname": "D:\\Django Practice\\core\\vege\\views.py", "funcName": "<module>", "lineno": 9}
{"asctime": "2025-05-04 01:25:21,667", "levelname": "CRITICAL", "process": 5544, "module": "views", "message": "Database down", "pathname": "D:\\Django Practice\\core\\vege\\views.py", "funcName": "<module>", "lineno": 10}
{"asctime": "2025-05-04 01:25:21,688", "levelname": "INFO", "process": 5544, "module": "accounts_views_imports", "message": "User logged in", "pathname": "D:\\Django Practice\\core\\accounts\\accounts_views_imports.py", "funcName": "<module>", "lineno": 48}
{"asctime": "2025-05-04 01:25:21,690", "levelname": "WARNING", "process": 5544, "module": "accounts_views_imports", "message": "API response slow", "pathname": "D:\\Django Practice\\core\\accounts\\accounts_views_imports.py", "funcName": "<module>", "lineno": 49}
{"asctime": "2025-05-04 01:25:21,691", "levelname": "ERROR", "process": 5544, "module": "accounts_views_imports", "message": "Payment failed", "pathname": "D:\\Django Practice\\core\\accounts\\accounts_views_imports.py", "funcName": "<module>", "lineno": 50}
{"asctime": "2025-05-04 01:25:21,692", "levelname": "CRITICAL", "process": 5544, "module": "accounts_views_imports", "message": "Database down", "pathname": "D:\\Django Practice\\core\\accounts\\accounts_views_imports.py", "funcName": "<module>", "lineno": 51}
{"asctime": "2025-05-04 01:29:01,952", "levelname": "CRITICAL", "process": 5544, "module": "views", "message": "Registration failed for swarnadip921@gmail.com: User() got unexpected keyword arguments: 'location', 'bio', 'birth_date', 'profile_pic'", "pathname": "D:\\Django Practice\\core\\accounts\\views.py", "funcName": "register_view", "lineno": 96, "exc_info": "Traceback (most recent call last):\n  File \"D:\\Django Practice\\core\\accounts\\views.py\", line 47, in register_view\n    user = User.objects.create_user(\n           ^^^^^^^^^^^^^^^^^^^^^^^^^\n  File \"D:\\Django Practice\\env_practice\\Lib\\site-packages\\django\\contrib\\auth\\models.py\", line 161, in create_user\n    return self._create_user(username, email, password, **extra_fields)\n           ^^^^^^^^^^^^^^^^^^^^^^^^^^^^^^^^^^^^^^^^^^^^^^^^^^^^^^^^^^^^\n  File \"D:\\Django Practice\\env_practice\\Lib\\site-packages\\django\\contrib\\auth\\models.py\", line 153, in _create_user\n    user = self.model(username=username, email=email, **extra_fields)\n           ^^^^^^^^^^^^^^^^^^^^^^^^^^^^^^^^^^^^^^^^^^^^^^^^^^^^^^^^^^\n  File \"D:\\Django Practice\\env_practice\\Lib\\site-packages\\django\\db\\models\\base.py\", line 567, in __init__\n    raise TypeError(\nTypeError: User() got unexpected keyword arguments: 'location', 'bio', 'birth_date', 'profile_pic'"}
{"asctime": "2025-05-04 01:29:49,237", "levelname": "CRITICAL", "process": 5544, "module": "views", "message": "Registration failed for swarnadip921@gmail.com: User() got unexpected keyword arguments: 'location', 'bio', 'birth_date', 'profile_pic'", "pathname": "D:\\Django Practice\\core\\accounts\\views.py", "funcName": "register_view", "lineno": 96, "exc_info": "Traceback (most recent call last):\n  File \"D:\\Django Practice\\core\\accounts\\views.py\", line 47, in register_view\n    user = User.objects.create_user(\n           ^^^^^^^^^^^^^^^^^^^^^^^^^\n  File \"D:\\Django Practice\\env_practice\\Lib\\site-packages\\django\\contrib\\auth\\models.py\", line 161, in create_user\n    return self._create_user(username, email, password, **extra_fields)\n           ^^^^^^^^^^^^^^^^^^^^^^^^^^^^^^^^^^^^^^^^^^^^^^^^^^^^^^^^^^^^\n  File \"D:\\Django Practice\\env_practice\\Lib\\site-packages\\django\\contrib\\auth\\models.py\", line 153, in _create_user\n    user = self.model(username=username, email=email, **extra_fields)\n           ^^^^^^^^^^^^^^^^^^^^^^^^^^^^^^^^^^^^^^^^^^^^^^^^^^^^^^^^^^\n  File \"D:\\Django Practice\\env_practice\\Lib\\site-packages\\django\\db\\models\\base.py\", line 567, in __init__\n    raise TypeError(\nTypeError: User() got unexpected keyword arguments: 'location', 'bio', 'birth_date', 'profile_pic'"}
{"asctime": "2025-05-04 01:30:28,267", "levelname": "CRITICAL", "process": 5544, "module": "views", "message": "Registration failed for swarnadip921@gmail.com: User() got unexpected keyword arguments: 'location', 'bio', 'birth_date', 'profile_pic'", "pathname": "D:\\Django Practice\\core\\accounts\\views.py", "funcName": "register_view", "lineno": 96, "exc_info": "Traceback (most recent call last):\n  File \"D:\\Django Practice\\core\\accounts\\views.py\", line 47, in register_view\n    user = User.objects.create_user(\n           ^^^^^^^^^^^^^^^^^^^^^^^^^\n  File \"D:\\Django Practice\\env_practice\\Lib\\site-packages\\django\\contrib\\auth\\models.py\", line 161, in create_user\n    return self._create_user(username, email, password, **extra_fields)\n           ^^^^^^^^^^^^^^^^^^^^^^^^^^^^^^^^^^^^^^^^^^^^^^^^^^^^^^^^^^^^\n  File \"D:\\Django Practice\\env_practice\\Lib\\site-packages\\django\\contrib\\auth\\models.py\", line 153, in _create_user\n    user = self.model(username=username, email=email, **extra_fields)\n           ^^^^^^^^^^^^^^^^^^^^^^^^^^^^^^^^^^^^^^^^^^^^^^^^^^^^^^^^^^\n  File \"D:\\Django Practice\\env_practice\\Lib\\site-packages\\django\\db\\models\\base.py\", line 567, in __init__\n    raise TypeError(\nTypeError: User() got unexpected keyword arguments: 'location', 'bio', 'birth_date', 'profile_pic'"}
{"asctime": "2025-05-04 01:33:19,471", "levelname": "INFO", "process": 15052, "module": "views", "message": "User logged in", "pathname": "D:\\Django Practice\\core\\vege\\views.py", "funcName": "<module>", "lineno": 7}
{"asctime": "2025-05-04 01:33:19,471", "levelname": "WARNING", "process": 15052, "module": "views", "message": "API response slow", "pathname": "D:\\Django Practice\\core\\vege\\views.py", "funcName": "<module>", "lineno": 8}
{"asctime": "2025-05-04 01:33:19,471", "levelname": "ERROR", "process": 15052, "module": "views", "message": "Payment failed", "pathname": "D:\\Django Practice\\core\\vege\\views.py", "funcName": "<module>", "lineno": 9}
{"asctime": "2025-05-04 01:33:19,471", "levelname": "CRITICAL", "process": 15052, "module": "views", "message": "Database down", "pathname": "D:\\Django Practice\\core\\vege\\views.py", "funcName": "<module>", "lineno": 10}
{"asctime": "2025-05-04 01:33:19,518", "levelname": "INFO", "process": 15052, "module": "accounts_views_imports", "message": "User logged in", "pathname": "D:\\Django Practice\\core\\accounts\\accounts_views_imports.py", "funcName": "<module>", "lineno": 48}
{"asctime": "2025-05-04 01:33:19,518", "levelname": "WARNING", "process": 15052, "module": "accounts_views_imports", "message": "API response slow", "pathname": "D:\\Django Practice\\core\\accounts\\accounts_views_imports.py", "funcName": "<module>", "lineno": 49}
{"asctime": "2025-05-04 01:33:19,518", "levelname": "ERROR", "process": 15052, "module": "accounts_views_imports", "message": "Payment failed", "pathname": "D:\\Django Practice\\core\\accounts\\accounts_views_imports.py", "funcName": "<module>", "lineno": 50}
{"asctime": "2025-05-04 01:33:19,518", "levelname": "CRITICAL", "process": 15052, "module": "accounts_views_imports", "message": "Database down", "pathname": "D:\\Django Practice\\core\\accounts\\accounts_views_imports.py", "funcName": "<module>", "lineno": 51}
{"asctime": "2025-05-04 01:34:12,311", "levelname": "CRITICAL", "process": 15052, "module": "views", "message": "Registration failed for swarnadip921@gmail.com: User() got unexpected keyword arguments: 'location', 'bio', 'birth_date', 'profile_pic'", "pathname": "D:\\Django Practice\\core\\accounts\\views.py", "funcName": "register_view", "lineno": 96, "exc_info": "Traceback (most recent call last):\n  File \"D:\\Django Practice\\core\\accounts\\views.py\", line 47, in register_view\n    user = User.objects.create_user(\n           ^^^^^^^^^^^^^^^^^^^^^^^^^\n  File \"D:\\Django Practice\\env_practice\\Lib\\site-packages\\django\\contrib\\auth\\models.py\", line 161, in create_user\n    return self._create_user(username, email, password, **extra_fields)\n           ^^^^^^^^^^^^^^^^^^^^^^^^^^^^^^^^^^^^^^^^^^^^^^^^^^^^^^^^^^^^\n  File \"D:\\Django Practice\\env_practice\\Lib\\site-packages\\django\\contrib\\auth\\models.py\", line 153, in _create_user\n    user = self.model(username=username, email=email, **extra_fields)\n           ^^^^^^^^^^^^^^^^^^^^^^^^^^^^^^^^^^^^^^^^^^^^^^^^^^^^^^^^^^\n  File \"D:\\Django Practice\\env_practice\\Lib\\site-packages\\django\\db\\models\\base.py\", line 567, in __init__\n    raise TypeError(\nTypeError: User() got unexpected keyword arguments: 'location', 'bio', 'birth_date', 'profile_pic'"}
{"asctime": "2025-05-04 01:36:17,743", "levelname": "INFO", "process": 11964, "module": "views", "message": "User logged in", "pathname": "D:\\Django Practice\\core\\vege\\views.py", "funcName": "<module>", "lineno": 7}
{"asctime": "2025-05-04 01:36:17,748", "levelname": "WARNING", "process": 11964, "module": "views", "message": "API response slow", "pathname": "D:\\Django Practice\\core\\vege\\views.py", "funcName": "<module>", "lineno": 8}
{"asctime": "2025-05-04 01:36:17,748", "levelname": "ERROR", "process": 11964, "module": "views", "message": "Payment failed", "pathname": "D:\\Django Practice\\core\\vege\\views.py", "funcName": "<module>", "lineno": 9}
{"asctime": "2025-05-04 01:36:17,748", "levelname": "CRITICAL", "process": 11964, "module": "views", "message": "Database down", "pathname": "D:\\Django Practice\\core\\vege\\views.py", "funcName": "<module>", "lineno": 10}
{"asctime": "2025-05-04 01:36:17,788", "levelname": "INFO", "process": 11964, "module": "accounts_views_imports", "message": "User logged in", "pathname": "D:\\Django Practice\\core\\accounts\\accounts_views_imports.py", "funcName": "<module>", "lineno": 48}
{"asctime": "2025-05-04 01:36:17,788", "levelname": "WARNING", "process": 11964, "module": "accounts_views_imports", "message": "API response slow", "pathname": "D:\\Django Practice\\core\\accounts\\accounts_views_imports.py", "funcName": "<module>", "lineno": 49}
{"asctime": "2025-05-04 01:36:17,788", "levelname": "ERROR", "process": 11964, "module": "accounts_views_imports", "message": "Payment failed", "pathname": "D:\\Django Practice\\core\\accounts\\accounts_views_imports.py", "funcName": "<module>", "lineno": 50}
{"asctime": "2025-05-04 01:36:17,788", "levelname": "CRITICAL", "process": 11964, "module": "accounts_views_imports", "message": "Database down", "pathname": "D:\\Django Practice\\core\\accounts\\accounts_views_imports.py", "funcName": "<module>", "lineno": 51}
{"asctime": "2025-05-04 01:36:22,795", "levelname": "INFO", "process": 7212, "module": "views", "message": "User logged in", "pathname": "D:\\Django Practice\\core\\vege\\views.py", "funcName": "<module>", "lineno": 7}
{"asctime": "2025-05-04 01:36:22,797", "levelname": "WARNING", "process": 7212, "module": "views", "message": "API response slow", "pathname": "D:\\Django Practice\\core\\vege\\views.py", "funcName": "<module>", "lineno": 8}
{"asctime": "2025-05-04 01:36:22,799", "levelname": "ERROR", "process": 7212, "module": "views", "message": "Payment failed", "pathname": "D:\\Django Practice\\core\\vege\\views.py", "funcName": "<module>", "lineno": 9}
{"asctime": "2025-05-04 01:36:22,800", "levelname": "CRITICAL", "process": 7212, "module": "views", "message": "Database down", "pathname": "D:\\Django Practice\\core\\vege\\views.py", "funcName": "<module>", "lineno": 10}
{"asctime": "2025-05-04 01:36:22,845", "levelname": "INFO", "process": 7212, "module": "accounts_views_imports", "message": "User logged in", "pathname": "D:\\Django Practice\\core\\accounts\\accounts_views_imports.py", "funcName": "<module>", "lineno": 48}
{"asctime": "2025-05-04 01:36:22,847", "levelname": "WARNING", "process": 7212, "module": "accounts_views_imports", "message": "API response slow", "pathname": "D:\\Django Practice\\core\\accounts\\accounts_views_imports.py", "funcName": "<module>", "lineno": 49}
{"asctime": "2025-05-04 01:36:22,849", "levelname": "ERROR", "process": 7212, "module": "accounts_views_imports", "message": "Payment failed", "pathname": "D:\\Django Practice\\core\\accounts\\accounts_views_imports.py", "funcName": "<module>", "lineno": 50}
{"asctime": "2025-05-04 01:36:22,849", "levelname": "CRITICAL", "process": 7212, "module": "accounts_views_imports", "message": "Database down", "pathname": "D:\\Django Practice\\core\\accounts\\accounts_views_imports.py", "funcName": "<module>", "lineno": 51}
{"asctime": "2025-05-04 01:36:31,179", "levelname": "INFO", "process": 2300, "module": "views", "message": "User logged in", "pathname": "D:\\Django Practice\\core\\vege\\views.py", "funcName": "<module>", "lineno": 7}
{"asctime": "2025-05-04 01:36:31,181", "levelname": "WARNING", "process": 2300, "module": "views", "message": "API response slow", "pathname": "D:\\Django Practice\\core\\vege\\views.py", "funcName": "<module>", "lineno": 8}
{"asctime": "2025-05-04 01:36:31,339", "levelname": "ERROR", "process": 2300, "module": "views", "message": "Payment failed", "pathname": "D:\\Django Practice\\core\\vege\\views.py", "funcName": "<module>", "lineno": 9}
{"asctime": "2025-05-04 01:36:31,341", "levelname": "CRITICAL", "process": 2300, "module": "views", "message": "Database down", "pathname": "D:\\Django Practice\\core\\vege\\views.py", "funcName": "<module>", "lineno": 10}
{"asctime": "2025-05-04 01:36:31,382", "levelname": "INFO", "process": 2300, "module": "accounts_views_imports", "message": "User logged in", "pathname": "D:\\Django Practice\\core\\accounts\\accounts_views_imports.py", "funcName": "<module>", "lineno": 48}
{"asctime": "2025-05-04 01:36:31,383", "levelname": "WARNING", "process": 2300, "module": "accounts_views_imports", "message": "API response slow", "pathname": "D:\\Django Practice\\core\\accounts\\accounts_views_imports.py", "funcName": "<module>", "lineno": 49}
{"asctime": "2025-05-04 01:36:31,385", "levelname": "ERROR", "process": 2300, "module": "accounts_views_imports", "message": "Payment failed", "pathname": "D:\\Django Practice\\core\\accounts\\accounts_views_imports.py", "funcName": "<module>", "lineno": 50}
{"asctime": "2025-05-04 01:36:31,386", "levelname": "CRITICAL", "process": 2300, "module": "accounts_views_imports", "message": "Database down", "pathname": "D:\\Django Practice\\core\\accounts\\accounts_views_imports.py", "funcName": "<module>", "lineno": 51}
{"asctime": "2025-05-04 01:37:42,620", "levelname": "ERROR", "process": 2300, "module": "views", "message": "Registration error: duplicate key value violates unique constraint \"accounts_profile_user_id_key\"\nDETAIL:  Key (user_id)=(39) already exists.\n", "pathname": "D:\\Django Practice\\core\\accounts\\views.py", "funcName": "register_view", "lineno": 94}
{"asctime": "2025-05-04 01:40:09,325", "levelname": "INFO", "process": 8560, "module": "views", "message": "User logged in", "pathname": "D:\\Django Practice\\core\\vege\\views.py", "funcName": "<module>", "lineno": 7}
{"asctime": "2025-05-04 01:40:09,327", "levelname": "WARNING", "process": 8560, "module": "views", "message": "API response slow", "pathname": "D:\\Django Practice\\core\\vege\\views.py", "funcName": "<module>", "lineno": 8}
{"asctime": "2025-05-04 01:40:09,328", "levelname": "ERROR", "process": 8560, "module": "views", "message": "Payment failed", "pathname": "D:\\Django Practice\\core\\vege\\views.py", "funcName": "<module>", "lineno": 9}
{"asctime": "2025-05-04 01:40:09,329", "levelname": "CRITICAL", "process": 8560, "module": "views", "message": "Database down", "pathname": "D:\\Django Practice\\core\\vege\\views.py", "funcName": "<module>", "lineno": 10}
{"asctime": "2025-05-04 01:40:09,378", "levelname": "INFO", "process": 8560, "module": "accounts_views_imports", "message": "User logged in", "pathname": "D:\\Django Practice\\core\\accounts\\accounts_views_imports.py", "funcName": "<module>", "lineno": 48}
{"asctime": "2025-05-04 01:40:09,379", "levelname": "WARNING", "process": 8560, "module": "accounts_views_imports", "message": "API response slow", "pathname": "D:\\Django Practice\\core\\accounts\\accounts_views_imports.py", "funcName": "<module>", "lineno": 49}
{"asctime": "2025-05-04 01:40:09,380", "levelname": "ERROR", "process": 8560, "module": "accounts_views_imports", "message": "Payment failed", "pathname": "D:\\Django Practice\\core\\accounts\\accounts_views_imports.py", "funcName": "<module>", "lineno": 50}
{"asctime": "2025-05-04 01:40:09,384", "levelname": "CRITICAL", "process": 8560, "module": "accounts_views_imports", "message": "Database down", "pathname": "D:\\Django Practice\\core\\accounts\\accounts_views_imports.py", "funcName": "<module>", "lineno": 51}
{"asctime": "2025-05-04 01:40:16,533", "levelname": "INFO", "process": 11464, "module": "views", "message": "User logged in", "pathname": "D:\\Django Practice\\core\\vege\\views.py", "funcName": "<module>", "lineno": 7}
{"asctime": "2025-05-04 01:40:16,535", "levelname": "WARNING", "process": 11464, "module": "views", "message": "API response slow", "pathname": "D:\\Django Practice\\core\\vege\\views.py", "funcName": "<module>", "lineno": 8}
{"asctime": "2025-05-04 01:40:16,536", "levelname": "ERROR", "process": 11464, "module": "views", "message": "Payment failed", "pathname": "D:\\Django Practice\\core\\vege\\views.py", "funcName": "<module>", "lineno": 9}
{"asctime": "2025-05-04 01:40:16,537", "levelname": "CRITICAL", "process": 11464, "module": "views", "message": "Database down", "pathname": "D:\\Django Practice\\core\\vege\\views.py", "funcName": "<module>", "lineno": 10}
{"asctime": "2025-05-04 01:40:16,556", "levelname": "INFO", "process": 11464, "module": "accounts_views_imports", "message": "User logged in", "pathname": "D:\\Django Practice\\core\\accounts\\accounts_views_imports.py", "funcName": "<module>", "lineno": 48}
{"asctime": "2025-05-04 01:40:16,557", "levelname": "WARNING", "process": 11464, "module": "accounts_views_imports", "message": "API response slow", "pathname": "D:\\Django Practice\\core\\accounts\\accounts_views_imports.py", "funcName": "<module>", "lineno": 49}
{"asctime": "2025-05-04 01:40:16,558", "levelname": "ERROR", "process": 11464, "module": "accounts_views_imports", "message": "Payment failed", "pathname": "D:\\Django Practice\\core\\accounts\\accounts_views_imports.py", "funcName": "<module>", "lineno": 50}
{"asctime": "2025-05-04 01:40:16,559", "levelname": "CRITICAL", "process": 11464, "module": "accounts_views_imports", "message": "Database down", "pathname": "D:\\Django Practice\\core\\accounts\\accounts_views_imports.py", "funcName": "<module>", "lineno": 51}
{"asctime": "2025-05-04 01:40:45,903", "levelname": "ERROR", "process": 11464, "module": "views", "message": "Registration error: duplicate key value violates unique constraint \"auth_user_username_key\"\nDETAIL:  Key (username)=(ParaNoid001) already exists.\n", "pathname": "D:\\Django Practice\\core\\accounts\\views.py", "funcName": "register_view", "lineno": 57}
{"asctime": "2025-05-04 01:45:09,161", "levelname": "INFO", "process": 10196, "module": "views", "message": "User logged in", "pathname": "D:\\Django Practice\\core\\vege\\views.py", "funcName": "<module>", "lineno": 7}
{"asctime": "2025-05-04 01:45:09,164", "levelname": "WARNING", "process": 10196, "module": "views", "message": "API response slow", "pathname": "D:\\Django Practice\\core\\vege\\views.py", "funcName": "<module>", "lineno": 8}
{"asctime": "2025-05-04 01:45:09,166", "levelname": "ERROR", "process": 10196, "module": "views", "message": "Payment failed", "pathname": "D:\\Django Practice\\core\\vege\\views.py", "funcName": "<module>", "lineno": 9}
{"asctime": "2025-05-04 01:45:09,168", "levelname": "CRITICAL", "process": 10196, "module": "views", "message": "Database down", "pathname": "D:\\Django Practice\\core\\vege\\views.py", "funcName": "<module>", "lineno": 10}
{"asctime": "2025-05-04 01:45:09,190", "levelname": "INFO", "process": 10196, "module": "accounts_views_imports", "message": "User logged in", "pathname": "D:\\Django Practice\\core\\accounts\\accounts_views_imports.py", "funcName": "<module>", "lineno": 48}
{"asctime": "2025-05-04 01:45:09,192", "levelname": "WARNING", "process": 10196, "module": "accounts_views_imports", "message": "API response slow", "pathname": "D:\\Django Practice\\core\\accounts\\accounts_views_imports.py", "funcName": "<module>", "lineno": 49}
{"asctime": "2025-05-04 01:45:09,197", "levelname": "ERROR", "process": 10196, "module": "accounts_views_imports", "message": "Payment failed", "pathname": "D:\\Django Practice\\core\\accounts\\accounts_views_imports.py", "funcName": "<module>", "lineno": 50}
{"asctime": "2025-05-04 01:45:09,197", "levelname": "CRITICAL", "process": 10196, "module": "accounts_views_imports", "message": "Database down", "pathname": "D:\\Django Practice\\core\\accounts\\accounts_views_imports.py", "funcName": "<module>", "lineno": 51}
{"asctime": "2025-05-04 01:45:42,981", "levelname": "ERROR", "process": 10196, "module": "views", "message": "Email error: send_mail() missing 3 required positional arguments: 'message', 'from_email', and 'recipient_list'", "pathname": "D:\\Django Practice\\core\\accounts\\views.py", "funcName": "register_view", "lineno": 51}
{"asctime": "2025-05-04 01:50:28,477", "levelname": "INFO", "process": 5848, "module": "views", "message": "User logged in", "pathname": "D:\\Django Practice\\core\\vege\\views.py", "funcName": "<module>", "lineno": 7}
{"asctime": "2025-05-04 01:50:28,477", "levelname": "WARNING", "process": 5848, "module": "views", "message": "API response slow", "pathname": "D:\\Django Practice\\core\\vege\\views.py", "funcName": "<module>", "lineno": 8}
{"asctime": "2025-05-04 01:50:28,477", "levelname": "ERROR", "process": 5848, "module": "views", "message": "Payment failed", "pathname": "D:\\Django Practice\\core\\vege\\views.py", "funcName": "<module>", "lineno": 9}
{"asctime": "2025-05-04 01:50:28,477", "levelname": "CRITICAL", "process": 5848, "module": "views", "message": "Database down", "pathname": "D:\\Django Practice\\core\\vege\\views.py", "funcName": "<module>", "lineno": 10}
{"asctime": "2025-05-04 01:50:28,527", "levelname": "INFO", "process": 5848, "module": "accounts_views_imports", "message": "User logged in", "pathname": "D:\\Django Practice\\core\\accounts\\accounts_views_imports.py", "funcName": "<module>", "lineno": 48}
{"asctime": "2025-05-04 01:50:28,527", "levelname": "WARNING", "process": 5848, "module": "accounts_views_imports", "message": "API response slow", "pathname": "D:\\Django Practice\\core\\accounts\\accounts_views_imports.py", "funcName": "<module>", "lineno": 49}
{"asctime": "2025-05-04 01:50:28,527", "levelname": "ERROR", "process": 5848, "module": "accounts_views_imports", "message": "Payment failed", "pathname": "D:\\Django Practice\\core\\accounts\\accounts_views_imports.py", "funcName": "<module>", "lineno": 50}
{"asctime": "2025-05-04 01:50:28,527", "levelname": "CRITICAL", "process": 5848, "module": "accounts_views_imports", "message": "Database down", "pathname": "D:\\Django Practice\\core\\accounts\\accounts_views_imports.py", "funcName": "<module>", "lineno": 51}
{"asctime": "2025-05-04 01:50:39,854", "levelname": "INFO", "process": 10956, "module": "views", "message": "User logged in", "pathname": "D:\\Django Practice\\core\\vege\\views.py", "funcName": "<module>", "lineno": 7}
{"asctime": "2025-05-04 01:50:39,856", "levelname": "WARNING", "process": 10956, "module": "views", "message": "API response slow", "pathname": "D:\\Django Practice\\core\\vege\\views.py", "funcName": "<module>", "lineno": 8}
{"asctime": "2025-05-04 01:50:39,858", "levelname": "ERROR", "process": 10956, "module": "views", "message": "Payment failed", "pathname": "D:\\Django Practice\\core\\vege\\views.py", "funcName": "<module>", "lineno": 9}
{"asctime": "2025-05-04 01:50:39,859", "levelname": "CRITICAL", "process": 10956, "module": "views", "message": "Database down", "pathname": "D:\\Django Practice\\core\\vege\\views.py", "funcName": "<module>", "lineno": 10}
{"asctime": "2025-05-04 01:50:39,927", "levelname": "INFO", "process": 10956, "module": "accounts_views_imports", "message": "User logged in", "pathname": "D:\\Django Practice\\core\\accounts\\accounts_views_imports.py", "funcName": "<module>", "lineno": 48}
{"asctime": "2025-05-04 01:50:39,935", "levelname": "WARNING", "process": 10956, "module": "accounts_views_imports", "message": "API response slow", "pathname": "D:\\Django Practice\\core\\accounts\\accounts_views_imports.py", "funcName": "<module>", "lineno": 49}
{"asctime": "2025-05-04 01:50:39,935", "levelname": "ERROR", "process": 10956, "module": "accounts_views_imports", "message": "Payment failed", "pathname": "D:\\Django Practice\\core\\accounts\\accounts_views_imports.py", "funcName": "<module>", "lineno": 50}
{"asctime": "2025-05-04 01:50:39,966", "levelname": "CRITICAL", "process": 10956, "module": "accounts_views_imports", "message": "Database down", "pathname": "D:\\Django Practice\\core\\accounts\\accounts_views_imports.py", "funcName": "<module>", "lineno": 51}
{"asctime": "2025-05-04 01:51:16,489", "levelname": "INFO", "process": 8468, "module": "views", "message": "User logged in", "pathname": "D:\\Django Practice\\core\\vege\\views.py", "funcName": "<module>", "lineno": 7}
{"asctime": "2025-05-04 01:51:16,493", "levelname": "WARNING", "process": 8468, "module": "views", "message": "API response slow", "pathname": "D:\\Django Practice\\core\\vege\\views.py", "funcName": "<module>", "lineno": 8}
{"asctime": "2025-05-04 01:51:16,493", "levelname": "ERROR", "process": 8468, "module": "views", "message": "Payment failed", "pathname": "D:\\Django Practice\\core\\vege\\views.py", "funcName": "<module>", "lineno": 9}
{"asctime": "2025-05-04 01:51:16,494", "levelname": "CRITICAL", "process": 8468, "module": "views", "message": "Database down", "pathname": "D:\\Django Practice\\core\\vege\\views.py", "funcName": "<module>", "lineno": 10}
{"asctime": "2025-05-04 01:51:16,532", "levelname": "INFO", "process": 8468, "module": "accounts_views_imports", "message": "User logged in", "pathname": "D:\\Django Practice\\core\\accounts\\accounts_views_imports.py", "funcName": "<module>", "lineno": 48}
{"asctime": "2025-05-04 01:51:16,536", "levelname": "WARNING", "process": 8468, "module": "accounts_views_imports", "message": "API response slow", "pathname": "D:\\Django Practice\\core\\accounts\\accounts_views_imports.py", "funcName": "<module>", "lineno": 49}
{"asctime": "2025-05-04 01:51:16,537", "levelname": "ERROR", "process": 8468, "module": "accounts_views_imports", "message": "Payment failed", "pathname": "D:\\Django Practice\\core\\accounts\\accounts_views_imports.py", "funcName": "<module>", "lineno": 50}
{"asctime": "2025-05-04 01:51:16,538", "levelname": "CRITICAL", "process": 8468, "module": "accounts_views_imports", "message": "Database down", "pathname": "D:\\Django Practice\\core\\accounts\\accounts_views_imports.py", "funcName": "<module>", "lineno": 51}
{"asctime": "2025-05-04 01:55:06,942", "levelname": "INFO", "process": 7248, "module": "views", "message": "User logged in", "pathname": "D:\\Django Practice\\core\\vege\\views.py", "funcName": "<module>", "lineno": 7}
{"asctime": "2025-05-04 01:55:06,944", "levelname": "WARNING", "process": 7248, "module": "views", "message": "API response slow", "pathname": "D:\\Django Practice\\core\\vege\\views.py", "funcName": "<module>", "lineno": 8}
{"asctime": "2025-05-04 01:55:06,946", "levelname": "ERROR", "process": 7248, "module": "views", "message": "Payment failed", "pathname": "D:\\Django Practice\\core\\vege\\views.py", "funcName": "<module>", "lineno": 9}
{"asctime": "2025-05-04 01:55:06,947", "levelname": "CRITICAL", "process": 7248, "module": "views", "message": "Database down", "pathname": "D:\\Django Practice\\core\\vege\\views.py", "funcName": "<module>", "lineno": 10}
{"asctime": "2025-05-04 01:55:06,988", "levelname": "INFO", "process": 7248, "module": "accounts_views_imports", "message": "User logged in", "pathname": "D:\\Django Practice\\core\\accounts\\accounts_views_imports.py", "funcName": "<module>", "lineno": 48}
{"asctime": "2025-05-04 01:55:06,988", "levelname": "WARNING", "process": 7248, "module": "accounts_views_imports", "message": "API response slow", "pathname": "D:\\Django Practice\\core\\accounts\\accounts_views_imports.py", "funcName": "<module>", "lineno": 49}
{"asctime": "2025-05-04 01:55:06,988", "levelname": "ERROR", "process": 7248, "module": "accounts_views_imports", "message": "Payment failed", "pathname": "D:\\Django Practice\\core\\accounts\\accounts_views_imports.py", "funcName": "<module>", "lineno": 50}
{"asctime": "2025-05-04 01:55:06,988", "levelname": "CRITICAL", "process": 7248, "module": "accounts_views_imports", "message": "Database down", "pathname": "D:\\Django Practice\\core\\accounts\\accounts_views_imports.py", "funcName": "<module>", "lineno": 51}
{"asctime": "2025-05-04 01:55:36,228", "levelname": "INFO", "process": 1584, "module": "views", "message": "User logged in", "pathname": "D:\\Django Practice\\core\\vege\\views.py", "funcName": "<module>", "lineno": 7}
{"asctime": "2025-05-04 01:55:36,237", "levelname": "WARNING", "process": 1584, "module": "views", "message": "API response slow", "pathname": "D:\\Django Practice\\core\\vege\\views.py", "funcName": "<module>", "lineno": 8}
{"asctime": "2025-05-04 01:55:36,237", "levelname": "ERROR", "process": 1584, "module": "views", "message": "Payment failed", "pathname": "D:\\Django Practice\\core\\vege\\views.py", "funcName": "<module>", "lineno": 9}
{"asctime": "2025-05-04 01:55:36,237", "levelname": "CRITICAL", "process": 1584, "module": "views", "message": "Database down", "pathname": "D:\\Django Practice\\core\\vege\\views.py", "funcName": "<module>", "lineno": 10}
{"asctime": "2025-05-04 01:55:36,282", "levelname": "INFO", "process": 1584, "module": "accounts_views_imports", "message": "User logged in", "pathname": "D:\\Django Practice\\core\\accounts\\accounts_views_imports.py", "funcName": "<module>", "lineno": 48}
{"asctime": "2025-05-04 01:55:36,282", "levelname": "WARNING", "process": 1584, "module": "accounts_views_imports", "message": "API response slow", "pathname": "D:\\Django Practice\\core\\accounts\\accounts_views_imports.py", "funcName": "<module>", "lineno": 49}
{"asctime": "2025-05-04 01:55:36,282", "levelname": "ERROR", "process": 1584, "module": "accounts_views_imports", "message": "Payment failed", "pathname": "D:\\Django Practice\\core\\accounts\\accounts_views_imports.py", "funcName": "<module>", "lineno": 50}
{"asctime": "2025-05-04 01:55:36,287", "levelname": "CRITICAL", "process": 1584, "module": "accounts_views_imports", "message": "Database down", "pathname": "D:\\Django Practice\\core\\accounts\\accounts_views_imports.py", "funcName": "<module>", "lineno": 51}
{"asctime": "2025-05-04 01:55:41,387", "levelname": "INFO", "process": 12016, "module": "views", "message": "User logged in", "pathname": "D:\\Django Practice\\core\\vege\\views.py", "funcName": "<module>", "lineno": 7}
{"asctime": "2025-05-04 01:55:41,387", "levelname": "WARNING", "process": 12016, "module": "views", "message": "API response slow", "pathname": "D:\\Django Practice\\core\\vege\\views.py", "funcName": "<module>", "lineno": 8}
{"asctime": "2025-05-04 01:55:41,397", "levelname": "ERROR", "process": 12016, "module": "views", "message": "Payment failed", "pathname": "D:\\Django Practice\\core\\vege\\views.py", "funcName": "<module>", "lineno": 9}
{"asctime": "2025-05-04 01:55:41,397", "levelname": "CRITICAL", "process": 12016, "module": "views", "message": "Database down", "pathname": "D:\\Django Practice\\core\\vege\\views.py", "funcName": "<module>", "lineno": 10}
{"asctime": "2025-05-04 01:55:46,357", "levelname": "INFO", "process": 14152, "module": "views", "message": "User logged in", "pathname": "D:\\Django Practice\\core\\vege\\views.py", "funcName": "<module>", "lineno": 7}
{"asctime": "2025-05-04 01:55:46,357", "levelname": "WARNING", "process": 14152, "module": "views", "message": "API response slow", "pathname": "D:\\Django Practice\\core\\vege\\views.py", "funcName": "<module>", "lineno": 8}
{"asctime": "2025-05-04 01:55:46,357", "levelname": "ERROR", "process": 14152, "module": "views", "message": "Payment failed", "pathname": "D:\\Django Practice\\core\\vege\\views.py", "funcName": "<module>", "lineno": 9}
{"asctime": "2025-05-04 01:55:46,357", "levelname": "CRITICAL", "process": 14152, "module": "views", "message": "Database down", "pathname": "D:\\Django Practice\\core\\vege\\views.py", "funcName": "<module>", "lineno": 10}
{"asctime": "2025-05-04 01:55:46,404", "levelname": "INFO", "process": 14152, "module": "accounts_views_imports", "message": "User logged in", "pathname": "D:\\Django Practice\\core\\accounts\\accounts_views_imports.py", "funcName": "<module>", "lineno": 48}
{"asctime": "2025-05-04 01:55:46,406", "levelname": "WARNING", "process": 14152, "module": "accounts_views_imports", "message": "API response slow", "pathname": "D:\\Django Practice\\core\\accounts\\accounts_views_imports.py", "funcName": "<module>", "lineno": 49}
{"asctime": "2025-05-04 01:55:46,407", "levelname": "ERROR", "process": 14152, "module": "accounts_views_imports", "message": "Payment failed", "pathname": "D:\\Django Practice\\core\\accounts\\accounts_views_imports.py", "funcName": "<module>", "lineno": 50}
{"asctime": "2025-05-04 01:55:46,409", "levelname": "CRITICAL", "process": 14152, "module": "accounts_views_imports", "message": "Database down", "pathname": "D:\\Django Practice\\core\\accounts\\accounts_views_imports.py", "funcName": "<module>", "lineno": 51}
{"asctime": "2025-05-04 01:55:52,963", "levelname": "INFO", "process": 14236, "module": "views", "message": "User logged in", "pathname": "D:\\Django Practice\\core\\vege\\views.py", "funcName": "<module>", "lineno": 7}
{"asctime": "2025-05-04 01:55:52,963", "levelname": "WARNING", "process": 14236, "module": "views", "message": "API response slow", "pathname": "D:\\Django Practice\\core\\vege\\views.py", "funcName": "<module>", "lineno": 8}
{"asctime": "2025-05-04 01:55:52,963", "levelname": "ERROR", "process": 14236, "module": "views", "message": "Payment failed", "pathname": "D:\\Django Practice\\core\\vege\\views.py", "funcName": "<module>", "lineno": 9}
{"asctime": "2025-05-04 01:55:52,967", "levelname": "CRITICAL", "process": 14236, "module": "views", "message": "Database down", "pathname": "D:\\Django Practice\\core\\vege\\views.py", "funcName": "<module>", "lineno": 10}
{"asctime": "2025-05-04 01:55:53,004", "levelname": "INFO", "process": 14236, "module": "accounts_views_imports", "message": "User logged in", "pathname": "D:\\Django Practice\\core\\accounts\\accounts_views_imports.py", "funcName": "<module>", "lineno": 48}
{"asctime": "2025-05-04 01:55:53,006", "levelname": "WARNING", "process": 14236, "module": "accounts_views_imports", "message": "API response slow", "pathname": "D:\\Django Practice\\core\\accounts\\accounts_views_imports.py", "funcName": "<module>", "lineno": 49}
{"asctime": "2025-05-04 01:55:53,007", "levelname": "ERROR", "process": 14236, "module": "accounts_views_imports", "message": "Payment failed", "pathname": "D:\\Django Practice\\core\\accounts\\accounts_views_imports.py", "funcName": "<module>", "lineno": 50}
{"asctime": "2025-05-04 01:55:53,007", "levelname": "CRITICAL", "process": 14236, "module": "accounts_views_imports", "message": "Database down", "pathname": "D:\\Django Practice\\core\\accounts\\accounts_views_imports.py", "funcName": "<module>", "lineno": 51}
{"asctime": "2025-05-04 01:58:53,511", "levelname": "INFO", "process": 11592, "module": "views", "message": "User logged in", "pathname": "D:\\Django Practice\\core\\vege\\views.py", "funcName": "<module>", "lineno": 7}
{"asctime": "2025-05-04 01:58:53,513", "levelname": "WARNING", "process": 11592, "module": "views", "message": "API response slow", "pathname": "D:\\Django Practice\\core\\vege\\views.py", "funcName": "<module>", "lineno": 8}
{"asctime": "2025-05-04 01:58:53,514", "levelname": "ERROR", "process": 11592, "module": "views", "message": "Payment failed", "pathname": "D:\\Django Practice\\core\\vege\\views.py", "funcName": "<module>", "lineno": 9}
{"asctime": "2025-05-04 01:58:53,516", "levelname": "CRITICAL", "process": 11592, "module": "views", "message": "Database down", "pathname": "D:\\Django Practice\\core\\vege\\views.py", "funcName": "<module>", "lineno": 10}
{"asctime": "2025-05-04 01:58:53,560", "levelname": "INFO", "process": 11592, "module": "accounts_views_imports", "message": "User logged in", "pathname": "D:\\Django Practice\\core\\accounts\\accounts_views_imports.py", "funcName": "<module>", "lineno": 48}
{"asctime": "2025-05-04 01:58:53,562", "levelname": "WARNING", "process": 11592, "module": "accounts_views_imports", "message": "API response slow", "pathname": "D:\\Django Practice\\core\\accounts\\accounts_views_imports.py", "funcName": "<module>", "lineno": 49}
{"asctime": "2025-05-04 01:58:53,564", "levelname": "ERROR", "process": 11592, "module": "accounts_views_imports", "message": "Payment failed", "pathname": "D:\\Django Practice\\core\\accounts\\accounts_views_imports.py", "funcName": "<module>", "lineno": 50}
{"asctime": "2025-05-04 01:58:53,565", "levelname": "CRITICAL", "process": 11592, "module": "accounts_views_imports", "message": "Database down", "pathname": "D:\\Django Practice\\core\\accounts\\accounts_views_imports.py", "funcName": "<module>", "lineno": 51}
{"asctime": "2025-05-04 01:59:56,333", "levelname": "INFO", "process": 9556, "module": "views", "message": "User logged in", "pathname": "D:\\Django Practice\\core\\vege\\views.py", "funcName": "<module>", "lineno": 7}
{"asctime": "2025-05-04 01:59:56,335", "levelname": "WARNING", "process": 9556, "module": "views", "message": "API response slow", "pathname": "D:\\Django Practice\\core\\vege\\views.py", "funcName": "<module>", "lineno": 8}
{"asctime": "2025-05-04 01:59:56,337", "levelname": "ERROR", "process": 9556, "module": "views", "message": "Payment failed", "pathname": "D:\\Django Practice\\core\\vege\\views.py", "funcName": "<module>", "lineno": 9}
{"asctime": "2025-05-04 01:59:56,338", "levelname": "CRITICAL", "process": 9556, "module": "views", "message": "Database down", "pathname": "D:\\Django Practice\\core\\vege\\views.py", "funcName": "<module>", "lineno": 10}
{"asctime": "2025-05-04 01:59:56,422", "levelname": "INFO", "process": 9556, "module": "accounts_views_imports", "message": "User logged in", "pathname": "D:\\Django Practice\\core\\accounts\\accounts_views_imports.py", "funcName": "<module>", "lineno": 48}
{"asctime": "2025-05-04 01:59:56,424", "levelname": "WARNING", "process": 9556, "module": "accounts_views_imports", "message": "API response slow", "pathname": "D:\\Django Practice\\core\\accounts\\accounts_views_imports.py", "funcName": "<module>", "lineno": 49}
{"asctime": "2025-05-04 01:59:56,425", "levelname": "ERROR", "process": 9556, "module": "accounts_views_imports", "message": "Payment failed", "pathname": "D:\\Django Practice\\core\\accounts\\accounts_views_imports.py", "funcName": "<module>", "lineno": 50}
{"asctime": "2025-05-04 01:59:56,426", "levelname": "CRITICAL", "process": 9556, "module": "accounts_views_imports", "message": "Database down", "pathname": "D:\\Django Practice\\core\\accounts\\accounts_views_imports.py", "funcName": "<module>", "lineno": 51}
{"asctime": "2025-05-04 02:00:01,426", "levelname": "INFO", "process": 5348, "module": "views", "message": "User logged in", "pathname": "D:\\Django Practice\\core\\vege\\views.py", "funcName": "<module>", "lineno": 7}
{"asctime": "2025-05-04 02:00:01,428", "levelname": "WARNING", "process": 5348, "module": "views", "message": "API response slow", "pathname": "D:\\Django Practice\\core\\vege\\views.py", "funcName": "<module>", "lineno": 8}
{"asctime": "2025-05-04 02:00:01,428", "levelname": "ERROR", "process": 5348, "module": "views", "message": "Payment failed", "pathname": "D:\\Django Practice\\core\\vege\\views.py", "funcName": "<module>", "lineno": 9}
{"asctime": "2025-05-04 02:00:01,431", "levelname": "CRITICAL", "process": 5348, "module": "views", "message": "Database down", "pathname": "D:\\Django Practice\\core\\vege\\views.py", "funcName": "<module>", "lineno": 10}
{"asctime": "2025-05-04 02:00:01,469", "levelname": "INFO", "process": 5348, "module": "accounts_views_imports", "message": "User logged in", "pathname": "D:\\Django Practice\\core\\accounts\\accounts_views_imports.py", "funcName": "<module>", "lineno": 48}
{"asctime": "2025-05-04 02:00:01,471", "levelname": "WARNING", "process": 5348, "module": "accounts_views_imports", "message": "API response slow", "pathname": "D:\\Django Practice\\core\\accounts\\accounts_views_imports.py", "funcName": "<module>", "lineno": 49}
{"asctime": "2025-05-04 02:00:01,472", "levelname": "ERROR", "process": 5348, "module": "accounts_views_imports", "message": "Payment failed", "pathname": "D:\\Django Practice\\core\\accounts\\accounts_views_imports.py", "funcName": "<module>", "lineno": 50}
{"asctime": "2025-05-04 02:00:01,473", "levelname": "CRITICAL", "process": 5348, "module": "accounts_views_imports", "message": "Database down", "pathname": "D:\\Django Practice\\core\\accounts\\accounts_views_imports.py", "funcName": "<module>", "lineno": 51}
{"asctime": "2025-05-04 02:01:33,546", "levelname": "INFO", "process": 9568, "module": "views", "message": "User logged in", "pathname": "D:\\Django Practice\\core\\vege\\views.py", "funcName": "<module>", "lineno": 7}
{"asctime": "2025-05-04 02:01:33,546", "levelname": "WARNING", "process": 9568, "module": "views", "message": "API response slow", "pathname": "D:\\Django Practice\\core\\vege\\views.py", "funcName": "<module>", "lineno": 8}
{"asctime": "2025-05-04 02:01:33,546", "levelname": "ERROR", "process": 9568, "module": "views", "message": "Payment failed", "pathname": "D:\\Django Practice\\core\\vege\\views.py", "funcName": "<module>", "lineno": 9}
{"asctime": "2025-05-04 02:01:33,546", "levelname": "CRITICAL", "process": 9568, "module": "views", "message": "Database down", "pathname": "D:\\Django Practice\\core\\vege\\views.py", "funcName": "<module>", "lineno": 10}
{"asctime": "2025-05-04 02:01:33,587", "levelname": "INFO", "process": 9568, "module": "accounts_views_imports", "message": "User logged in", "pathname": "D:\\Django Practice\\core\\accounts\\accounts_views_imports.py", "funcName": "<module>", "lineno": 48}
{"asctime": "2025-05-04 02:01:33,587", "levelname": "WARNING", "process": 9568, "module": "accounts_views_imports", "message": "API response slow", "pathname": "D:\\Django Practice\\core\\accounts\\accounts_views_imports.py", "funcName": "<module>", "lineno": 49}
{"asctime": "2025-05-04 02:01:33,587", "levelname": "ERROR", "process": 9568, "module": "accounts_views_imports", "message": "Payment failed", "pathname": "D:\\Django Practice\\core\\accounts\\accounts_views_imports.py", "funcName": "<module>", "lineno": 50}
{"asctime": "2025-05-04 02:01:33,587", "levelname": "CRITICAL", "process": 9568, "module": "accounts_views_imports", "message": "Database down", "pathname": "D:\\Django Practice\\core\\accounts\\accounts_views_imports.py", "funcName": "<module>", "lineno": 51}
{"asctime": "2025-05-04 02:02:41,066", "levelname": "INFO", "process": 14044, "module": "views", "message": "User logged in", "pathname": "D:\\Django Practice\\core\\vege\\views.py", "funcName": "<module>", "lineno": 7}
{"asctime": "2025-05-04 02:02:41,068", "levelname": "WARNING", "process": 14044, "module": "views", "message": "API response slow", "pathname": "D:\\Django Practice\\core\\vege\\views.py", "funcName": "<module>", "lineno": 8}
{"asctime": "2025-05-04 02:02:41,069", "levelname": "ERROR", "process": 14044, "module": "views", "message": "Payment failed", "pathname": "D:\\Django Practice\\core\\vege\\views.py", "funcName": "<module>", "lineno": 9}
{"asctime": "2025-05-04 02:02:41,070", "levelname": "CRITICAL", "process": 14044, "module": "views", "message": "Database down", "pathname": "D:\\Django Practice\\core\\vege\\views.py", "funcName": "<module>", "lineno": 10}
{"asctime": "2025-05-04 02:02:41,101", "levelname": "INFO", "process": 14044, "module": "accounts_views_imports", "message": "User logged in", "pathname": "D:\\Django Practice\\core\\accounts\\accounts_views_imports.py", "funcName": "<module>", "lineno": 48}
{"asctime": "2025-05-04 02:02:41,104", "levelname": "WARNING", "process": 14044, "module": "accounts_views_imports", "message": "API response slow", "pathname": "D:\\Django Practice\\core\\accounts\\accounts_views_imports.py", "funcName": "<module>", "lineno": 49}
{"asctime": "2025-05-04 02:02:41,105", "levelname": "ERROR", "process": 14044, "module": "accounts_views_imports", "message": "Payment failed", "pathname": "D:\\Django Practice\\core\\accounts\\accounts_views_imports.py", "funcName": "<module>", "lineno": 50}
{"asctime": "2025-05-04 02:02:41,106", "levelname": "CRITICAL", "process": 14044, "module": "accounts_views_imports", "message": "Database down", "pathname": "D:\\Django Practice\\core\\accounts\\accounts_views_imports.py", "funcName": "<module>", "lineno": 51}
{"asctime": "2025-05-04 02:07:29,160", "levelname": "INFO", "process": 4788, "module": "views", "message": "User logged in", "pathname": "D:\\Django Practice\\core\\vege\\views.py", "funcName": "<module>", "lineno": 7}
{"asctime": "2025-05-04 02:07:29,210", "levelname": "WARNING", "process": 4788, "module": "views", "message": "API response slow", "pathname": "D:\\Django Practice\\core\\vege\\views.py", "funcName": "<module>", "lineno": 8}
{"asctime": "2025-05-04 02:07:29,211", "levelname": "ERROR", "process": 4788, "module": "views", "message": "Payment failed", "pathname": "D:\\Django Practice\\core\\vege\\views.py", "funcName": "<module>", "lineno": 9}
{"asctime": "2025-05-04 02:07:29,213", "levelname": "CRITICAL", "process": 4788, "module": "views", "message": "Database down", "pathname": "D:\\Django Practice\\core\\vege\\views.py", "funcName": "<module>", "lineno": 10}
{"asctime": "2025-05-04 02:07:29,315", "levelname": "INFO", "process": 4788, "module": "accounts_views_imports", "message": "User logged in", "pathname": "D:\\Django Practice\\core\\accounts\\accounts_views_imports.py", "funcName": "<module>", "lineno": 48}
{"asctime": "2025-05-04 02:07:29,317", "levelname": "WARNING", "process": 4788, "module": "accounts_views_imports", "message": "API response slow", "pathname": "D:\\Django Practice\\core\\accounts\\accounts_views_imports.py", "funcName": "<module>", "lineno": 49}
{"asctime": "2025-05-04 02:07:29,319", "levelname": "ERROR", "process": 4788, "module": "accounts_views_imports", "message": "Payment failed", "pathname": "D:\\Django Practice\\core\\accounts\\accounts_views_imports.py", "funcName": "<module>", "lineno": 50}
{"asctime": "2025-05-04 02:07:29,319", "levelname": "CRITICAL", "process": 4788, "module": "accounts_views_imports", "message": "Database down", "pathname": "D:\\Django Practice\\core\\accounts\\accounts_views_imports.py", "funcName": "<module>", "lineno": 51}
{"asctime": "2025-05-04 02:08:41,346", "levelname": "INFO", "process": 3884, "module": "views", "message": "User logged in", "pathname": "D:\\Django Practice\\core\\vege\\views.py", "funcName": "<module>", "lineno": 7}
{"asctime": "2025-05-04 02:08:41,348", "levelname": "WARNING", "process": 3884, "module": "views", "message": "API response slow", "pathname": "D:\\Django Practice\\core\\vege\\views.py", "funcName": "<module>", "lineno": 8}
{"asctime": "2025-05-04 02:08:41,349", "levelname": "ERROR", "process": 3884, "module": "views", "message": "Payment failed", "pathname": "D:\\Django Practice\\core\\vege\\views.py", "funcName": "<module>", "lineno": 9}
{"asctime": "2025-05-04 02:08:41,350", "levelname": "CRITICAL", "process": 3884, "module": "views", "message": "Database down", "pathname": "D:\\Django Practice\\core\\vege\\views.py", "funcName": "<module>", "lineno": 10}
{"asctime": "2025-05-04 02:08:41,484", "levelname": "INFO", "process": 3884, "module": "accounts_views_imports", "message": "User logged in", "pathname": "D:\\Django Practice\\core\\accounts\\accounts_views_imports.py", "funcName": "<module>", "lineno": 48}
{"asctime": "2025-05-04 02:08:41,486", "levelname": "WARNING", "process": 3884, "module": "accounts_views_imports", "message": "API response slow", "pathname": "D:\\Django Practice\\core\\accounts\\accounts_views_imports.py", "funcName": "<module>", "lineno": 49}
{"asctime": "2025-05-04 02:08:41,488", "levelname": "ERROR", "process": 3884, "module": "accounts_views_imports", "message": "Payment failed", "pathname": "D:\\Django Practice\\core\\accounts\\accounts_views_imports.py", "funcName": "<module>", "lineno": 50}
{"asctime": "2025-05-04 02:08:41,489", "levelname": "CRITICAL", "process": 3884, "module": "accounts_views_imports", "message": "Database down", "pathname": "D:\\Django Practice\\core\\accounts\\accounts_views_imports.py", "funcName": "<module>", "lineno": 51}
{"asctime": "2025-05-04 02:08:49,973", "levelname": "INFO", "process": 14140, "module": "views", "message": "User logged in", "pathname": "D:\\Django Practice\\core\\vege\\views.py", "funcName": "<module>", "lineno": 7}
{"asctime": "2025-05-04 02:08:49,975", "levelname": "WARNING", "process": 14140, "module": "views", "message": "API response slow", "pathname": "D:\\Django Practice\\core\\vege\\views.py", "funcName": "<module>", "lineno": 8}
{"asctime": "2025-05-04 02:08:49,977", "levelname": "ERROR", "process": 14140, "module": "views", "message": "Payment failed", "pathname": "D:\\Django Practice\\core\\vege\\views.py", "funcName": "<module>", "lineno": 9}
{"asctime": "2025-05-04 02:08:49,978", "levelname": "CRITICAL", "process": 14140, "module": "views", "message": "Database down", "pathname": "D:\\Django Practice\\core\\vege\\views.py", "funcName": "<module>", "lineno": 10}
{"asctime": "2025-05-04 02:08:50,001", "levelname": "INFO", "process": 14140, "module": "accounts_views_imports", "message": "User logged in", "pathname": "D:\\Django Practice\\core\\accounts\\accounts_views_imports.py", "funcName": "<module>", "lineno": 48}
{"asctime": "2025-05-04 02:08:50,002", "levelname": "WARNING", "process": 14140, "module": "accounts_views_imports", "message": "API response slow", "pathname": "D:\\Django Practice\\core\\accounts\\accounts_views_imports.py", "funcName": "<module>", "lineno": 49}
{"asctime": "2025-05-04 02:08:50,004", "levelname": "ERROR", "process": 14140, "module": "accounts_views_imports", "message": "Payment failed", "pathname": "D:\\Django Practice\\core\\accounts\\accounts_views_imports.py", "funcName": "<module>", "lineno": 50}
{"asctime": "2025-05-04 02:08:50,005", "levelname": "CRITICAL", "process": 14140, "module": "accounts_views_imports", "message": "Database down", "pathname": "D:\\Django Practice\\core\\accounts\\accounts_views_imports.py", "funcName": "<module>", "lineno": 51}
{"asctime": "2025-05-04 02:08:59,761", "levelname": "INFO", "process": 10320, "module": "views", "message": "User logged in", "pathname": "D:\\Django Practice\\core\\vege\\views.py", "funcName": "<module>", "lineno": 7}
{"asctime": "2025-05-04 02:08:59,764", "levelname": "WARNING", "process": 10320, "module": "views", "message": "API response slow", "pathname": "D:\\Django Practice\\core\\vege\\views.py", "funcName": "<module>", "lineno": 8}
{"asctime": "2025-05-04 02:08:59,767", "levelname": "ERROR", "process": 10320, "module": "views", "message": "Payment failed", "pathname": "D:\\Django Practice\\core\\vege\\views.py", "funcName": "<module>", "lineno": 9}
{"asctime": "2025-05-04 02:08:59,769", "levelname": "CRITICAL", "process": 10320, "module": "views", "message": "Database down", "pathname": "D:\\Django Practice\\core\\vege\\views.py", "funcName": "<module>", "lineno": 10}
{"asctime": "2025-05-04 02:08:59,814", "levelname": "INFO", "process": 10320, "module": "accounts_views_imports", "message": "User logged in", "pathname": "D:\\Django Practice\\core\\accounts\\accounts_views_imports.py", "funcName": "<module>", "lineno": 48}
{"asctime": "2025-05-04 02:08:59,816", "levelname": "WARNING", "process": 10320, "module": "accounts_views_imports", "message": "API response slow", "pathname": "D:\\Django Practice\\core\\accounts\\accounts_views_imports.py", "funcName": "<module>", "lineno": 49}
{"asctime": "2025-05-04 02:08:59,818", "levelname": "ERROR", "process": 10320, "module": "accounts_views_imports", "message": "Payment failed", "pathname": "D:\\Django Practice\\core\\accounts\\accounts_views_imports.py", "funcName": "<module>", "lineno": 50}
{"asctime": "2025-05-04 02:08:59,819", "levelname": "CRITICAL", "process": 10320, "module": "accounts_views_imports", "message": "Database down", "pathname": "D:\\Django Practice\\core\\accounts\\accounts_views_imports.py", "funcName": "<module>", "lineno": 51}
{"asctime": "2025-05-04 02:09:17,308", "levelname": "INFO", "process": 9728, "module": "views", "message": "User logged in", "pathname": "D:\\Django Practice\\core\\vege\\views.py", "funcName": "<module>", "lineno": 7}
{"asctime": "2025-05-04 02:09:17,310", "levelname": "WARNING", "process": 9728, "module": "views", "message": "API response slow", "pathname": "D:\\Django Practice\\core\\vege\\views.py", "funcName": "<module>", "lineno": 8}
{"asctime": "2025-05-04 02:09:17,311", "levelname": "ERROR", "process": 9728, "module": "views", "message": "Payment failed", "pathname": "D:\\Django Practice\\core\\vege\\views.py", "funcName": "<module>", "lineno": 9}
{"asctime": "2025-05-04 02:09:17,312", "levelname": "CRITICAL", "process": 9728, "module": "views", "message": "Database down", "pathname": "D:\\Django Practice\\core\\vege\\views.py", "funcName": "<module>", "lineno": 10}
{"asctime": "2025-05-04 02:09:17,351", "levelname": "INFO", "process": 9728, "module": "accounts_views_imports", "message": "User logged in", "pathname": "D:\\Django Practice\\core\\accounts\\accounts_views_imports.py", "funcName": "<module>", "lineno": 48}
{"asctime": "2025-05-04 02:09:17,353", "levelname": "WARNING", "process": 9728, "module": "accounts_views_imports", "message": "API response slow", "pathname": "D:\\Django Practice\\core\\accounts\\accounts_views_imports.py", "funcName": "<module>", "lineno": 49}
{"asctime": "2025-05-04 02:09:17,355", "levelname": "ERROR", "process": 9728, "module": "accounts_views_imports", "message": "Payment failed", "pathname": "D:\\Django Practice\\core\\accounts\\accounts_views_imports.py", "funcName": "<module>", "lineno": 50}
{"asctime": "2025-05-04 02:09:17,355", "levelname": "CRITICAL", "process": 9728, "module": "accounts_views_imports", "message": "Database down", "pathname": "D:\\Django Practice\\core\\accounts\\accounts_views_imports.py", "funcName": "<module>", "lineno": 51}
{"asctime": "2025-05-04 02:09:26,422", "levelname": "INFO", "process": 10500, "module": "views", "message": "User logged in", "pathname": "D:\\Django Practice\\core\\vege\\views.py", "funcName": "<module>", "lineno": 7}
{"asctime": "2025-05-04 02:09:26,424", "levelname": "WARNING", "process": 10500, "module": "views", "message": "API response slow", "pathname": "D:\\Django Practice\\core\\vege\\views.py", "funcName": "<module>", "lineno": 8}
{"asctime": "2025-05-04 02:09:26,426", "levelname": "ERROR", "process": 10500, "module": "views", "message": "Payment failed", "pathname": "D:\\Django Practice\\core\\vege\\views.py", "funcName": "<module>", "lineno": 9}
{"asctime": "2025-05-04 02:09:26,427", "levelname": "CRITICAL", "process": 10500, "module": "views", "message": "Database down", "pathname": "D:\\Django Practice\\core\\vege\\views.py", "funcName": "<module>", "lineno": 10}
{"asctime": "2025-05-04 02:09:26,473", "levelname": "INFO", "process": 10500, "module": "accounts_views_imports", "message": "User logged in", "pathname": "D:\\Django Practice\\core\\accounts\\accounts_views_imports.py", "funcName": "<module>", "lineno": 48}
{"asctime": "2025-05-04 02:09:26,475", "levelname": "WARNING", "process": 10500, "module": "accounts_views_imports", "message": "API response slow", "pathname": "D:\\Django Practice\\core\\accounts\\accounts_views_imports.py", "funcName": "<module>", "lineno": 49}
{"asctime": "2025-05-04 02:09:26,477", "levelname": "ERROR", "process": 10500, "module": "accounts_views_imports", "message": "Payment failed", "pathname": "D:\\Django Practice\\core\\accounts\\accounts_views_imports.py", "funcName": "<module>", "lineno": 50}
{"asctime": "2025-05-04 02:09:26,479", "levelname": "CRITICAL", "process": 10500, "module": "accounts_views_imports", "message": "Database down", "pathname": "D:\\Django Practice\\core\\accounts\\accounts_views_imports.py", "funcName": "<module>", "lineno": 51}
{"asctime": "2025-05-04 02:09:46,148", "levelname": "INFO", "process": 13332, "module": "views", "message": "User logged in", "pathname": "D:\\Django Practice\\core\\vege\\views.py", "funcName": "<module>", "lineno": 7}
{"asctime": "2025-05-04 02:09:46,150", "levelname": "WARNING", "process": 13332, "module": "views", "message": "API response slow", "pathname": "D:\\Django Practice\\core\\vege\\views.py", "funcName": "<module>", "lineno": 8}
{"asctime": "2025-05-04 02:09:46,151", "levelname": "ERROR", "process": 13332, "module": "views", "message": "Payment failed", "pathname": "D:\\Django Practice\\core\\vege\\views.py", "funcName": "<module>", "lineno": 9}
{"asctime": "2025-05-04 02:09:46,152", "levelname": "CRITICAL", "process": 13332, "module": "views", "message": "Database down", "pathname": "D:\\Django Practice\\core\\vege\\views.py", "funcName": "<module>", "lineno": 10}
{"asctime": "2025-05-04 02:09:46,255", "levelname": "INFO", "process": 13332, "module": "accounts_views_imports", "message": "User logged in", "pathname": "D:\\Django Practice\\core\\accounts\\accounts_views_imports.py", "funcName": "<module>", "lineno": 48}
{"asctime": "2025-05-04 02:09:46,259", "levelname": "WARNING", "process": 13332, "module": "accounts_views_imports", "message": "API response slow", "pathname": "D:\\Django Practice\\core\\accounts\\accounts_views_imports.py", "funcName": "<module>", "lineno": 49}
{"asctime": "2025-05-04 02:09:46,260", "levelname": "ERROR", "process": 13332, "module": "accounts_views_imports", "message": "Payment failed", "pathname": "D:\\Django Practice\\core\\accounts\\accounts_views_imports.py", "funcName": "<module>", "lineno": 50}
{"asctime": "2025-05-04 02:09:46,261", "levelname": "CRITICAL", "process": 13332, "module": "accounts_views_imports", "message": "Database down", "pathname": "D:\\Django Practice\\core\\accounts\\accounts_views_imports.py", "funcName": "<module>", "lineno": 51}
{"asctime": "2025-05-04 02:10:22,559", "levelname": "INFO", "process": 13376, "module": "views", "message": "User logged in", "pathname": "D:\\Django Practice\\core\\vege\\views.py", "funcName": "<module>", "lineno": 7}
{"asctime": "2025-05-04 02:10:22,561", "levelname": "WARNING", "process": 13376, "module": "views", "message": "API response slow", "pathname": "D:\\Django Practice\\core\\vege\\views.py", "funcName": "<module>", "lineno": 8}
{"asctime": "2025-05-04 02:10:22,562", "levelname": "ERROR", "process": 13376, "module": "views", "message": "Payment failed", "pathname": "D:\\Django Practice\\core\\vege\\views.py", "funcName": "<module>", "lineno": 9}
{"asctime": "2025-05-04 02:10:22,563", "levelname": "CRITICAL", "process": 13376, "module": "views", "message": "Database down", "pathname": "D:\\Django Practice\\core\\vege\\views.py", "funcName": "<module>", "lineno": 10}
{"asctime": "2025-05-04 02:10:22,602", "levelname": "INFO", "process": 13376, "module": "accounts_views_imports", "message": "User logged in", "pathname": "D:\\Django Practice\\core\\accounts\\accounts_views_imports.py", "funcName": "<module>", "lineno": 48}
{"asctime": "2025-05-04 02:10:22,603", "levelname": "WARNING", "process": 13376, "module": "accounts_views_imports", "message": "API response slow", "pathname": "D:\\Django Practice\\core\\accounts\\accounts_views_imports.py", "funcName": "<module>", "lineno": 49}
{"asctime": "2025-05-04 02:10:22,605", "levelname": "ERROR", "process": 13376, "module": "accounts_views_imports", "message": "Payment failed", "pathname": "D:\\Django Practice\\core\\accounts\\accounts_views_imports.py", "funcName": "<module>", "lineno": 50}
{"asctime": "2025-05-04 02:10:22,607", "levelname": "CRITICAL", "process": 13376, "module": "accounts_views_imports", "message": "Database down", "pathname": "D:\\Django Practice\\core\\accounts\\accounts_views_imports.py", "funcName": "<module>", "lineno": 51}
{"asctime": "2025-05-04 02:11:20,346", "levelname": "INFO", "process": 3472, "module": "views", "message": "User logged in", "pathname": "D:\\Django Practice\\core\\vege\\views.py", "funcName": "<module>", "lineno": 7}
{"asctime": "2025-05-04 02:11:20,346", "levelname": "WARNING", "process": 3472, "module": "views", "message": "API response slow", "pathname": "D:\\Django Practice\\core\\vege\\views.py", "funcName": "<module>", "lineno": 8}
{"asctime": "2025-05-04 02:11:20,346", "levelname": "ERROR", "process": 3472, "module": "views", "message": "Payment failed", "pathname": "D:\\Django Practice\\core\\vege\\views.py", "funcName": "<module>", "lineno": 9}
{"asctime": "2025-05-04 02:11:20,346", "levelname": "CRITICAL", "process": 3472, "module": "views", "message": "Database down", "pathname": "D:\\Django Practice\\core\\vege\\views.py", "funcName": "<module>", "lineno": 10}
{"asctime": "2025-05-04 02:11:20,366", "levelname": "INFO", "process": 3472, "module": "accounts_views_imports", "message": "User logged in", "pathname": "D:\\Django Practice\\core\\accounts\\accounts_views_imports.py", "funcName": "<module>", "lineno": 48}
{"asctime": "2025-05-04 02:11:20,366", "levelname": "WARNING", "process": 3472, "module": "accounts_views_imports", "message": "API response slow", "pathname": "D:\\Django Practice\\core\\accounts\\accounts_views_imports.py", "funcName": "<module>", "lineno": 49}
{"asctime": "2025-05-04 02:11:20,376", "levelname": "ERROR", "process": 3472, "module": "accounts_views_imports", "message": "Payment failed", "pathname": "D:\\Django Practice\\core\\accounts\\accounts_views_imports.py", "funcName": "<module>", "lineno": 50}
{"asctime": "2025-05-04 02:11:20,376", "levelname": "CRITICAL", "process": 3472, "module": "accounts_views_imports", "message": "Database down", "pathname": "D:\\Django Practice\\core\\accounts\\accounts_views_imports.py", "funcName": "<module>", "lineno": 51}
{"asctime": "2025-05-04 02:30:12,087", "levelname": "INFO", "process": 8924, "module": "views", "message": "User logged in", "pathname": "D:\\Django Practice\\core\\vege\\views.py", "funcName": "<module>", "lineno": 7}
{"asctime": "2025-05-04 02:30:12,087", "levelname": "WARNING", "process": 8924, "module": "views", "message": "API response slow", "pathname": "D:\\Django Practice\\core\\vege\\views.py", "funcName": "<module>", "lineno": 8}
{"asctime": "2025-05-04 02:30:12,087", "levelname": "ERROR", "process": 8924, "module": "views", "message": "Payment failed", "pathname": "D:\\Django Practice\\core\\vege\\views.py", "funcName": "<module>", "lineno": 9}
{"asctime": "2025-05-04 02:30:12,095", "levelname": "CRITICAL", "process": 8924, "module": "views", "message": "Database down", "pathname": "D:\\Django Practice\\core\\vege\\views.py", "funcName": "<module>", "lineno": 10}
{"asctime": "2025-05-04 02:30:12,115", "levelname": "INFO", "process": 8924, "module": "accounts_views_imports", "message": "User logged in", "pathname": "D:\\Django Practice\\core\\accounts\\accounts_views_imports.py", "funcName": "<module>", "lineno": 48}
{"asctime": "2025-05-04 02:30:12,115", "levelname": "WARNING", "process": 8924, "module": "accounts_views_imports", "message": "API response slow", "pathname": "D:\\Django Practice\\core\\accounts\\accounts_views_imports.py", "funcName": "<module>", "lineno": 49}
{"asctime": "2025-05-04 02:30:12,115", "levelname": "ERROR", "process": 8924, "module": "accounts_views_imports", "message": "Payment failed", "pathname": "D:\\Django Practice\\core\\accounts\\accounts_views_imports.py", "funcName": "<module>", "lineno": 50}
{"asctime": "2025-05-04 02:30:12,115", "levelname": "CRITICAL", "process": 8924, "module": "accounts_views_imports", "message": "Database down", "pathname": "D:\\Django Practice\\core\\accounts\\accounts_views_imports.py", "funcName": "<module>", "lineno": 51}
{"asctime": "2025-05-04 02:35:51,996", "levelname": "INFO", "process": 2432, "module": "views", "message": "User logged in", "pathname": "D:\\Django Practice\\core\\vege\\views.py", "funcName": "<module>", "lineno": 7}
{"asctime": "2025-05-04 02:35:51,998", "levelname": "WARNING", "process": 2432, "module": "views", "message": "API response slow", "pathname": "D:\\Django Practice\\core\\vege\\views.py", "funcName": "<module>", "lineno": 8}
{"asctime": "2025-05-04 02:35:51,999", "levelname": "ERROR", "process": 2432, "module": "views", "message": "Payment failed", "pathname": "D:\\Django Practice\\core\\vege\\views.py", "funcName": "<module>", "lineno": 9}
{"asctime": "2025-05-04 02:35:52,001", "levelname": "CRITICAL", "process": 2432, "module": "views", "message": "Database down", "pathname": "D:\\Django Practice\\core\\vege\\views.py", "funcName": "<module>", "lineno": 10}
{"asctime": "2025-05-04 02:35:59,768", "levelname": "INFO", "process": 11828, "module": "views", "message": "User logged in", "pathname": "D:\\Django Practice\\core\\vege\\views.py", "funcName": "<module>", "lineno": 7}
{"asctime": "2025-05-04 02:35:59,771", "levelname": "WARNING", "process": 11828, "module": "views", "message": "API response slow", "pathname": "D:\\Django Practice\\core\\vege\\views.py", "funcName": "<module>", "lineno": 8}
{"asctime": "2025-05-04 02:35:59,773", "levelname": "ERROR", "process": 11828, "module": "views", "message": "Payment failed", "pathname": "D:\\Django Practice\\core\\vege\\views.py", "funcName": "<module>", "lineno": 9}
{"asctime": "2025-05-04 02:35:59,774", "levelname": "CRITICAL", "process": 11828, "module": "views", "message": "Database down", "pathname": "D:\\Django Practice\\core\\vege\\views.py", "funcName": "<module>", "lineno": 10}
{"asctime": "2025-05-04 02:35:59,798", "levelname": "INFO", "process": 11828, "module": "accounts_views_imports", "message": "User logged in", "pathname": "D:\\Django Practice\\core\\accounts\\accounts_views_imports.py", "funcName": "<module>", "lineno": 48}
{"asctime": "2025-05-04 02:35:59,799", "levelname": "WARNING", "process": 11828, "module": "accounts_views_imports", "message": "API response slow", "pathname": "D:\\Django Practice\\core\\accounts\\accounts_views_imports.py", "funcName": "<module>", "lineno": 49}
{"asctime": "2025-05-04 02:35:59,800", "levelname": "ERROR", "process": 11828, "module": "accounts_views_imports", "message": "Payment failed", "pathname": "D:\\Django Practice\\core\\accounts\\accounts_views_imports.py", "funcName": "<module>", "lineno": 50}
{"asctime": "2025-05-04 02:35:59,801", "levelname": "CRITICAL", "process": 11828, "module": "accounts_views_imports", "message": "Database down", "pathname": "D:\\Django Practice\\core\\accounts\\accounts_views_imports.py", "funcName": "<module>", "lineno": 51}
{"asctime": "2025-05-04 02:36:06,502", "levelname": "INFO", "process": 7444, "module": "views", "message": "User logged in", "pathname": "D:\\Django Practice\\core\\vege\\views.py", "funcName": "<module>", "lineno": 7}
{"asctime": "2025-05-04 02:36:06,504", "levelname": "WARNING", "process": 7444, "module": "views", "message": "API response slow", "pathname": "D:\\Django Practice\\core\\vege\\views.py", "funcName": "<module>", "lineno": 8}
{"asctime": "2025-05-04 02:36:06,506", "levelname": "ERROR", "process": 7444, "module": "views", "message": "Payment failed", "pathname": "D:\\Django Practice\\core\\vege\\views.py", "funcName": "<module>", "lineno": 9}
{"asctime": "2025-05-04 02:36:06,506", "levelname": "CRITICAL", "process": 7444, "module": "views", "message": "Database down", "pathname": "D:\\Django Practice\\core\\vege\\views.py", "funcName": "<module>", "lineno": 10}
{"asctime": "2025-05-04 02:36:06,529", "levelname": "INFO", "process": 7444, "module": "accounts_views_imports", "message": "User logged in", "pathname": "D:\\Django Practice\\core\\accounts\\accounts_views_imports.py", "funcName": "<module>", "lineno": 48}
{"asctime": "2025-05-04 02:36:06,530", "levelname": "WARNING", "process": 7444, "module": "accounts_views_imports", "message": "API response slow", "pathname": "D:\\Django Practice\\core\\accounts\\accounts_views_imports.py", "funcName": "<module>", "lineno": 49}
{"asctime": "2025-05-04 02:36:06,531", "levelname": "ERROR", "process": 7444, "module": "accounts_views_imports", "message": "Payment failed", "pathname": "D:\\Django Practice\\core\\accounts\\accounts_views_imports.py", "funcName": "<module>", "lineno": 50}
{"asctime": "2025-05-04 02:36:06,532", "levelname": "CRITICAL", "process": 7444, "module": "accounts_views_imports", "message": "Database down", "pathname": "D:\\Django Practice\\core\\accounts\\accounts_views_imports.py", "funcName": "<module>", "lineno": 51}
{"asctime": "2025-05-04 02:39:38,383", "levelname": "INFO", "process": 7064, "module": "views", "message": "User logged in", "pathname": "D:\\Django Practice\\core\\vege\\views.py", "funcName": "<module>", "lineno": 7}
{"asctime": "2025-05-04 02:39:38,384", "levelname": "WARNING", "process": 7064, "module": "views", "message": "API response slow", "pathname": "D:\\Django Practice\\core\\vege\\views.py", "funcName": "<module>", "lineno": 8}
{"asctime": "2025-05-04 02:39:38,385", "levelname": "ERROR", "process": 7064, "module": "views", "message": "Payment failed", "pathname": "D:\\Django Practice\\core\\vege\\views.py", "funcName": "<module>", "lineno": 9}
{"asctime": "2025-05-04 02:39:38,387", "levelname": "CRITICAL", "process": 7064, "module": "views", "message": "Database down", "pathname": "D:\\Django Practice\\core\\vege\\views.py", "funcName": "<module>", "lineno": 10}
{"asctime": "2025-05-04 02:39:38,434", "levelname": "INFO", "process": 7064, "module": "accounts_views_imports", "message": "User logged in", "pathname": "D:\\Django Practice\\core\\accounts\\accounts_views_imports.py", "funcName": "<module>", "lineno": 48}
{"asctime": "2025-05-04 02:39:38,437", "levelname": "WARNING", "process": 7064, "module": "accounts_views_imports", "message": "API response slow", "pathname": "D:\\Django Practice\\core\\accounts\\accounts_views_imports.py", "funcName": "<module>", "lineno": 49}
{"asctime": "2025-05-04 02:39:38,437", "levelname": "ERROR", "process": 7064, "module": "accounts_views_imports", "message": "Payment failed", "pathname": "D:\\Django Practice\\core\\accounts\\accounts_views_imports.py", "funcName": "<module>", "lineno": 50}
{"asctime": "2025-05-04 02:39:38,438", "levelname": "CRITICAL", "process": 7064, "module": "accounts_views_imports", "message": "Database down", "pathname": "D:\\Django Practice\\core\\accounts\\accounts_views_imports.py", "funcName": "<module>", "lineno": 51}
{"asctime": "2025-05-04 02:39:54,897", "levelname": "INFO", "process": 1672, "module": "views", "message": "User logged in", "pathname": "D:\\Django Practice\\core\\vege\\views.py", "funcName": "<module>", "lineno": 7}
{"asctime": "2025-05-04 02:39:54,899", "levelname": "WARNING", "process": 1672, "module": "views", "message": "API response slow", "pathname": "D:\\Django Practice\\core\\vege\\views.py", "funcName": "<module>", "lineno": 8}
{"asctime": "2025-05-04 02:39:54,900", "levelname": "ERROR", "process": 1672, "module": "views", "message": "Payment failed", "pathname": "D:\\Django Practice\\core\\vege\\views.py", "funcName": "<module>", "lineno": 9}
{"asctime": "2025-05-04 02:39:54,901", "levelname": "CRITICAL", "process": 1672, "module": "views", "message": "Database down", "pathname": "D:\\Django Practice\\core\\vege\\views.py", "funcName": "<module>", "lineno": 10}
{"asctime": "2025-05-04 02:39:54,943", "levelname": "INFO", "process": 1672, "module": "accounts_views_imports", "message": "User logged in", "pathname": "D:\\Django Practice\\core\\accounts\\accounts_views_imports.py", "funcName": "<module>", "lineno": 48}
{"asctime": "2025-05-04 02:39:54,947", "levelname": "WARNING", "process": 1672, "module": "accounts_views_imports", "message": "API response slow", "pathname": "D:\\Django Practice\\core\\accounts\\accounts_views_imports.py", "funcName": "<module>", "lineno": 49}
{"asctime": "2025-05-04 02:39:54,949", "levelname": "ERROR", "process": 1672, "module": "accounts_views_imports", "message": "Payment failed", "pathname": "D:\\Django Practice\\core\\accounts\\accounts_views_imports.py", "funcName": "<module>", "lineno": 50}
{"asctime": "2025-05-04 02:39:54,949", "levelname": "CRITICAL", "process": 1672, "module": "accounts_views_imports", "message": "Database down", "pathname": "D:\\Django Practice\\core\\accounts\\accounts_views_imports.py", "funcName": "<module>", "lineno": 51}
{"asctime": "2025-05-04 02:39:59,585", "levelname": "INFO", "process": 13624, "module": "views", "message": "User logged in", "pathname": "D:\\Django Practice\\core\\vege\\views.py", "funcName": "<module>", "lineno": 7}
{"asctime": "2025-05-04 02:39:59,587", "levelname": "WARNING", "process": 13624, "module": "views", "message": "API response slow", "pathname": "D:\\Django Practice\\core\\vege\\views.py", "funcName": "<module>", "lineno": 8}
{"asctime": "2025-05-04 02:39:59,590", "levelname": "ERROR", "process": 13624, "module": "views", "message": "Payment failed", "pathname": "D:\\Django Practice\\core\\vege\\views.py", "funcName": "<module>", "lineno": 9}
{"asctime": "2025-05-04 02:39:59,591", "levelname": "CRITICAL", "process": 13624, "module": "views", "message": "Database down", "pathname": "D:\\Django Practice\\core\\vege\\views.py", "funcName": "<module>", "lineno": 10}
{"asctime": "2025-05-04 02:39:59,700", "levelname": "INFO", "process": 13624, "module": "accounts_views_imports", "message": "User logged in", "pathname": "D:\\Django Practice\\core\\accounts\\accounts_views_imports.py", "funcName": "<module>", "lineno": 48}
{"asctime": "2025-05-04 02:39:59,725", "levelname": "WARNING", "process": 13624, "module": "accounts_views_imports", "message": "API response slow", "pathname": "D:\\Django Practice\\core\\accounts\\accounts_views_imports.py", "funcName": "<module>", "lineno": 49}
{"asctime": "2025-05-04 02:39:59,764", "levelname": "ERROR", "process": 13624, "module": "accounts_views_imports", "message": "Payment failed", "pathname": "D:\\Django Practice\\core\\accounts\\accounts_views_imports.py", "funcName": "<module>", "lineno": 50}
{"asctime": "2025-05-04 02:39:59,787", "levelname": "CRITICAL", "process": 13624, "module": "accounts_views_imports", "message": "Database down", "pathname": "D:\\Django Practice\\core\\accounts\\accounts_views_imports.py", "funcName": "<module>", "lineno": 51}
{"asctime": "2025-05-04 02:41:00,468", "levelname": "INFO", "process": 6808, "module": "views", "message": "User logged in", "pathname": "D:\\Django Practice\\core\\vege\\views.py", "funcName": "<module>", "lineno": 7}
{"asctime": "2025-05-04 02:41:00,469", "levelname": "WARNING", "process": 6808, "module": "views", "message": "API response slow", "pathname": "D:\\Django Practice\\core\\vege\\views.py", "funcName": "<module>", "lineno": 8}
{"asctime": "2025-05-04 02:41:00,471", "levelname": "ERROR", "process": 6808, "module": "views", "message": "Payment failed", "pathname": "D:\\Django Practice\\core\\vege\\views.py", "funcName": "<module>", "lineno": 9}
{"asctime": "2025-05-04 02:41:00,472", "levelname": "CRITICAL", "process": 6808, "module": "views", "message": "Database down", "pathname": "D:\\Django Practice\\core\\vege\\views.py", "funcName": "<module>", "lineno": 10}
{"asctime": "2025-05-04 02:41:00,507", "levelname": "INFO", "process": 6808, "module": "accounts_views_imports", "message": "User logged in", "pathname": "D:\\Django Practice\\core\\accounts\\accounts_views_imports.py", "funcName": "<module>", "lineno": 48}
{"asctime": "2025-05-04 02:41:00,510", "levelname": "WARNING", "process": 6808, "module": "accounts_views_imports", "message": "API response slow", "pathname": "D:\\Django Practice\\core\\accounts\\accounts_views_imports.py", "funcName": "<module>", "lineno": 49}
{"asctime": "2025-05-04 02:41:00,511", "levelname": "ERROR", "process": 6808, "module": "accounts_views_imports", "message": "Payment failed", "pathname": "D:\\Django Practice\\core\\accounts\\accounts_views_imports.py", "funcName": "<module>", "lineno": 50}
{"asctime": "2025-05-04 02:41:00,512", "levelname": "CRITICAL", "process": 6808, "module": "accounts_views_imports", "message": "Database down", "pathname": "D:\\Django Practice\\core\\accounts\\accounts_views_imports.py", "funcName": "<module>", "lineno": 51}
{"asctime": "2025-05-04 03:04:42,167", "levelname": "INFO", "process": 2368, "module": "views", "message": "User logged in", "pathname": "D:\\Django Practice\\core\\vege\\views.py", "funcName": "<module>", "lineno": 7}
{"asctime": "2025-05-04 03:04:42,169", "levelname": "WARNING", "process": 2368, "module": "views", "message": "API response slow", "pathname": "D:\\Django Practice\\core\\vege\\views.py", "funcName": "<module>", "lineno": 8}
{"asctime": "2025-05-04 03:04:42,170", "levelname": "ERROR", "process": 2368, "module": "views", "message": "Payment failed", "pathname": "D:\\Django Practice\\core\\vege\\views.py", "funcName": "<module>", "lineno": 9}
{"asctime": "2025-05-04 03:04:42,171", "levelname": "CRITICAL", "process": 2368, "module": "views", "message": "Database down", "pathname": "D:\\Django Practice\\core\\vege\\views.py", "funcName": "<module>", "lineno": 10}
{"asctime": "2025-05-04 03:04:42,260", "levelname": "INFO", "process": 2368, "module": "accounts_views_imports", "message": "User logged in", "pathname": "D:\\Django Practice\\core\\accounts\\accounts_views_imports.py", "funcName": "<module>", "lineno": 47}
{"asctime": "2025-05-04 03:04:42,262", "levelname": "WARNING", "process": 2368, "module": "accounts_views_imports", "message": "API response slow", "pathname": "D:\\Django Practice\\core\\accounts\\accounts_views_imports.py", "funcName": "<module>", "lineno": 48}
{"asctime": "2025-05-04 03:04:42,263", "levelname": "ERROR", "process": 2368, "module": "accounts_views_imports", "message": "Payment failed", "pathname": "D:\\Django Practice\\core\\accounts\\accounts_views_imports.py", "funcName": "<module>", "lineno": 49}
{"asctime": "2025-05-04 03:04:42,264", "levelname": "CRITICAL", "process": 2368, "module": "accounts_views_imports", "message": "Database down", "pathname": "D:\\Django Practice\\core\\accounts\\accounts_views_imports.py", "funcName": "<module>", "lineno": 50}
{"asctime": "2025-05-04 03:04:46,858", "levelname": "INFO", "process": 9600, "module": "views", "message": "User logged in", "pathname": "D:\\Django Practice\\core\\vege\\views.py", "funcName": "<module>", "lineno": 7}
{"asctime": "2025-05-04 03:04:46,860", "levelname": "WARNING", "process": 9600, "module": "views", "message": "API response slow", "pathname": "D:\\Django Practice\\core\\vege\\views.py", "funcName": "<module>", "lineno": 8}
{"asctime": "2025-05-04 03:04:46,861", "levelname": "ERROR", "process": 9600, "module": "views", "message": "Payment failed", "pathname": "D:\\Django Practice\\core\\vege\\views.py", "funcName": "<module>", "lineno": 9}
{"asctime": "2025-05-04 03:04:46,862", "levelname": "CRITICAL", "process": 9600, "module": "views", "message": "Database down", "pathname": "D:\\Django Practice\\core\\vege\\views.py", "funcName": "<module>", "lineno": 10}
{"asctime": "2025-05-04 03:04:46,898", "levelname": "INFO", "process": 9600, "module": "accounts_views_imports", "message": "User logged in", "pathname": "D:\\Django Practice\\core\\accounts\\accounts_views_imports.py", "funcName": "<module>", "lineno": 46}
{"asctime": "2025-05-04 03:04:46,901", "levelname": "WARNING", "process": 9600, "module": "accounts_views_imports", "message": "API response slow", "pathname": "D:\\Django Practice\\core\\accounts\\accounts_views_imports.py", "funcName": "<module>", "lineno": 47}
{"asctime": "2025-05-04 03:04:46,902", "levelname": "ERROR", "process": 9600, "module": "accounts_views_imports", "message": "Payment failed", "pathname": "D:\\Django Practice\\core\\accounts\\accounts_views_imports.py", "funcName": "<module>", "lineno": 48}
{"asctime": "2025-05-04 03:04:46,903", "levelname": "CRITICAL", "process": 9600, "module": "accounts_views_imports", "message": "Database down", "pathname": "D:\\Django Practice\\core\\accounts\\accounts_views_imports.py", "funcName": "<module>", "lineno": 49}
{"asctime": "2025-05-04 03:04:51,987", "levelname": "INFO", "process": 9892, "module": "views", "message": "User logged in", "pathname": "D:\\Django Practice\\core\\vege\\views.py", "funcName": "<module>", "lineno": 7}
{"asctime": "2025-05-04 03:04:51,989", "levelname": "WARNING", "process": 9892, "module": "views", "message": "API response slow", "pathname": "D:\\Django Practice\\core\\vege\\views.py", "funcName": "<module>", "lineno": 8}
{"asctime": "2025-05-04 03:04:51,991", "levelname": "ERROR", "process": 9892, "module": "views", "message": "Payment failed", "pathname": "D:\\Django Practice\\core\\vege\\views.py", "funcName": "<module>", "lineno": 9}
{"asctime": "2025-05-04 03:04:51,992", "levelname": "CRITICAL", "process": 9892, "module": "views", "message": "Database down", "pathname": "D:\\Django Practice\\core\\vege\\views.py", "funcName": "<module>", "lineno": 10}
{"asctime": "2025-05-04 03:04:52,029", "levelname": "INFO", "process": 9892, "module": "accounts_views_imports", "message": "User logged in", "pathname": "D:\\Django Practice\\core\\accounts\\accounts_views_imports.py", "funcName": "<module>", "lineno": 45}
{"asctime": "2025-05-04 03:04:52,031", "levelname": "WARNING", "process": 9892, "module": "accounts_views_imports", "message": "API response slow", "pathname": "D:\\Django Practice\\core\\accounts\\accounts_views_imports.py", "funcName": "<module>", "lineno": 46}
{"asctime": "2025-05-04 03:04:52,032", "levelname": "ERROR", "process": 9892, "module": "accounts_views_imports", "message": "Payment failed", "pathname": "D:\\Django Practice\\core\\accounts\\accounts_views_imports.py", "funcName": "<module>", "lineno": 47}
{"asctime": "2025-05-04 03:04:52,034", "levelname": "CRITICAL", "process": 9892, "module": "accounts_views_imports", "message": "Database down", "pathname": "D:\\Django Practice\\core\\accounts\\accounts_views_imports.py", "funcName": "<module>", "lineno": 48}
{"asctime": "2025-05-04 03:05:03,266", "levelname": "INFO", "process": 13236, "module": "views", "message": "User logged in", "pathname": "D:\\Django Practice\\core\\vege\\views.py", "funcName": "<module>", "lineno": 7}
{"asctime": "2025-05-04 03:05:03,269", "levelname": "WARNING", "process": 13236, "module": "views", "message": "API response slow", "pathname": "D:\\Django Practice\\core\\vege\\views.py", "funcName": "<module>", "lineno": 8}
{"asctime": "2025-05-04 03:05:03,271", "levelname": "ERROR", "process": 13236, "module": "views", "message": "Payment failed", "pathname": "D:\\Django Practice\\core\\vege\\views.py", "funcName": "<module>", "lineno": 9}
{"asctime": "2025-05-04 03:05:03,272", "levelname": "CRITICAL", "process": 13236, "module": "views", "message": "Database down", "pathname": "D:\\Django Practice\\core\\vege\\views.py", "funcName": "<module>", "lineno": 10}
{"asctime": "2025-05-04 03:05:03,317", "levelname": "INFO", "process": 13236, "module": "accounts_views_imports", "message": "User logged in", "pathname": "D:\\Django Practice\\core\\accounts\\accounts_views_imports.py", "funcName": "<module>", "lineno": 45}
{"asctime": "2025-05-04 03:05:03,320", "levelname": "WARNING", "process": 13236, "module": "accounts_views_imports", "message": "API response slow", "pathname": "D:\\Django Practice\\core\\accounts\\accounts_views_imports.py", "funcName": "<module>", "lineno": 46}
{"asctime": "2025-05-04 03:05:03,321", "levelname": "ERROR", "process": 13236, "module": "accounts_views_imports", "message": "Payment failed", "pathname": "D:\\Django Practice\\core\\accounts\\accounts_views_imports.py", "funcName": "<module>", "lineno": 47}
{"asctime": "2025-05-04 03:05:03,322", "levelname": "CRITICAL", "process": 13236, "module": "accounts_views_imports", "message": "Database down", "pathname": "D:\\Django Practice\\core\\accounts\\accounts_views_imports.py", "funcName": "<module>", "lineno": 48}
{"asctime": "2025-05-04 03:05:20,520", "levelname": "INFO", "process": 3960, "module": "views", "message": "User logged in", "pathname": "D:\\Django Practice\\core\\vege\\views.py", "funcName": "<module>", "lineno": 7}
{"asctime": "2025-05-04 03:05:20,522", "levelname": "WARNING", "process": 3960, "module": "views", "message": "API response slow", "pathname": "D:\\Django Practice\\core\\vege\\views.py", "funcName": "<module>", "lineno": 8}
{"asctime": "2025-05-04 03:05:20,523", "levelname": "ERROR", "process": 3960, "module": "views", "message": "Payment failed", "pathname": "D:\\Django Practice\\core\\vege\\views.py", "funcName": "<module>", "lineno": 9}
{"asctime": "2025-05-04 03:05:20,525", "levelname": "CRITICAL", "process": 3960, "module": "views", "message": "Database down", "pathname": "D:\\Django Practice\\core\\vege\\views.py", "funcName": "<module>", "lineno": 10}
{"asctime": "2025-05-04 03:05:20,585", "levelname": "INFO", "process": 3960, "module": "accounts_views_imports", "message": "User logged in", "pathname": "D:\\Django Practice\\core\\accounts\\accounts_views_imports.py", "funcName": "<module>", "lineno": 45}
{"asctime": "2025-05-04 03:05:20,587", "levelname": "WARNING", "process": 3960, "module": "accounts_views_imports", "message": "API response slow", "pathname": "D:\\Django Practice\\core\\accounts\\accounts_views_imports.py", "funcName": "<module>", "lineno": 46}
{"asctime": "2025-05-04 03:05:20,588", "levelname": "ERROR", "process": 3960, "module": "accounts_views_imports", "message": "Payment failed", "pathname": "D:\\Django Practice\\core\\accounts\\accounts_views_imports.py", "funcName": "<module>", "lineno": 47}
{"asctime": "2025-05-04 03:05:20,589", "levelname": "CRITICAL", "process": 3960, "module": "accounts_views_imports", "message": "Database down", "pathname": "D:\\Django Practice\\core\\accounts\\accounts_views_imports.py", "funcName": "<module>", "lineno": 48}
{"asctime": "2025-05-04 03:05:33,133", "levelname": "INFO", "process": 2700, "module": "views", "message": "User logged in", "pathname": "D:\\Django Practice\\core\\vege\\views.py", "funcName": "<module>", "lineno": 7}
{"asctime": "2025-05-04 03:05:33,133", "levelname": "WARNING", "process": 2700, "module": "views", "message": "API response slow", "pathname": "D:\\Django Practice\\core\\vege\\views.py", "funcName": "<module>", "lineno": 8}
{"asctime": "2025-05-04 03:05:33,133", "levelname": "ERROR", "process": 2700, "module": "views", "message": "Payment failed", "pathname": "D:\\Django Practice\\core\\vege\\views.py", "funcName": "<module>", "lineno": 9}
{"asctime": "2025-05-04 03:05:33,133", "levelname": "CRITICAL", "process": 2700, "module": "views", "message": "Database down", "pathname": "D:\\Django Practice\\core\\vege\\views.py", "funcName": "<module>", "lineno": 10}
{"asctime": "2025-05-04 03:05:33,164", "levelname": "INFO", "process": 2700, "module": "accounts_views_imports", "message": "User logged in", "pathname": "D:\\Django Practice\\core\\accounts\\accounts_views_imports.py", "funcName": "<module>", "lineno": 45}
{"asctime": "2025-05-04 03:05:33,164", "levelname": "WARNING", "process": 2700, "module": "accounts_views_imports", "message": "API response slow", "pathname": "D:\\Django Practice\\core\\accounts\\accounts_views_imports.py", "funcName": "<module>", "lineno": 46}
{"asctime": "2025-05-04 03:05:33,180", "levelname": "ERROR", "process": 2700, "module": "accounts_views_imports", "message": "Payment failed", "pathname": "D:\\Django Practice\\core\\accounts\\accounts_views_imports.py", "funcName": "<module>", "lineno": 47}
{"asctime": "2025-05-04 03:05:33,180", "levelname": "CRITICAL", "process": 2700, "module": "accounts_views_imports", "message": "Database down", "pathname": "D:\\Django Practice\\core\\accounts\\accounts_views_imports.py", "funcName": "<module>", "lineno": 48}
{"asctime": "2025-05-04 03:05:39,563", "levelname": "INFO", "process": 13828, "module": "views", "message": "User logged in", "pathname": "D:\\Django Practice\\core\\vege\\views.py", "funcName": "<module>", "lineno": 7}
{"asctime": "2025-05-04 03:05:39,563", "levelname": "WARNING", "process": 13828, "module": "views", "message": "API response slow", "pathname": "D:\\Django Practice\\core\\vege\\views.py", "funcName": "<module>", "lineno": 8}
{"asctime": "2025-05-04 03:05:39,563", "levelname": "ERROR", "process": 13828, "module": "views", "message": "Payment failed", "pathname": "D:\\Django Practice\\core\\vege\\views.py", "funcName": "<module>", "lineno": 9}
{"asctime": "2025-05-04 03:05:39,563", "levelname": "CRITICAL", "process": 13828, "module": "views", "message": "Database down", "pathname": "D:\\Django Practice\\core\\vege\\views.py", "funcName": "<module>", "lineno": 10}
{"asctime": "2025-05-04 03:05:39,594", "levelname": "INFO", "process": 13828, "module": "accounts_views_imports", "message": "User logged in", "pathname": "D:\\Django Practice\\core\\accounts\\accounts_views_imports.py", "funcName": "<module>", "lineno": 45}
{"asctime": "2025-05-04 03:05:39,594", "levelname": "WARNING", "process": 13828, "module": "accounts_views_imports", "message": "API response slow", "pathname": "D:\\Django Practice\\core\\accounts\\accounts_views_imports.py", "funcName": "<module>", "lineno": 46}
{"asctime": "2025-05-04 03:05:39,594", "levelname": "ERROR", "process": 13828, "module": "accounts_views_imports", "message": "Payment failed", "pathname": "D:\\Django Practice\\core\\accounts\\accounts_views_imports.py", "funcName": "<module>", "lineno": 47}
{"asctime": "2025-05-04 03:05:39,594", "levelname": "CRITICAL", "process": 13828, "module": "accounts_views_imports", "message": "Database down", "pathname": "D:\\Django Practice\\core\\accounts\\accounts_views_imports.py", "funcName": "<module>", "lineno": 48}
{"asctime": "2025-05-04 03:06:04,869", "levelname": "INFO", "process": 14636, "module": "views", "message": "User logged in", "pathname": "D:\\Django Practice\\core\\vege\\views.py", "funcName": "<module>", "lineno": 7}
{"asctime": "2025-05-04 03:06:04,869", "levelname": "WARNING", "process": 14636, "module": "views", "message": "API response slow", "pathname": "D:\\Django Practice\\core\\vege\\views.py", "funcName": "<module>", "lineno": 8}
{"asctime": "2025-05-04 03:06:04,869", "levelname": "ERROR", "process": 14636, "module": "views", "message": "Payment failed", "pathname": "D:\\Django Practice\\core\\vege\\views.py", "funcName": "<module>", "lineno": 9}
{"asctime": "2025-05-04 03:06:04,869", "levelname": "CRITICAL", "process": 14636, "module": "views", "message": "Database down", "pathname": "D:\\Django Practice\\core\\vege\\views.py", "funcName": "<module>", "lineno": 10}
{"asctime": "2025-05-04 03:06:04,912", "levelname": "INFO", "process": 14636, "module": "accounts_views_imports", "message": "User logged in", "pathname": "D:\\Django Practice\\core\\accounts\\accounts_views_imports.py", "funcName": "<module>", "lineno": 45}
{"asctime": "2025-05-04 03:06:04,917", "levelname": "WARNING", "process": 14636, "module": "accounts_views_imports", "message": "API response slow", "pathname": "D:\\Django Practice\\core\\accounts\\accounts_views_imports.py", "funcName": "<module>", "lineno": 46}
{"asctime": "2025-05-04 03:06:04,918", "levelname": "ERROR", "process": 14636, "module": "accounts_views_imports", "message": "Payment failed", "pathname": "D:\\Django Practice\\core\\accounts\\accounts_views_imports.py", "funcName": "<module>", "lineno": 47}
{"asctime": "2025-05-04 03:06:04,918", "levelname": "CRITICAL", "process": 14636, "module": "accounts_views_imports", "message": "Database down", "pathname": "D:\\Django Practice\\core\\accounts\\accounts_views_imports.py", "funcName": "<module>", "lineno": 48}
{"asctime": "2025-05-04 03:06:30,690", "levelname": "INFO", "process": 3144, "module": "views", "message": "User logged in", "pathname": "D:\\Django Practice\\core\\vege\\views.py", "funcName": "<module>", "lineno": 7}
{"asctime": "2025-05-04 03:06:30,690", "levelname": "WARNING", "process": 3144, "module": "views", "message": "API response slow", "pathname": "D:\\Django Practice\\core\\vege\\views.py", "funcName": "<module>", "lineno": 8}
{"asctime": "2025-05-04 03:06:30,706", "levelname": "ERROR", "process": 3144, "module": "views", "message": "Payment failed", "pathname": "D:\\Django Practice\\core\\vege\\views.py", "funcName": "<module>", "lineno": 9}
{"asctime": "2025-05-04 03:06:30,706", "levelname": "CRITICAL", "process": 3144, "module": "views", "message": "Database down", "pathname": "D:\\Django Practice\\core\\vege\\views.py", "funcName": "<module>", "lineno": 10}
{"asctime": "2025-05-04 03:06:30,737", "levelname": "INFO", "process": 3144, "module": "accounts_views_imports", "message": "User logged in", "pathname": "D:\\Django Practice\\core\\accounts\\accounts_views_imports.py", "funcName": "<module>", "lineno": 45}
{"asctime": "2025-05-04 03:06:30,737", "levelname": "WARNING", "process": 3144, "module": "accounts_views_imports", "message": "API response slow", "pathname": "D:\\Django Practice\\core\\accounts\\accounts_views_imports.py", "funcName": "<module>", "lineno": 46}
{"asctime": "2025-05-04 03:06:30,737", "levelname": "ERROR", "process": 3144, "module": "accounts_views_imports", "message": "Payment failed", "pathname": "D:\\Django Practice\\core\\accounts\\accounts_views_imports.py", "funcName": "<module>", "lineno": 47}
{"asctime": "2025-05-04 03:06:30,737", "levelname": "CRITICAL", "process": 3144, "module": "accounts_views_imports", "message": "Database down", "pathname": "D:\\Django Practice\\core\\accounts\\accounts_views_imports.py", "funcName": "<module>", "lineno": 48}
{"asctime": "2025-05-04 03:06:41,983", "levelname": "INFO", "process": 10488, "module": "views", "message": "User logged in", "pathname": "D:\\Django Practice\\core\\vege\\views.py", "funcName": "<module>", "lineno": 7}
{"asctime": "2025-05-04 03:06:41,983", "levelname": "WARNING", "process": 10488, "module": "views", "message": "API response slow", "pathname": "D:\\Django Practice\\core\\vege\\views.py", "funcName": "<module>", "lineno": 8}
{"asctime": "2025-05-04 03:06:41,983", "levelname": "ERROR", "process": 10488, "module": "views", "message": "Payment failed", "pathname": "D:\\Django Practice\\core\\vege\\views.py", "funcName": "<module>", "lineno": 9}
{"asctime": "2025-05-04 03:06:41,983", "levelname": "CRITICAL", "process": 10488, "module": "views", "message": "Database down", "pathname": "D:\\Django Practice\\core\\vege\\views.py", "funcName": "<module>", "lineno": 10}
{"asctime": "2025-05-04 03:06:42,014", "levelname": "INFO", "process": 10488, "module": "accounts_views_imports", "message": "User logged in", "pathname": "D:\\Django Practice\\core\\accounts\\accounts_views_imports.py", "funcName": "<module>", "lineno": 45}
{"asctime": "2025-05-04 03:06:42,014", "levelname": "WARNING", "process": 10488, "module": "accounts_views_imports", "message": "API response slow", "pathname": "D:\\Django Practice\\core\\accounts\\accounts_views_imports.py", "funcName": "<module>", "lineno": 46}
{"asctime": "2025-05-04 03:06:42,030", "levelname": "ERROR", "process": 10488, "module": "accounts_views_imports", "message": "Payment failed", "pathname": "D:\\Django Practice\\core\\accounts\\accounts_views_imports.py", "funcName": "<module>", "lineno": 47}
{"asctime": "2025-05-04 03:06:42,030", "levelname": "CRITICAL", "process": 10488, "module": "accounts_views_imports", "message": "Database down", "pathname": "D:\\Django Practice\\core\\accounts\\accounts_views_imports.py", "funcName": "<module>", "lineno": 48}
{"asctime": "2025-05-04 03:07:00,441", "levelname": "INFO", "process": 10768, "module": "views", "message": "User logged in", "pathname": "D:\\Django Practice\\core\\vege\\views.py", "funcName": "<module>", "lineno": 7}
{"asctime": "2025-05-04 03:07:00,441", "levelname": "WARNING", "process": 10768, "module": "views", "message": "API response slow", "pathname": "D:\\Django Practice\\core\\vege\\views.py", "funcName": "<module>", "lineno": 8}
{"asctime": "2025-05-04 03:07:00,441", "levelname": "ERROR", "process": 10768, "module": "views", "message": "Payment failed", "pathname": "D:\\Django Practice\\core\\vege\\views.py", "funcName": "<module>", "lineno": 9}
{"asctime": "2025-05-04 03:07:00,441", "levelname": "CRITICAL", "process": 10768, "module": "views", "message": "Database down", "pathname": "D:\\Django Practice\\core\\vege\\views.py", "funcName": "<module>", "lineno": 10}
{"asctime": "2025-05-04 03:07:00,498", "levelname": "INFO", "process": 10768, "module": "accounts_views_imports", "message": "User logged in", "pathname": "D:\\Django Practice\\core\\accounts\\accounts_views_imports.py", "funcName": "<module>", "lineno": 45}
{"asctime": "2025-05-04 03:07:00,500", "levelname": "WARNING", "process": 10768, "module": "accounts_views_imports", "message": "API response slow", "pathname": "D:\\Django Practice\\core\\accounts\\accounts_views_imports.py", "funcName": "<module>", "lineno": 46}
{"asctime": "2025-05-04 03:07:00,502", "levelname": "ERROR", "process": 10768, "module": "accounts_views_imports", "message": "Payment failed", "pathname": "D:\\Django Practice\\core\\accounts\\accounts_views_imports.py", "funcName": "<module>", "lineno": 47}
{"asctime": "2025-05-04 03:07:00,504", "levelname": "CRITICAL", "process": 10768, "module": "accounts_views_imports", "message": "Database down", "pathname": "D:\\Django Practice\\core\\accounts\\accounts_views_imports.py", "funcName": "<module>", "lineno": 48}
{"asctime": "2025-05-04 03:07:09,989", "levelname": "INFO", "process": 6096, "module": "views", "message": "User logged in", "pathname": "D:\\Django Practice\\core\\vege\\views.py", "funcName": "<module>", "lineno": 7}
{"asctime": "2025-05-04 03:07:09,989", "levelname": "WARNING", "process": 6096, "module": "views", "message": "API response slow", "pathname": "D:\\Django Practice\\core\\vege\\views.py", "funcName": "<module>", "lineno": 8}
{"asctime": "2025-05-04 03:07:09,989", "levelname": "ERROR", "process": 6096, "module": "views", "message": "Payment failed", "pathname": "D:\\Django Practice\\core\\vege\\views.py", "funcName": "<module>", "lineno": 9}
{"asctime": "2025-05-04 03:07:09,989", "levelname": "CRITICAL", "process": 6096, "module": "views", "message": "Database down", "pathname": "D:\\Django Practice\\core\\vege\\views.py", "funcName": "<module>", "lineno": 10}
{"asctime": "2025-05-04 03:07:10,044", "levelname": "INFO", "process": 6096, "module": "accounts_views_imports", "message": "User logged in", "pathname": "D:\\Django Practice\\core\\accounts\\accounts_views_imports.py", "funcName": "<module>", "lineno": 45}
{"asctime": "2025-05-04 03:07:10,045", "levelname": "WARNING", "process": 6096, "module": "accounts_views_imports", "message": "API response slow", "pathname": "D:\\Django Practice\\core\\accounts\\accounts_views_imports.py", "funcName": "<module>", "lineno": 46}
{"asctime": "2025-05-04 03:07:10,047", "levelname": "ERROR", "process": 6096, "module": "accounts_views_imports", "message": "Payment failed", "pathname": "D:\\Django Practice\\core\\accounts\\accounts_views_imports.py", "funcName": "<module>", "lineno": 47}
{"asctime": "2025-05-04 03:07:10,049", "levelname": "CRITICAL", "process": 6096, "module": "accounts_views_imports", "message": "Database down", "pathname": "D:\\Django Practice\\core\\accounts\\accounts_views_imports.py", "funcName": "<module>", "lineno": 48}
{"asctime": "2025-05-04 03:07:23,293", "levelname": "INFO", "process": 5848, "module": "views", "message": "User logged in", "pathname": "D:\\Django Practice\\core\\vege\\views.py", "funcName": "<module>", "lineno": 7}
{"asctime": "2025-05-04 03:07:23,293", "levelname": "WARNING", "process": 5848, "module": "views", "message": "API response slow", "pathname": "D:\\Django Practice\\core\\vege\\views.py", "funcName": "<module>", "lineno": 8}
{"asctime": "2025-05-04 03:07:23,293", "levelname": "ERROR", "process": 5848, "module": "views", "message": "Payment failed", "pathname": "D:\\Django Practice\\core\\vege\\views.py", "funcName": "<module>", "lineno": 9}
{"asctime": "2025-05-04 03:07:23,293", "levelname": "CRITICAL", "process": 5848, "module": "views", "message": "Database down", "pathname": "D:\\Django Practice\\core\\vege\\views.py", "funcName": "<module>", "lineno": 10}
{"asctime": "2025-05-04 03:07:23,340", "levelname": "INFO", "process": 5848, "module": "accounts_views_imports", "message": "User logged in", "pathname": "D:\\Django Practice\\core\\accounts\\accounts_views_imports.py", "funcName": "<module>", "lineno": 45}
{"asctime": "2025-05-04 03:07:23,340", "levelname": "WARNING", "process": 5848, "module": "accounts_views_imports", "message": "API response slow", "pathname": "D:\\Django Practice\\core\\accounts\\accounts_views_imports.py", "funcName": "<module>", "lineno": 46}
{"asctime": "2025-05-04 03:07:23,356", "levelname": "ERROR", "process": 5848, "module": "accounts_views_imports", "message": "Payment failed", "pathname": "D:\\Django Practice\\core\\accounts\\accounts_views_imports.py", "funcName": "<module>", "lineno": 47}
{"asctime": "2025-05-04 03:07:23,356", "levelname": "CRITICAL", "process": 5848, "module": "accounts_views_imports", "message": "Database down", "pathname": "D:\\Django Practice\\core\\accounts\\accounts_views_imports.py", "funcName": "<module>", "lineno": 48}
{"asctime": "2025-05-04 03:07:35,193", "levelname": "INFO", "process": 13024, "module": "views", "message": "User logged in", "pathname": "D:\\Django Practice\\core\\vege\\views.py", "funcName": "<module>", "lineno": 7}
{"asctime": "2025-05-04 03:07:35,199", "levelname": "WARNING", "process": 13024, "module": "views", "message": "API response slow", "pathname": "D:\\Django Practice\\core\\vege\\views.py", "funcName": "<module>", "lineno": 8}
{"asctime": "2025-05-04 03:07:35,200", "levelname": "ERROR", "process": 13024, "module": "views", "message": "Payment failed", "pathname": "D:\\Django Practice\\core\\vege\\views.py", "funcName": "<module>", "lineno": 9}
{"asctime": "2025-05-04 03:07:35,201", "levelname": "CRITICAL", "process": 13024, "module": "views", "message": "Database down", "pathname": "D:\\Django Practice\\core\\vege\\views.py", "funcName": "<module>", "lineno": 10}
{"asctime": "2025-05-04 03:07:35,226", "levelname": "INFO", "process": 13024, "module": "accounts_views_imports", "message": "User logged in", "pathname": "D:\\Django Practice\\core\\accounts\\accounts_views_imports.py", "funcName": "<module>", "lineno": 45}
{"asctime": "2025-05-04 03:07:35,226", "levelname": "WARNING", "process": 13024, "module": "accounts_views_imports", "message": "API response slow", "pathname": "D:\\Django Practice\\core\\accounts\\accounts_views_imports.py", "funcName": "<module>", "lineno": 46}
{"asctime": "2025-05-04 03:07:35,244", "levelname": "ERROR", "process": 13024, "module": "accounts_views_imports", "message": "Payment failed", "pathname": "D:\\Django Practice\\core\\accounts\\accounts_views_imports.py", "funcName": "<module>", "lineno": 47}
{"asctime": "2025-05-04 03:07:35,244", "levelname": "CRITICAL", "process": 13024, "module": "accounts_views_imports", "message": "Database down", "pathname": "D:\\Django Practice\\core\\accounts\\accounts_views_imports.py", "funcName": "<module>", "lineno": 48}
{"asctime": "2025-05-04 03:07:41,641", "levelname": "INFO", "process": 11060, "module": "views", "message": "User logged in", "pathname": "D:\\Django Practice\\core\\vege\\views.py", "funcName": "<module>", "lineno": 7}
{"asctime": "2025-05-04 03:07:41,641", "levelname": "WARNING", "process": 11060, "module": "views", "message": "API response slow", "pathname": "D:\\Django Practice\\core\\vege\\views.py", "funcName": "<module>", "lineno": 8}
{"asctime": "2025-05-04 03:07:41,641", "levelname": "ERROR", "process": 11060, "module": "views", "message": "Payment failed", "pathname": "D:\\Django Practice\\core\\vege\\views.py", "funcName": "<module>", "lineno": 9}
{"asctime": "2025-05-04 03:07:41,641", "levelname": "CRITICAL", "process": 11060, "module": "views", "message": "Database down", "pathname": "D:\\Django Practice\\core\\vege\\views.py", "funcName": "<module>", "lineno": 10}
{"asctime": "2025-05-04 03:07:41,688", "levelname": "INFO", "process": 11060, "module": "accounts_views_imports", "message": "User logged in", "pathname": "D:\\Django Practice\\core\\accounts\\accounts_views_imports.py", "funcName": "<module>", "lineno": 45}
{"asctime": "2025-05-04 03:07:41,692", "levelname": "WARNING", "process": 11060, "module": "accounts_views_imports", "message": "API response slow", "pathname": "D:\\Django Practice\\core\\accounts\\accounts_views_imports.py", "funcName": "<module>", "lineno": 46}
{"asctime": "2025-05-04 03:07:41,694", "levelname": "ERROR", "process": 11060, "module": "accounts_views_imports", "message": "Payment failed", "pathname": "D:\\Django Practice\\core\\accounts\\accounts_views_imports.py", "funcName": "<module>", "lineno": 47}
{"asctime": "2025-05-04 03:07:41,694", "levelname": "CRITICAL", "process": 11060, "module": "accounts_views_imports", "message": "Database down", "pathname": "D:\\Django Practice\\core\\accounts\\accounts_views_imports.py", "funcName": "<module>", "lineno": 48}
{"asctime": "2025-05-04 03:07:47,081", "levelname": "INFO", "process": 14612, "module": "views", "message": "User logged in", "pathname": "D:\\Django Practice\\core\\vege\\views.py", "funcName": "<module>", "lineno": 7}
{"asctime": "2025-05-04 03:07:47,082", "levelname": "WARNING", "process": 14612, "module": "views", "message": "API response slow", "pathname": "D:\\Django Practice\\core\\vege\\views.py", "funcName": "<module>", "lineno": 8}
{"asctime": "2025-05-04 03:07:47,082", "levelname": "ERROR", "process": 14612, "module": "views", "message": "Payment failed", "pathname": "D:\\Django Practice\\core\\vege\\views.py", "funcName": "<module>", "lineno": 9}
{"asctime": "2025-05-04 03:07:47,082", "levelname": "CRITICAL", "process": 14612, "module": "views", "message": "Database down", "pathname": "D:\\Django Practice\\core\\vege\\views.py", "funcName": "<module>", "lineno": 10}
{"asctime": "2025-05-04 03:07:47,129", "levelname": "INFO", "process": 14612, "module": "accounts_views_imports", "message": "User logged in", "pathname": "D:\\Django Practice\\core\\accounts\\accounts_views_imports.py", "funcName": "<module>", "lineno": 43}
{"asctime": "2025-05-04 03:07:47,129", "levelname": "WARNING", "process": 14612, "module": "accounts_views_imports", "message": "API response slow", "pathname": "D:\\Django Practice\\core\\accounts\\accounts_views_imports.py", "funcName": "<module>", "lineno": 44}
{"asctime": "2025-05-04 03:07:47,129", "levelname": "ERROR", "process": 14612, "module": "accounts_views_imports", "message": "Payment failed", "pathname": "D:\\Django Practice\\core\\accounts\\accounts_views_imports.py", "funcName": "<module>", "lineno": 45}
{"asctime": "2025-05-04 03:07:47,129", "levelname": "CRITICAL", "process": 14612, "module": "accounts_views_imports", "message": "Database down", "pathname": "D:\\Django Practice\\core\\accounts\\accounts_views_imports.py", "funcName": "<module>", "lineno": 46}
{"asctime": "2025-05-04 03:07:51,688", "levelname": "INFO", "process": 2292, "module": "views", "message": "User logged in", "pathname": "D:\\Django Practice\\core\\vege\\views.py", "funcName": "<module>", "lineno": 7}
{"asctime": "2025-05-04 03:07:51,704", "levelname": "WARNING", "process": 2292, "module": "views", "message": "API response slow", "pathname": "D:\\Django Practice\\core\\vege\\views.py", "funcName": "<module>", "lineno": 8}
{"asctime": "2025-05-04 03:07:51,704", "levelname": "ERROR", "process": 2292, "module": "views", "message": "Payment failed", "pathname": "D:\\Django Practice\\core\\vege\\views.py", "funcName": "<module>", "lineno": 9}
{"asctime": "2025-05-04 03:07:51,704", "levelname": "CRITICAL", "process": 2292, "module": "views", "message": "Database down", "pathname": "D:\\Django Practice\\core\\vege\\views.py", "funcName": "<module>", "lineno": 10}
{"asctime": "2025-05-04 03:07:51,735", "levelname": "INFO", "process": 2292, "module": "accounts_views_imports", "message": "User logged in", "pathname": "D:\\Django Practice\\core\\accounts\\accounts_views_imports.py", "funcName": "<module>", "lineno": 41}
{"asctime": "2025-05-04 03:07:51,735", "levelname": "WARNING", "process": 2292, "module": "accounts_views_imports", "message": "API response slow", "pathname": "D:\\Django Practice\\core\\accounts\\accounts_views_imports.py", "funcName": "<module>", "lineno": 42}
{"asctime": "2025-05-04 03:07:51,735", "levelname": "ERROR", "process": 2292, "module": "accounts_views_imports", "message": "Payment failed", "pathname": "D:\\Django Practice\\core\\accounts\\accounts_views_imports.py", "funcName": "<module>", "lineno": 43}
{"asctime": "2025-05-04 03:07:51,735", "levelname": "CRITICAL", "process": 2292, "module": "accounts_views_imports", "message": "Database down", "pathname": "D:\\Django Practice\\core\\accounts\\accounts_views_imports.py", "funcName": "<module>", "lineno": 44}
{"asctime": "2025-05-04 03:08:04,329", "levelname": "INFO", "process": 11808, "module": "views", "message": "User logged in", "pathname": "D:\\Django Practice\\core\\vege\\views.py", "funcName": "<module>", "lineno": 7}
{"asctime": "2025-05-04 03:08:04,329", "levelname": "WARNING", "process": 11808, "module": "views", "message": "API response slow", "pathname": "D:\\Django Practice\\core\\vege\\views.py", "funcName": "<module>", "lineno": 8}
{"asctime": "2025-05-04 03:08:04,344", "levelname": "ERROR", "process": 11808, "module": "views", "message": "Payment failed", "pathname": "D:\\Django Practice\\core\\vege\\views.py", "funcName": "<module>", "lineno": 9}
{"asctime": "2025-05-04 03:08:04,344", "levelname": "CRITICAL", "process": 11808, "module": "views", "message": "Database down", "pathname": "D:\\Django Practice\\core\\vege\\views.py", "funcName": "<module>", "lineno": 10}
{"asctime": "2025-05-04 03:08:04,375", "levelname": "INFO", "process": 11808, "module": "accounts_views_imports", "message": "User logged in", "pathname": "D:\\Django Practice\\core\\accounts\\accounts_views_imports.py", "funcName": "<module>", "lineno": 38}
{"asctime": "2025-05-04 03:08:04,375", "levelname": "WARNING", "process": 11808, "module": "accounts_views_imports", "message": "API response slow", "pathname": "D:\\Django Practice\\core\\accounts\\accounts_views_imports.py", "funcName": "<module>", "lineno": 39}
{"asctime": "2025-05-04 03:08:04,375", "levelname": "ERROR", "process": 11808, "module": "accounts_views_imports", "message": "Payment failed", "pathname": "D:\\Django Practice\\core\\accounts\\accounts_views_imports.py", "funcName": "<module>", "lineno": 40}
{"asctime": "2025-05-04 03:08:04,375", "levelname": "CRITICAL", "process": 11808, "module": "accounts_views_imports", "message": "Database down", "pathname": "D:\\Django Practice\\core\\accounts\\accounts_views_imports.py", "funcName": "<module>", "lineno": 41}
{"asctime": "2025-05-04 03:08:09,002", "levelname": "INFO", "process": 13116, "module": "views", "message": "User logged in", "pathname": "D:\\Django Practice\\core\\vege\\views.py", "funcName": "<module>", "lineno": 7}
{"asctime": "2025-05-04 03:08:09,002", "levelname": "WARNING", "process": 13116, "module": "views", "message": "API response slow", "pathname": "D:\\Django Practice\\core\\vege\\views.py", "funcName": "<module>", "lineno": 8}
{"asctime": "2025-05-04 03:08:09,002", "levelname": "ERROR", "process": 13116, "module": "views", "message": "Payment failed", "pathname": "D:\\Django Practice\\core\\vege\\views.py", "funcName": "<module>", "lineno": 9}
{"asctime": "2025-05-04 03:08:09,002", "levelname": "CRITICAL", "process": 13116, "module": "views", "message": "Database down", "pathname": "D:\\Django Practice\\core\\vege\\views.py", "funcName": "<module>", "lineno": 10}
{"asctime": "2025-05-04 03:08:09,035", "levelname": "INFO", "process": 13116, "module": "accounts_views_imports", "message": "User logged in", "pathname": "D:\\Django Practice\\core\\accounts\\accounts_views_imports.py", "funcName": "<module>", "lineno": 38}
{"asctime": "2025-05-04 03:08:09,052", "levelname": "WARNING", "process": 13116, "module": "accounts_views_imports", "message": "API response slow", "pathname": "D:\\Django Practice\\core\\accounts\\accounts_views_imports.py", "funcName": "<module>", "lineno": 39}
{"asctime": "2025-05-04 03:08:09,052", "levelname": "ERROR", "process": 13116, "module": "accounts_views_imports", "message": "Payment failed", "pathname": "D:\\Django Practice\\core\\accounts\\accounts_views_imports.py", "funcName": "<module>", "lineno": 40}
{"asctime": "2025-05-04 03:08:09,052", "levelname": "CRITICAL", "process": 13116, "module": "accounts_views_imports", "message": "Database down", "pathname": "D:\\Django Practice\\core\\accounts\\accounts_views_imports.py", "funcName": "<module>", "lineno": 41}
{"asctime": "2025-05-04 03:08:16,664", "levelname": "INFO", "process": 8252, "module": "views", "message": "User logged in", "pathname": "D:\\Django Practice\\core\\vege\\views.py", "funcName": "<module>", "lineno": 7}
{"asctime": "2025-05-04 03:08:16,664", "levelname": "WARNING", "process": 8252, "module": "views", "message": "API response slow", "pathname": "D:\\Django Practice\\core\\vege\\views.py", "funcName": "<module>", "lineno": 8}
{"asctime": "2025-05-04 03:08:16,664", "levelname": "ERROR", "process": 8252, "module": "views", "message": "Payment failed", "pathname": "D:\\Django Practice\\core\\vege\\views.py", "funcName": "<module>", "lineno": 9}
{"asctime": "2025-05-04 03:08:16,664", "levelname": "CRITICAL", "process": 8252, "module": "views", "message": "Database down", "pathname": "D:\\Django Practice\\core\\vege\\views.py", "funcName": "<module>", "lineno": 10}
{"asctime": "2025-05-04 03:08:16,695", "levelname": "INFO", "process": 8252, "module": "accounts_views_imports", "message": "User logged in", "pathname": "D:\\Django Practice\\core\\accounts\\accounts_views_imports.py", "funcName": "<module>", "lineno": 38}
{"asctime": "2025-05-04 03:08:16,695", "levelname": "WARNING", "process": 8252, "module": "accounts_views_imports", "message": "API response slow", "pathname": "D:\\Django Practice\\core\\accounts\\accounts_views_imports.py", "funcName": "<module>", "lineno": 39}
{"asctime": "2025-05-04 03:08:16,695", "levelname": "ERROR", "process": 8252, "module": "accounts_views_imports", "message": "Payment failed", "pathname": "D:\\Django Practice\\core\\accounts\\accounts_views_imports.py", "funcName": "<module>", "lineno": 40}
{"asctime": "2025-05-04 03:08:16,695", "levelname": "CRITICAL", "process": 8252, "module": "accounts_views_imports", "message": "Database down", "pathname": "D:\\Django Practice\\core\\accounts\\accounts_views_imports.py", "funcName": "<module>", "lineno": 41}
{"asctime": "2025-05-04 03:08:33,655", "levelname": "INFO", "process": 3340, "module": "views", "message": "User logged in", "pathname": "D:\\Django Practice\\core\\vege\\views.py", "funcName": "<module>", "lineno": 7}
{"asctime": "2025-05-04 03:08:33,655", "levelname": "WARNING", "process": 3340, "module": "views", "message": "API response slow", "pathname": "D:\\Django Practice\\core\\vege\\views.py", "funcName": "<module>", "lineno": 8}
{"asctime": "2025-05-04 03:08:33,655", "levelname": "ERROR", "process": 3340, "module": "views", "message": "Payment failed", "pathname": "D:\\Django Practice\\core\\vege\\views.py", "funcName": "<module>", "lineno": 9}
{"asctime": "2025-05-04 03:08:33,671", "levelname": "CRITICAL", "process": 3340, "module": "views", "message": "Database down", "pathname": "D:\\Django Practice\\core\\vege\\views.py", "funcName": "<module>", "lineno": 10}
{"asctime": "2025-05-04 03:08:33,702", "levelname": "INFO", "process": 3340, "module": "accounts_views_imports", "message": "User logged in", "pathname": "D:\\Django Practice\\core\\accounts\\accounts_views_imports.py", "funcName": "<module>", "lineno": 38}
{"asctime": "2025-05-04 03:08:33,702", "levelname": "WARNING", "process": 3340, "module": "accounts_views_imports", "message": "API response slow", "pathname": "D:\\Django Practice\\core\\accounts\\accounts_views_imports.py", "funcName": "<module>", "lineno": 39}
{"asctime": "2025-05-04 03:08:33,702", "levelname": "ERROR", "process": 3340, "module": "accounts_views_imports", "message": "Payment failed", "pathname": "D:\\Django Practice\\core\\accounts\\accounts_views_imports.py", "funcName": "<module>", "lineno": 40}
{"asctime": "2025-05-04 03:08:33,702", "levelname": "CRITICAL", "process": 3340, "module": "accounts_views_imports", "message": "Database down", "pathname": "D:\\Django Practice\\core\\accounts\\accounts_views_imports.py", "funcName": "<module>", "lineno": 41}
{"asctime": "2025-05-04 03:08:59,214", "levelname": "INFO", "process": 12596, "module": "views", "message": "User logged in", "pathname": "D:\\Django Practice\\core\\vege\\views.py", "funcName": "<module>", "lineno": 7}
{"asctime": "2025-05-04 03:08:59,225", "levelname": "WARNING", "process": 12596, "module": "views", "message": "API response slow", "pathname": "D:\\Django Practice\\core\\vege\\views.py", "funcName": "<module>", "lineno": 8}
{"asctime": "2025-05-04 03:08:59,226", "levelname": "ERROR", "process": 12596, "module": "views", "message": "Payment failed", "pathname": "D:\\Django Practice\\core\\vege\\views.py", "funcName": "<module>", "lineno": 9}
{"asctime": "2025-05-04 03:08:59,227", "levelname": "CRITICAL", "process": 12596, "module": "views", "message": "Database down", "pathname": "D:\\Django Practice\\core\\vege\\views.py", "funcName": "<module>", "lineno": 10}
{"asctime": "2025-05-04 03:08:59,259", "levelname": "INFO", "process": 12596, "module": "accounts_views_imports", "message": "User logged in", "pathname": "D:\\Django Practice\\core\\accounts\\accounts_views_imports.py", "funcName": "<module>", "lineno": 38}
{"asctime": "2025-05-04 03:08:59,274", "levelname": "WARNING", "process": 12596, "module": "accounts_views_imports", "message": "API response slow", "pathname": "D:\\Django Practice\\core\\accounts\\accounts_views_imports.py", "funcName": "<module>", "lineno": 39}
{"asctime": "2025-05-04 03:08:59,275", "levelname": "ERROR", "process": 12596, "module": "accounts_views_imports", "message": "Payment failed", "pathname": "D:\\Django Practice\\core\\accounts\\accounts_views_imports.py", "funcName": "<module>", "lineno": 40}
{"asctime": "2025-05-04 03:08:59,275", "levelname": "CRITICAL", "process": 12596, "module": "accounts_views_imports", "message": "Database down", "pathname": "D:\\Django Practice\\core\\accounts\\accounts_views_imports.py", "funcName": "<module>", "lineno": 41}
{"asctime": "2025-05-04 03:09:17,114", "levelname": "INFO", "process": 2036, "module": "views", "message": "User logged in", "pathname": "D:\\Django Practice\\core\\vege\\views.py", "funcName": "<module>", "lineno": 7}
{"asctime": "2025-05-04 03:09:17,114", "levelname": "WARNING", "process": 2036, "module": "views", "message": "API response slow", "pathname": "D:\\Django Practice\\core\\vege\\views.py", "funcName": "<module>", "lineno": 8}
{"asctime": "2025-05-04 03:09:17,114", "levelname": "ERROR", "process": 2036, "module": "views", "message": "Payment failed", "pathname": "D:\\Django Practice\\core\\vege\\views.py", "funcName": "<module>", "lineno": 9}
{"asctime": "2025-05-04 03:09:17,114", "levelname": "CRITICAL", "process": 2036, "module": "views", "message": "Database down", "pathname": "D:\\Django Practice\\core\\vege\\views.py", "funcName": "<module>", "lineno": 10}
{"asctime": "2025-05-04 03:09:17,161", "levelname": "INFO", "process": 2036, "module": "accounts_views_imports", "message": "User logged in", "pathname": "D:\\Django Practice\\core\\accounts\\accounts_views_imports.py", "funcName": "<module>", "lineno": 37}
{"asctime": "2025-05-04 03:09:17,161", "levelname": "WARNING", "process": 2036, "module": "accounts_views_imports", "message": "API response slow", "pathname": "D:\\Django Practice\\core\\accounts\\accounts_views_imports.py", "funcName": "<module>", "lineno": 38}
{"asctime": "2025-05-04 03:09:17,161", "levelname": "ERROR", "process": 2036, "module": "accounts_views_imports", "message": "Payment failed", "pathname": "D:\\Django Practice\\core\\accounts\\accounts_views_imports.py", "funcName": "<module>", "lineno": 39}
{"asctime": "2025-05-04 03:09:17,161", "levelname": "CRITICAL", "process": 2036, "module": "accounts_views_imports", "message": "Database down", "pathname": "D:\\Django Practice\\core\\accounts\\accounts_views_imports.py", "funcName": "<module>", "lineno": 40}
{"asctime": "2025-05-04 03:09:30,782", "levelname": "INFO", "process": 14196, "module": "views", "message": "User logged in", "pathname": "D:\\Django Practice\\core\\vege\\views.py", "funcName": "<module>", "lineno": 7}
{"asctime": "2025-05-04 03:09:30,782", "levelname": "WARNING", "process": 14196, "module": "views", "message": "API response slow", "pathname": "D:\\Django Practice\\core\\vege\\views.py", "funcName": "<module>", "lineno": 8}
{"asctime": "2025-05-04 03:09:30,782", "levelname": "ERROR", "process": 14196, "module": "views", "message": "Payment failed", "pathname": "D:\\Django Practice\\core\\vege\\views.py", "funcName": "<module>", "lineno": 9}
{"asctime": "2025-05-04 03:09:30,782", "levelname": "CRITICAL", "process": 14196, "module": "views", "message": "Database down", "pathname": "D:\\Django Practice\\core\\vege\\views.py", "funcName": "<module>", "lineno": 10}
{"asctime": "2025-05-04 03:09:30,832", "levelname": "INFO", "process": 14196, "module": "accounts_views_imports", "message": "User logged in", "pathname": "D:\\Django Practice\\core\\accounts\\accounts_views_imports.py", "funcName": "<module>", "lineno": 36}
{"asctime": "2025-05-04 03:09:30,832", "levelname": "WARNING", "process": 14196, "module": "accounts_views_imports", "message": "API response slow", "pathname": "D:\\Django Practice\\core\\accounts\\accounts_views_imports.py", "funcName": "<module>", "lineno": 37}
{"asctime": "2025-05-04 03:09:30,832", "levelname": "ERROR", "process": 14196, "module": "accounts_views_imports", "message": "Payment failed", "pathname": "D:\\Django Practice\\core\\accounts\\accounts_views_imports.py", "funcName": "<module>", "lineno": 38}
{"asctime": "2025-05-04 03:09:30,832", "levelname": "CRITICAL", "process": 14196, "module": "accounts_views_imports", "message": "Database down", "pathname": "D:\\Django Practice\\core\\accounts\\accounts_views_imports.py", "funcName": "<module>", "lineno": 39}
{"asctime": "2025-05-04 03:09:39,327", "levelname": "INFO", "process": 6216, "module": "views", "message": "User logged in", "pathname": "D:\\Django Practice\\core\\vege\\views.py", "funcName": "<module>", "lineno": 7}
{"asctime": "2025-05-04 03:09:39,327", "levelname": "WARNING", "process": 6216, "module": "views", "message": "API response slow", "pathname": "D:\\Django Practice\\core\\vege\\views.py", "funcName": "<module>", "lineno": 8}
{"asctime": "2025-05-04 03:09:39,327", "levelname": "ERROR", "process": 6216, "module": "views", "message": "Payment failed", "pathname": "D:\\Django Practice\\core\\vege\\views.py", "funcName": "<module>", "lineno": 9}
{"asctime": "2025-05-04 03:09:39,327", "levelname": "CRITICAL", "process": 6216, "module": "views", "message": "Database down", "pathname": "D:\\Django Practice\\core\\vege\\views.py", "funcName": "<module>", "lineno": 10}
{"asctime": "2025-05-04 03:09:48,636", "levelname": "INFO", "process": 12440, "module": "views", "message": "User logged in", "pathname": "D:\\Django Practice\\core\\vege\\views.py", "funcName": "<module>", "lineno": 7}
{"asctime": "2025-05-04 03:09:48,638", "levelname": "WARNING", "process": 12440, "module": "views", "message": "API response slow", "pathname": "D:\\Django Practice\\core\\vege\\views.py", "funcName": "<module>", "lineno": 8}
{"asctime": "2025-05-04 03:09:48,641", "levelname": "ERROR", "process": 12440, "module": "views", "message": "Payment failed", "pathname": "D:\\Django Practice\\core\\vege\\views.py", "funcName": "<module>", "lineno": 9}
{"asctime": "2025-05-04 03:09:48,641", "levelname": "CRITICAL", "process": 12440, "module": "views", "message": "Database down", "pathname": "D:\\Django Practice\\core\\vege\\views.py", "funcName": "<module>", "lineno": 10}
{"asctime": "2025-05-04 03:09:48,679", "levelname": "INFO", "process": 12440, "module": "accounts_views_imports", "message": "User logged in", "pathname": "D:\\Django Practice\\core\\accounts\\accounts_views_imports.py", "funcName": "<module>", "lineno": 35}
{"asctime": "2025-05-04 03:09:48,679", "levelname": "WARNING", "process": 12440, "module": "accounts_views_imports", "message": "API response slow", "pathname": "D:\\Django Practice\\core\\accounts\\accounts_views_imports.py", "funcName": "<module>", "lineno": 36}
{"asctime": "2025-05-04 03:09:48,679", "levelname": "ERROR", "process": 12440, "module": "accounts_views_imports", "message": "Payment failed", "pathname": "D:\\Django Practice\\core\\accounts\\accounts_views_imports.py", "funcName": "<module>", "lineno": 37}
{"asctime": "2025-05-04 03:09:48,679", "levelname": "CRITICAL", "process": 12440, "module": "accounts_views_imports", "message": "Database down", "pathname": "D:\\Django Practice\\core\\accounts\\accounts_views_imports.py", "funcName": "<module>", "lineno": 38}
{"asctime": "2025-05-04 03:09:53,595", "levelname": "INFO", "process": 4116, "module": "views", "message": "User logged in", "pathname": "D:\\Django Practice\\core\\vege\\views.py", "funcName": "<module>", "lineno": 7}
{"asctime": "2025-05-04 03:09:53,595", "levelname": "WARNING", "process": 4116, "module": "views", "message": "API response slow", "pathname": "D:\\Django Practice\\core\\vege\\views.py", "funcName": "<module>", "lineno": 8}
{"asctime": "2025-05-04 03:09:53,595", "levelname": "ERROR", "process": 4116, "module": "views", "message": "Payment failed", "pathname": "D:\\Django Practice\\core\\vege\\views.py", "funcName": "<module>", "lineno": 9}
{"asctime": "2025-05-04 03:09:53,595", "levelname": "CRITICAL", "process": 4116, "module": "views", "message": "Database down", "pathname": "D:\\Django Practice\\core\\vege\\views.py", "funcName": "<module>", "lineno": 10}
{"asctime": "2025-05-04 03:09:53,660", "levelname": "INFO", "process": 4116, "module": "accounts_views_imports", "message": "User logged in", "pathname": "D:\\Django Practice\\core\\accounts\\accounts_views_imports.py", "funcName": "<module>", "lineno": 36}
{"asctime": "2025-05-04 03:09:53,660", "levelname": "WARNING", "process": 4116, "module": "accounts_views_imports", "message": "API response slow", "pathname": "D:\\Django Practice\\core\\accounts\\accounts_views_imports.py", "funcName": "<module>", "lineno": 37}
{"asctime": "2025-05-04 03:09:53,660", "levelname": "ERROR", "process": 4116, "module": "accounts_views_imports", "message": "Payment failed", "pathname": "D:\\Django Practice\\core\\accounts\\accounts_views_imports.py", "funcName": "<module>", "lineno": 38}
{"asctime": "2025-05-04 03:09:53,660", "levelname": "CRITICAL", "process": 4116, "module": "accounts_views_imports", "message": "Database down", "pathname": "D:\\Django Practice\\core\\accounts\\accounts_views_imports.py", "funcName": "<module>", "lineno": 39}
{"asctime": "2025-05-04 03:10:09,099", "levelname": "INFO", "process": 8060, "module": "views", "message": "User logged in", "pathname": "D:\\Django Practice\\core\\vege\\views.py", "funcName": "<module>", "lineno": 7}
{"asctime": "2025-05-04 03:10:09,102", "levelname": "WARNING", "process": 8060, "module": "views", "message": "API response slow", "pathname": "D:\\Django Practice\\core\\vege\\views.py", "funcName": "<module>", "lineno": 8}
{"asctime": "2025-05-04 03:10:09,103", "levelname": "ERROR", "process": 8060, "module": "views", "message": "Payment failed", "pathname": "D:\\Django Practice\\core\\vege\\views.py", "funcName": "<module>", "lineno": 9}
{"asctime": "2025-05-04 03:10:09,104", "levelname": "CRITICAL", "process": 8060, "module": "views", "message": "Database down", "pathname": "D:\\Django Practice\\core\\vege\\views.py", "funcName": "<module>", "lineno": 10}
{"asctime": "2025-05-04 03:10:09,190", "levelname": "INFO", "process": 8060, "module": "accounts_views_imports", "message": "User logged in", "pathname": "D:\\Django Practice\\core\\accounts\\accounts_views_imports.py", "funcName": "<module>", "lineno": 36}
{"asctime": "2025-05-04 03:10:09,191", "levelname": "WARNING", "process": 8060, "module": "accounts_views_imports", "message": "API response slow", "pathname": "D:\\Django Practice\\core\\accounts\\accounts_views_imports.py", "funcName": "<module>", "lineno": 37}
{"asctime": "2025-05-04 03:10:09,193", "levelname": "ERROR", "process": 8060, "module": "accounts_views_imports", "message": "Payment failed", "pathname": "D:\\Django Practice\\core\\accounts\\accounts_views_imports.py", "funcName": "<module>", "lineno": 38}
{"asctime": "2025-05-04 03:10:09,194", "levelname": "CRITICAL", "process": 8060, "module": "accounts_views_imports", "message": "Database down", "pathname": "D:\\Django Practice\\core\\accounts\\accounts_views_imports.py", "funcName": "<module>", "lineno": 39}
{"asctime": "2025-05-04 03:10:22,049", "levelname": "INFO", "process": 9988, "module": "views", "message": "User logged in", "pathname": "D:\\Django Practice\\core\\vege\\views.py", "funcName": "<module>", "lineno": 7}
{"asctime": "2025-05-04 03:10:22,049", "levelname": "WARNING", "process": 9988, "module": "views", "message": "API response slow", "pathname": "D:\\Django Practice\\core\\vege\\views.py", "funcName": "<module>", "lineno": 8}
{"asctime": "2025-05-04 03:10:22,049", "levelname": "ERROR", "process": 9988, "module": "views", "message": "Payment failed", "pathname": "D:\\Django Practice\\core\\vege\\views.py", "funcName": "<module>", "lineno": 9}
{"asctime": "2025-05-04 03:10:22,049", "levelname": "CRITICAL", "process": 9988, "module": "views", "message": "Database down", "pathname": "D:\\Django Practice\\core\\vege\\views.py", "funcName": "<module>", "lineno": 10}
{"asctime": "2025-05-04 03:10:22,102", "levelname": "INFO", "process": 9988, "module": "accounts_views_imports", "message": "User logged in", "pathname": "D:\\Django Practice\\core\\accounts\\accounts_views_imports.py", "funcName": "<module>", "lineno": 35}
{"asctime": "2025-05-04 03:10:22,105", "levelname": "WARNING", "process": 9988, "module": "accounts_views_imports", "message": "API response slow", "pathname": "D:\\Django Practice\\core\\accounts\\accounts_views_imports.py", "funcName": "<module>", "lineno": 36}
{"asctime": "2025-05-04 03:10:22,105", "levelname": "ERROR", "process": 9988, "module": "accounts_views_imports", "message": "Payment failed", "pathname": "D:\\Django Practice\\core\\accounts\\accounts_views_imports.py", "funcName": "<module>", "lineno": 37}
{"asctime": "2025-05-04 03:10:22,106", "levelname": "CRITICAL", "process": 9988, "module": "accounts_views_imports", "message": "Database down", "pathname": "D:\\Django Practice\\core\\accounts\\accounts_views_imports.py", "funcName": "<module>", "lineno": 38}
{"asctime": "2025-05-04 03:10:41,498", "levelname": "INFO", "process": 4588, "module": "views", "message": "User logged in", "pathname": "D:\\Django Practice\\core\\vege\\views.py", "funcName": "<module>", "lineno": 7}
{"asctime": "2025-05-04 03:10:41,498", "levelname": "WARNING", "process": 4588, "module": "views", "message": "API response slow", "pathname": "D:\\Django Practice\\core\\vege\\views.py", "funcName": "<module>", "lineno": 8}
{"asctime": "2025-05-04 03:10:41,498", "levelname": "ERROR", "process": 4588, "module": "views", "message": "Payment failed", "pathname": "D:\\Django Practice\\core\\vege\\views.py", "funcName": "<module>", "lineno": 9}
{"asctime": "2025-05-04 03:10:41,498", "levelname": "CRITICAL", "process": 4588, "module": "views", "message": "Database down", "pathname": "D:\\Django Practice\\core\\vege\\views.py", "funcName": "<module>", "lineno": 10}
{"asctime": "2025-05-04 03:10:51,452", "levelname": "INFO", "process": 12972, "module": "views", "message": "User logged in", "pathname": "D:\\Django Practice\\core\\vege\\views.py", "funcName": "<module>", "lineno": 7}
{"asctime": "2025-05-04 03:10:51,453", "levelname": "WARNING", "process": 12972, "module": "views", "message": "API response slow", "pathname": "D:\\Django Practice\\core\\vege\\views.py", "funcName": "<module>", "lineno": 8}
{"asctime": "2025-05-04 03:10:51,456", "levelname": "ERROR", "process": 12972, "module": "views", "message": "Payment failed", "pathname": "D:\\Django Practice\\core\\vege\\views.py", "funcName": "<module>", "lineno": 9}
{"asctime": "2025-05-04 03:10:51,456", "levelname": "CRITICAL", "process": 12972, "module": "views", "message": "Database down", "pathname": "D:\\Django Practice\\core\\vege\\views.py", "funcName": "<module>", "lineno": 10}
{"asctime": "2025-05-04 03:10:51,481", "levelname": "INFO", "process": 12972, "module": "accounts_views_imports", "message": "User logged in", "pathname": "D:\\Django Practice\\core\\accounts\\accounts_views_imports.py", "funcName": "<module>", "lineno": 35}
{"asctime": "2025-05-04 03:10:51,483", "levelname": "WARNING", "process": 12972, "module": "accounts_views_imports", "message": "API response slow", "pathname": "D:\\Django Practice\\core\\accounts\\accounts_views_imports.py", "funcName": "<module>", "lineno": 36}
{"asctime": "2025-05-04 03:10:51,485", "levelname": "ERROR", "process": 12972, "module": "accounts_views_imports", "message": "Payment failed", "pathname": "D:\\Django Practice\\core\\accounts\\accounts_views_imports.py", "funcName": "<module>", "lineno": 37}
{"asctime": "2025-05-04 03:10:51,486", "levelname": "CRITICAL", "process": 12972, "module": "accounts_views_imports", "message": "Database down", "pathname": "D:\\Django Practice\\core\\accounts\\accounts_views_imports.py", "funcName": "<module>", "lineno": 38}
{"asctime": "2025-05-04 03:11:04,493", "levelname": "INFO", "process": 13564, "module": "views", "message": "User logged in", "pathname": "D:\\Django Practice\\core\\vege\\views.py", "funcName": "<module>", "lineno": 7}
{"asctime": "2025-05-04 03:11:04,493", "levelname": "WARNING", "process": 13564, "module": "views", "message": "API response slow", "pathname": "D:\\Django Practice\\core\\vege\\views.py", "funcName": "<module>", "lineno": 8}
{"asctime": "2025-05-04 03:11:04,493", "levelname": "ERROR", "process": 13564, "module": "views", "message": "Payment failed", "pathname": "D:\\Django Practice\\core\\vege\\views.py", "funcName": "<module>", "lineno": 9}
{"asctime": "2025-05-04 03:11:04,509", "levelname": "CRITICAL", "process": 13564, "module": "views", "message": "Database down", "pathname": "D:\\Django Practice\\core\\vege\\views.py", "funcName": "<module>", "lineno": 10}
{"asctime": "2025-05-04 03:11:04,525", "levelname": "INFO", "process": 13564, "module": "accounts_views_imports", "message": "User logged in", "pathname": "D:\\Django Practice\\core\\accounts\\accounts_views_imports.py", "funcName": "<module>", "lineno": 35}
{"asctime": "2025-05-04 03:11:04,525", "levelname": "WARNING", "process": 13564, "module": "accounts_views_imports", "message": "API response slow", "pathname": "D:\\Django Practice\\core\\accounts\\accounts_views_imports.py", "funcName": "<module>", "lineno": 36}
{"asctime": "2025-05-04 03:11:04,525", "levelname": "ERROR", "process": 13564, "module": "accounts_views_imports", "message": "Payment failed", "pathname": "D:\\Django Practice\\core\\accounts\\accounts_views_imports.py", "funcName": "<module>", "lineno": 37}
{"asctime": "2025-05-04 03:11:04,525", "levelname": "CRITICAL", "process": 13564, "module": "accounts_views_imports", "message": "Database down", "pathname": "D:\\Django Practice\\core\\accounts\\accounts_views_imports.py", "funcName": "<module>", "lineno": 38}
{"asctime": "2025-05-04 03:11:08,575", "levelname": "INFO", "process": 14036, "module": "views", "message": "User logged in", "pathname": "D:\\Django Practice\\core\\vege\\views.py", "funcName": "<module>", "lineno": 7}
{"asctime": "2025-05-04 03:11:08,578", "levelname": "WARNING", "process": 14036, "module": "views", "message": "API response slow", "pathname": "D:\\Django Practice\\core\\vege\\views.py", "funcName": "<module>", "lineno": 8}
{"asctime": "2025-05-04 03:11:08,578", "levelname": "ERROR", "process": 14036, "module": "views", "message": "Payment failed", "pathname": "D:\\Django Practice\\core\\vege\\views.py", "funcName": "<module>", "lineno": 9}
{"asctime": "2025-05-04 03:11:08,578", "levelname": "CRITICAL", "process": 14036, "module": "views", "message": "Database down", "pathname": "D:\\Django Practice\\core\\vege\\views.py", "funcName": "<module>", "lineno": 10}
{"asctime": "2025-05-04 03:11:08,604", "levelname": "INFO", "process": 14036, "module": "accounts_views_imports", "message": "User logged in", "pathname": "D:\\Django Practice\\core\\accounts\\accounts_views_imports.py", "funcName": "<module>", "lineno": 35}
{"asctime": "2025-05-04 03:11:08,605", "levelname": "WARNING", "process": 14036, "module": "accounts_views_imports", "message": "API response slow", "pathname": "D:\\Django Practice\\core\\accounts\\accounts_views_imports.py", "funcName": "<module>", "lineno": 36}
{"asctime": "2025-05-04 03:11:08,607", "levelname": "ERROR", "process": 14036, "module": "accounts_views_imports", "message": "Payment failed", "pathname": "D:\\Django Practice\\core\\accounts\\accounts_views_imports.py", "funcName": "<module>", "lineno": 37}
{"asctime": "2025-05-04 03:11:08,610", "levelname": "CRITICAL", "process": 14036, "module": "accounts_views_imports", "message": "Database down", "pathname": "D:\\Django Practice\\core\\accounts\\accounts_views_imports.py", "funcName": "<module>", "lineno": 38}
{"asctime": "2025-05-04 03:11:13,037", "levelname": "INFO", "process": 3488, "module": "views", "message": "User logged in", "pathname": "D:\\Django Practice\\core\\vege\\views.py", "funcName": "<module>", "lineno": 7}
{"asctime": "2025-05-04 03:11:13,037", "levelname": "WARNING", "process": 3488, "module": "views", "message": "API response slow", "pathname": "D:\\Django Practice\\core\\vege\\views.py", "funcName": "<module>", "lineno": 8}
{"asctime": "2025-05-04 03:11:13,037", "levelname": "ERROR", "process": 3488, "module": "views", "message": "Payment failed", "pathname": "D:\\Django Practice\\core\\vege\\views.py", "funcName": "<module>", "lineno": 9}
{"asctime": "2025-05-04 03:11:13,037", "levelname": "CRITICAL", "process": 3488, "module": "views", "message": "Database down", "pathname": "D:\\Django Practice\\core\\vege\\views.py", "funcName": "<module>", "lineno": 10}
{"asctime": "2025-05-04 03:11:13,108", "levelname": "INFO", "process": 3488, "module": "accounts_views_imports", "message": "User logged in", "pathname": "D:\\Django Practice\\core\\accounts\\accounts_views_imports.py", "funcName": "<module>", "lineno": 36}
{"asctime": "2025-05-04 03:11:13,108", "levelname": "WARNING", "process": 3488, "module": "accounts_views_imports", "message": "API response slow", "pathname": "D:\\Django Practice\\core\\accounts\\accounts_views_imports.py", "funcName": "<module>", "lineno": 37}
{"asctime": "2025-05-04 03:11:13,108", "levelname": "ERROR", "process": 3488, "module": "accounts_views_imports", "message": "Payment failed", "pathname": "D:\\Django Practice\\core\\accounts\\accounts_views_imports.py", "funcName": "<module>", "lineno": 38}
{"asctime": "2025-05-04 03:11:13,108", "levelname": "CRITICAL", "process": 3488, "module": "accounts_views_imports", "message": "Database down", "pathname": "D:\\Django Practice\\core\\accounts\\accounts_views_imports.py", "funcName": "<module>", "lineno": 39}
{"asctime": "2025-05-04 03:11:41,000", "levelname": "INFO", "process": 4720, "module": "views", "message": "User logged in", "pathname": "D:\\Django Practice\\core\\vege\\views.py", "funcName": "<module>", "lineno": 7}
{"asctime": "2025-05-04 03:11:41,000", "levelname": "WARNING", "process": 4720, "module": "views", "message": "API response slow", "pathname": "D:\\Django Practice\\core\\vege\\views.py", "funcName": "<module>", "lineno": 8}
{"asctime": "2025-05-04 03:11:41,009", "levelname": "ERROR", "process": 4720, "module": "views", "message": "Payment failed", "pathname": "D:\\Django Practice\\core\\vege\\views.py", "funcName": "<module>", "lineno": 9}
{"asctime": "2025-05-04 03:11:41,009", "levelname": "CRITICAL", "process": 4720, "module": "views", "message": "Database down", "pathname": "D:\\Django Practice\\core\\vege\\views.py", "funcName": "<module>", "lineno": 10}
{"asctime": "2025-05-04 03:11:41,065", "levelname": "INFO", "process": 4720, "module": "accounts_views_imports", "message": "User logged in", "pathname": "D:\\Django Practice\\core\\accounts\\accounts_views_imports.py", "funcName": "<module>", "lineno": 37}
{"asctime": "2025-05-04 03:11:41,070", "levelname": "WARNING", "process": 4720, "module": "accounts_views_imports", "message": "API response slow", "pathname": "D:\\Django Practice\\core\\accounts\\accounts_views_imports.py", "funcName": "<module>", "lineno": 38}
{"asctime": "2025-05-04 03:11:41,070", "levelname": "ERROR", "process": 4720, "module": "accounts_views_imports", "message": "Payment failed", "pathname": "D:\\Django Practice\\core\\accounts\\accounts_views_imports.py", "funcName": "<module>", "lineno": 39}
{"asctime": "2025-05-04 03:11:41,070", "levelname": "CRITICAL", "process": 4720, "module": "accounts_views_imports", "message": "Database down", "pathname": "D:\\Django Practice\\core\\accounts\\accounts_views_imports.py", "funcName": "<module>", "lineno": 40}
{"asctime": "2025-05-04 03:11:47,860", "levelname": "INFO", "process": 5880, "module": "views", "message": "User logged in", "pathname": "D:\\Django Practice\\core\\vege\\views.py", "funcName": "<module>", "lineno": 7}
{"asctime": "2025-05-04 03:11:47,860", "levelname": "WARNING", "process": 5880, "module": "views", "message": "API response slow", "pathname": "D:\\Django Practice\\core\\vege\\views.py", "funcName": "<module>", "lineno": 8}
{"asctime": "2025-05-04 03:11:47,860", "levelname": "ERROR", "process": 5880, "module": "views", "message": "Payment failed", "pathname": "D:\\Django Practice\\core\\vege\\views.py", "funcName": "<module>", "lineno": 9}
{"asctime": "2025-05-04 03:11:47,866", "levelname": "CRITICAL", "process": 5880, "module": "views", "message": "Database down", "pathname": "D:\\Django Practice\\core\\vege\\views.py", "funcName": "<module>", "lineno": 10}
{"asctime": "2025-05-04 03:11:47,900", "levelname": "INFO", "process": 5880, "module": "accounts_views_imports", "message": "User logged in", "pathname": "D:\\Django Practice\\core\\accounts\\accounts_views_imports.py", "funcName": "<module>", "lineno": 39}
{"asctime": "2025-05-04 03:11:47,900", "levelname": "WARNING", "process": 5880, "module": "accounts_views_imports", "message": "API response slow", "pathname": "D:\\Django Practice\\core\\accounts\\accounts_views_imports.py", "funcName": "<module>", "lineno": 40}
{"asctime": "2025-05-04 03:11:47,900", "levelname": "ERROR", "process": 5880, "module": "accounts_views_imports", "message": "Payment failed", "pathname": "D:\\Django Practice\\core\\accounts\\accounts_views_imports.py", "funcName": "<module>", "lineno": 41}
{"asctime": "2025-05-04 03:11:47,900", "levelname": "CRITICAL", "process": 5880, "module": "accounts_views_imports", "message": "Database down", "pathname": "D:\\Django Practice\\core\\accounts\\accounts_views_imports.py", "funcName": "<module>", "lineno": 42}
{"asctime": "2025-05-04 03:12:06,327", "levelname": "INFO", "process": 12572, "module": "views", "message": "User logged in", "pathname": "D:\\Django Practice\\core\\vege\\views.py", "funcName": "<module>", "lineno": 7}
{"asctime": "2025-05-04 03:12:06,330", "levelname": "WARNING", "process": 12572, "module": "views", "message": "API response slow", "pathname": "D:\\Django Practice\\core\\vege\\views.py", "funcName": "<module>", "lineno": 8}
{"asctime": "2025-05-04 03:12:06,330", "levelname": "ERROR", "process": 12572, "module": "views", "message": "Payment failed", "pathname": "D:\\Django Practice\\core\\vege\\views.py", "funcName": "<module>", "lineno": 9}
{"asctime": "2025-05-04 03:12:06,330", "levelname": "CRITICAL", "process": 12572, "module": "views", "message": "Database down", "pathname": "D:\\Django Practice\\core\\vege\\views.py", "funcName": "<module>", "lineno": 10}
{"asctime": "2025-05-04 03:12:06,360", "levelname": "INFO", "process": 12572, "module": "accounts_views_imports", "message": "User logged in", "pathname": "D:\\Django Practice\\core\\accounts\\accounts_views_imports.py", "funcName": "<module>", "lineno": 39}
{"asctime": "2025-05-04 03:12:06,360", "levelname": "WARNING", "process": 12572, "module": "accounts_views_imports", "message": "API response slow", "pathname": "D:\\Django Practice\\core\\accounts\\accounts_views_imports.py", "funcName": "<module>", "lineno": 40}
{"asctime": "2025-05-04 03:12:06,369", "levelname": "ERROR", "process": 12572, "module": "accounts_views_imports", "message": "Payment failed", "pathname": "D:\\Django Practice\\core\\accounts\\accounts_views_imports.py", "funcName": "<module>", "lineno": 41}
{"asctime": "2025-05-04 03:12:06,369", "levelname": "CRITICAL", "process": 12572, "module": "accounts_views_imports", "message": "Database down", "pathname": "D:\\Django Practice\\core\\accounts\\accounts_views_imports.py", "funcName": "<module>", "lineno": 42}
{"asctime": "2025-05-04 03:12:14,213", "levelname": "INFO", "process": 8396, "module": "views", "message": "User logged in", "pathname": "D:\\Django Practice\\core\\vege\\views.py", "funcName": "<module>", "lineno": 7}
{"asctime": "2025-05-04 03:12:14,215", "levelname": "WARNING", "process": 8396, "module": "views", "message": "API response slow", "pathname": "D:\\Django Practice\\core\\vege\\views.py", "funcName": "<module>", "lineno": 8}
{"asctime": "2025-05-04 03:12:14,216", "levelname": "ERROR", "process": 8396, "module": "views", "message": "Payment failed", "pathname": "D:\\Django Practice\\core\\vege\\views.py", "funcName": "<module>", "lineno": 9}
{"asctime": "2025-05-04 03:12:14,217", "levelname": "CRITICAL", "process": 8396, "module": "views", "message": "Database down", "pathname": "D:\\Django Practice\\core\\vege\\views.py", "funcName": "<module>", "lineno": 10}
{"asctime": "2025-05-04 03:12:14,262", "levelname": "INFO", "process": 8396, "module": "accounts_views_imports", "message": "User logged in", "pathname": "D:\\Django Practice\\core\\accounts\\accounts_views_imports.py", "funcName": "<module>", "lineno": 38}
{"asctime": "2025-05-04 03:12:14,263", "levelname": "WARNING", "process": 8396, "module": "accounts_views_imports", "message": "API response slow", "pathname": "D:\\Django Practice\\core\\accounts\\accounts_views_imports.py", "funcName": "<module>", "lineno": 39}
{"asctime": "2025-05-04 03:12:14,264", "levelname": "ERROR", "process": 8396, "module": "accounts_views_imports", "message": "Payment failed", "pathname": "D:\\Django Practice\\core\\accounts\\accounts_views_imports.py", "funcName": "<module>", "lineno": 40}
{"asctime": "2025-05-04 03:12:14,265", "levelname": "CRITICAL", "process": 8396, "module": "accounts_views_imports", "message": "Database down", "pathname": "D:\\Django Practice\\core\\accounts\\accounts_views_imports.py", "funcName": "<module>", "lineno": 41}
{"asctime": "2025-05-04 03:12:20,022", "levelname": "INFO", "process": 13796, "module": "views", "message": "User logged in", "pathname": "D:\\Django Practice\\core\\vege\\views.py", "funcName": "<module>", "lineno": 7}
{"asctime": "2025-05-04 03:12:20,024", "levelname": "WARNING", "process": 13796, "module": "views", "message": "API response slow", "pathname": "D:\\Django Practice\\core\\vege\\views.py", "funcName": "<module>", "lineno": 8}
{"asctime": "2025-05-04 03:12:20,025", "levelname": "ERROR", "process": 13796, "module": "views", "message": "Payment failed", "pathname": "D:\\Django Practice\\core\\vege\\views.py", "funcName": "<module>", "lineno": 9}
{"asctime": "2025-05-04 03:12:20,027", "levelname": "CRITICAL", "process": 13796, "module": "views", "message": "Database down", "pathname": "D:\\Django Practice\\core\\vege\\views.py", "funcName": "<module>", "lineno": 10}
{"asctime": "2025-05-04 03:12:20,069", "levelname": "INFO", "process": 13796, "module": "accounts_views_imports", "message": "User logged in", "pathname": "D:\\Django Practice\\core\\accounts\\accounts_views_imports.py", "funcName": "<module>", "lineno": 38}
{"asctime": "2025-05-04 03:12:20,069", "levelname": "WARNING", "process": 13796, "module": "accounts_views_imports", "message": "API response slow", "pathname": "D:\\Django Practice\\core\\accounts\\accounts_views_imports.py", "funcName": "<module>", "lineno": 39}
{"asctime": "2025-05-04 03:12:20,069", "levelname": "ERROR", "process": 13796, "module": "accounts_views_imports", "message": "Payment failed", "pathname": "D:\\Django Practice\\core\\accounts\\accounts_views_imports.py", "funcName": "<module>", "lineno": 40}
{"asctime": "2025-05-04 03:12:20,076", "levelname": "CRITICAL", "process": 13796, "module": "accounts_views_imports", "message": "Database down", "pathname": "D:\\Django Practice\\core\\accounts\\accounts_views_imports.py", "funcName": "<module>", "lineno": 41}
{"asctime": "2025-05-04 03:12:28,616", "levelname": "INFO", "process": 13232, "module": "views", "message": "User logged in", "pathname": "D:\\Django Practice\\core\\vege\\views.py", "funcName": "<module>", "lineno": 7}
{"asctime": "2025-05-04 03:12:28,618", "levelname": "WARNING", "process": 13232, "module": "views", "message": "API response slow", "pathname": "D:\\Django Practice\\core\\vege\\views.py", "funcName": "<module>", "lineno": 8}
{"asctime": "2025-05-04 03:12:28,620", "levelname": "ERROR", "process": 13232, "module": "views", "message": "Payment failed", "pathname": "D:\\Django Practice\\core\\vege\\views.py", "funcName": "<module>", "lineno": 9}
{"asctime": "2025-05-04 03:12:28,623", "levelname": "CRITICAL", "process": 13232, "module": "views", "message": "Database down", "pathname": "D:\\Django Practice\\core\\vege\\views.py", "funcName": "<module>", "lineno": 10}
{"asctime": "2025-05-04 03:12:44,485", "levelname": "INFO", "process": 1956, "module": "views", "message": "User logged in", "pathname": "D:\\Django Practice\\core\\vege\\views.py", "funcName": "<module>", "lineno": 7}
{"asctime": "2025-05-04 03:12:44,488", "levelname": "WARNING", "process": 1956, "module": "views", "message": "API response slow", "pathname": "D:\\Django Practice\\core\\vege\\views.py", "funcName": "<module>", "lineno": 8}
{"asctime": "2025-05-04 03:12:44,489", "levelname": "ERROR", "process": 1956, "module": "views", "message": "Payment failed", "pathname": "D:\\Django Practice\\core\\vege\\views.py", "funcName": "<module>", "lineno": 9}
{"asctime": "2025-05-04 03:12:44,492", "levelname": "CRITICAL", "process": 1956, "module": "views", "message": "Database down", "pathname": "D:\\Django Practice\\core\\vege\\views.py", "funcName": "<module>", "lineno": 10}
{"asctime": "2025-05-04 03:13:06,499", "levelname": "INFO", "process": 268, "module": "views", "message": "User logged in", "pathname": "D:\\Django Practice\\core\\vege\\views.py", "funcName": "<module>", "lineno": 7}
{"asctime": "2025-05-04 03:13:06,499", "levelname": "WARNING", "process": 268, "module": "views", "message": "API response slow", "pathname": "D:\\Django Practice\\core\\vege\\views.py", "funcName": "<module>", "lineno": 8}
{"asctime": "2025-05-04 03:13:06,499", "levelname": "ERROR", "process": 268, "module": "views", "message": "Payment failed", "pathname": "D:\\Django Practice\\core\\vege\\views.py", "funcName": "<module>", "lineno": 9}
{"asctime": "2025-05-04 03:13:06,499", "levelname": "CRITICAL", "process": 268, "module": "views", "message": "Database down", "pathname": "D:\\Django Practice\\core\\vege\\views.py", "funcName": "<module>", "lineno": 10}
{"asctime": "2025-05-04 03:13:13,029", "levelname": "INFO", "process": 2644, "module": "views", "message": "User logged in", "pathname": "D:\\Django Practice\\core\\vege\\views.py", "funcName": "<module>", "lineno": 7}
{"asctime": "2025-05-04 03:13:13,029", "levelname": "WARNING", "process": 2644, "module": "views", "message": "API response slow", "pathname": "D:\\Django Practice\\core\\vege\\views.py", "funcName": "<module>", "lineno": 8}
{"asctime": "2025-05-04 03:13:13,039", "levelname": "ERROR", "process": 2644, "module": "views", "message": "Payment failed", "pathname": "D:\\Django Practice\\core\\vege\\views.py", "funcName": "<module>", "lineno": 9}
{"asctime": "2025-05-04 03:13:13,039", "levelname": "CRITICAL", "process": 2644, "module": "views", "message": "Database down", "pathname": "D:\\Django Practice\\core\\vege\\views.py", "funcName": "<module>", "lineno": 10}
{"asctime": "2025-05-04 03:13:20,049", "levelname": "INFO", "process": 12608, "module": "views", "message": "User logged in", "pathname": "D:\\Django Practice\\core\\vege\\views.py", "funcName": "<module>", "lineno": 7}
{"asctime": "2025-05-04 03:13:20,049", "levelname": "WARNING", "process": 12608, "module": "views", "message": "API response slow", "pathname": "D:\\Django Practice\\core\\vege\\views.py", "funcName": "<module>", "lineno": 8}
{"asctime": "2025-05-04 03:13:20,049", "levelname": "ERROR", "process": 12608, "module": "views", "message": "Payment failed", "pathname": "D:\\Django Practice\\core\\vege\\views.py", "funcName": "<module>", "lineno": 9}
{"asctime": "2025-05-04 03:13:20,049", "levelname": "CRITICAL", "process": 12608, "module": "views", "message": "Database down", "pathname": "D:\\Django Practice\\core\\vege\\views.py", "funcName": "<module>", "lineno": 10}
{"asctime": "2025-05-04 03:13:26,410", "levelname": "INFO", "process": 14248, "module": "views", "message": "User logged in", "pathname": "D:\\Django Practice\\core\\vege\\views.py", "funcName": "<module>", "lineno": 7}
{"asctime": "2025-05-04 03:13:26,419", "levelname": "WARNING", "process": 14248, "module": "views", "message": "API response slow", "pathname": "D:\\Django Practice\\core\\vege\\views.py", "funcName": "<module>", "lineno": 8}
{"asctime": "2025-05-04 03:13:26,419", "levelname": "ERROR", "process": 14248, "module": "views", "message": "Payment failed", "pathname": "D:\\Django Practice\\core\\vege\\views.py", "funcName": "<module>", "lineno": 9}
{"asctime": "2025-05-04 03:13:26,419", "levelname": "CRITICAL", "process": 14248, "module": "views", "message": "Database down", "pathname": "D:\\Django Practice\\core\\vege\\views.py", "funcName": "<module>", "lineno": 10}
{"asctime": "2025-05-04 03:13:38,540", "levelname": "INFO", "process": 15304, "module": "views", "message": "User logged in", "pathname": "D:\\Django Practice\\core\\vege\\views.py", "funcName": "<module>", "lineno": 7}
{"asctime": "2025-05-04 03:13:38,549", "levelname": "WARNING", "process": 15304, "module": "views", "message": "API response slow", "pathname": "D:\\Django Practice\\core\\vege\\views.py", "funcName": "<module>", "lineno": 8}
{"asctime": "2025-05-04 03:13:38,549", "levelname": "ERROR", "process": 15304, "module": "views", "message": "Payment failed", "pathname": "D:\\Django Practice\\core\\vege\\views.py", "funcName": "<module>", "lineno": 9}
{"asctime": "2025-05-04 03:13:38,549", "levelname": "CRITICAL", "process": 15304, "module": "views", "message": "Database down", "pathname": "D:\\Django Practice\\core\\vege\\views.py", "funcName": "<module>", "lineno": 10}
{"asctime": "2025-05-04 03:13:55,170", "levelname": "INFO", "process": 2452, "module": "views", "message": "User logged in", "pathname": "D:\\Django Practice\\core\\vege\\views.py", "funcName": "<module>", "lineno": 7}
{"asctime": "2025-05-04 03:13:55,170", "levelname": "WARNING", "process": 2452, "module": "views", "message": "API response slow", "pathname": "D:\\Django Practice\\core\\vege\\views.py", "funcName": "<module>", "lineno": 8}
{"asctime": "2025-05-04 03:13:55,170", "levelname": "ERROR", "process": 2452, "module": "views", "message": "Payment failed", "pathname": "D:\\Django Practice\\core\\vege\\views.py", "funcName": "<module>", "lineno": 9}
{"asctime": "2025-05-04 03:13:55,170", "levelname": "CRITICAL", "process": 2452, "module": "views", "message": "Database down", "pathname": "D:\\Django Practice\\core\\vege\\views.py", "funcName": "<module>", "lineno": 10}
{"asctime": "2025-05-04 03:14:07,109", "levelname": "INFO", "process": 13316, "module": "views", "message": "User logged in", "pathname": "D:\\Django Practice\\core\\vege\\views.py", "funcName": "<module>", "lineno": 7}
{"asctime": "2025-05-04 03:14:07,111", "levelname": "WARNING", "process": 13316, "module": "views", "message": "API response slow", "pathname": "D:\\Django Practice\\core\\vege\\views.py", "funcName": "<module>", "lineno": 8}
{"asctime": "2025-05-04 03:14:07,114", "levelname": "ERROR", "process": 13316, "module": "views", "message": "Payment failed", "pathname": "D:\\Django Practice\\core\\vege\\views.py", "funcName": "<module>", "lineno": 9}
{"asctime": "2025-05-04 03:14:07,115", "levelname": "CRITICAL", "process": 13316, "module": "views", "message": "Database down", "pathname": "D:\\Django Practice\\core\\vege\\views.py", "funcName": "<module>", "lineno": 10}
{"asctime": "2025-05-04 03:14:33,199", "levelname": "INFO", "process": 7052, "module": "views", "message": "User logged in", "pathname": "D:\\Django Practice\\core\\vege\\views.py", "funcName": "<module>", "lineno": 7}
{"asctime": "2025-05-04 03:14:33,199", "levelname": "WARNING", "process": 7052, "module": "views", "message": "API response slow", "pathname": "D:\\Django Practice\\core\\vege\\views.py", "funcName": "<module>", "lineno": 8}
{"asctime": "2025-05-04 03:14:33,199", "levelname": "ERROR", "process": 7052, "module": "views", "message": "Payment failed", "pathname": "D:\\Django Practice\\core\\vege\\views.py", "funcName": "<module>", "lineno": 9}
{"asctime": "2025-05-04 03:14:33,199", "levelname": "CRITICAL", "process": 7052, "module": "views", "message": "Database down", "pathname": "D:\\Django Practice\\core\\vege\\views.py", "funcName": "<module>", "lineno": 10}
{"asctime": "2025-05-04 03:14:38,129", "levelname": "INFO", "process": 11440, "module": "views", "message": "User logged in", "pathname": "D:\\Django Practice\\core\\vege\\views.py", "funcName": "<module>", "lineno": 7}
{"asctime": "2025-05-04 03:14:38,129", "levelname": "WARNING", "process": 11440, "module": "views", "message": "API response slow", "pathname": "D:\\Django Practice\\core\\vege\\views.py", "funcName": "<module>", "lineno": 8}
{"asctime": "2025-05-04 03:14:38,129", "levelname": "ERROR", "process": 11440, "module": "views", "message": "Payment failed", "pathname": "D:\\Django Practice\\core\\vege\\views.py", "funcName": "<module>", "lineno": 9}
{"asctime": "2025-05-04 03:14:38,129", "levelname": "CRITICAL", "process": 11440, "module": "views", "message": "Database down", "pathname": "D:\\Django Practice\\core\\vege\\views.py", "funcName": "<module>", "lineno": 10}
{"asctime": "2025-05-04 03:14:42,159", "levelname": "INFO", "process": 14828, "module": "views", "message": "User logged in", "pathname": "D:\\Django Practice\\core\\vege\\views.py", "funcName": "<module>", "lineno": 7}
{"asctime": "2025-05-04 03:14:42,160", "levelname": "WARNING", "process": 14828, "module": "views", "message": "API response slow", "pathname": "D:\\Django Practice\\core\\vege\\views.py", "funcName": "<module>", "lineno": 8}
{"asctime": "2025-05-04 03:14:42,160", "levelname": "ERROR", "process": 14828, "module": "views", "message": "Payment failed", "pathname": "D:\\Django Practice\\core\\vege\\views.py", "funcName": "<module>", "lineno": 9}
{"asctime": "2025-05-04 03:14:42,160", "levelname": "CRITICAL", "process": 14828, "module": "views", "message": "Database down", "pathname": "D:\\Django Practice\\core\\vege\\views.py", "funcName": "<module>", "lineno": 10}
{"asctime": "2025-05-04 03:14:45,849", "levelname": "INFO", "process": 11892, "module": "views", "message": "User logged in", "pathname": "D:\\Django Practice\\core\\vege\\views.py", "funcName": "<module>", "lineno": 7}
{"asctime": "2025-05-04 03:14:45,859", "levelname": "WARNING", "process": 11892, "module": "views", "message": "API response slow", "pathname": "D:\\Django Practice\\core\\vege\\views.py", "funcName": "<module>", "lineno": 8}
{"asctime": "2025-05-04 03:14:45,859", "levelname": "ERROR", "process": 11892, "module": "views", "message": "Payment failed", "pathname": "D:\\Django Practice\\core\\vege\\views.py", "funcName": "<module>", "lineno": 9}
{"asctime": "2025-05-04 03:14:45,864", "levelname": "CRITICAL", "process": 11892, "module": "views", "message": "Database down", "pathname": "D:\\Django Practice\\core\\vege\\views.py", "funcName": "<module>", "lineno": 10}
{"asctime": "2025-05-04 03:14:50,089", "levelname": "INFO", "process": 3676, "module": "views", "message": "User logged in", "pathname": "D:\\Django Practice\\core\\vege\\views.py", "funcName": "<module>", "lineno": 7}
{"asctime": "2025-05-04 03:14:50,090", "levelname": "WARNING", "process": 3676, "module": "views", "message": "API response slow", "pathname": "D:\\Django Practice\\core\\vege\\views.py", "funcName": "<module>", "lineno": 8}
{"asctime": "2025-05-04 03:14:50,090", "levelname": "ERROR", "process": 3676, "module": "views", "message": "Payment failed", "pathname": "D:\\Django Practice\\core\\vege\\views.py", "funcName": "<module>", "lineno": 9}
{"asctime": "2025-05-04 03:14:50,090", "levelname": "CRITICAL", "process": 3676, "module": "views", "message": "Database down", "pathname": "D:\\Django Practice\\core\\vege\\views.py", "funcName": "<module>", "lineno": 10}
{"asctime": "2025-05-04 03:15:33,749", "levelname": "INFO", "process": 7240, "module": "views", "message": "User logged in", "pathname": "D:\\Django Practice\\core\\vege\\views.py", "funcName": "<module>", "lineno": 7}
{"asctime": "2025-05-04 03:15:33,749", "levelname": "WARNING", "process": 7240, "module": "views", "message": "API response slow", "pathname": "D:\\Django Practice\\core\\vege\\views.py", "funcName": "<module>", "lineno": 8}
{"asctime": "2025-05-04 03:15:33,759", "levelname": "ERROR", "process": 7240, "module": "views", "message": "Payment failed", "pathname": "D:\\Django Practice\\core\\vege\\views.py", "funcName": "<module>", "lineno": 9}
{"asctime": "2025-05-04 03:15:33,759", "levelname": "CRITICAL", "process": 7240, "module": "views", "message": "Database down", "pathname": "D:\\Django Practice\\core\\vege\\views.py", "funcName": "<module>", "lineno": 10}
{"asctime": "2025-05-04 03:15:57,979", "levelname": "INFO", "process": 11184, "module": "views", "message": "User logged in", "pathname": "D:\\Django Practice\\core\\vege\\views.py", "funcName": "<module>", "lineno": 7}
{"asctime": "2025-05-04 03:15:57,979", "levelname": "WARNING", "process": 11184, "module": "views", "message": "API response slow", "pathname": "D:\\Django Practice\\core\\vege\\views.py", "funcName": "<module>", "lineno": 8}
{"asctime": "2025-05-04 03:15:57,979", "levelname": "ERROR", "process": 11184, "module": "views", "message": "Payment failed", "pathname": "D:\\Django Practice\\core\\vege\\views.py", "funcName": "<module>", "lineno": 9}
{"asctime": "2025-05-04 03:15:57,979", "levelname": "CRITICAL", "process": 11184, "module": "views", "message": "Database down", "pathname": "D:\\Django Practice\\core\\vege\\views.py", "funcName": "<module>", "lineno": 10}
{"asctime": "2025-05-04 03:16:03,390", "levelname": "INFO", "process": 8688, "module": "views", "message": "User logged in", "pathname": "D:\\Django Practice\\core\\vege\\views.py", "funcName": "<module>", "lineno": 7}
{"asctime": "2025-05-04 03:16:03,390", "levelname": "WARNING", "process": 8688, "module": "views", "message": "API response slow", "pathname": "D:\\Django Practice\\core\\vege\\views.py", "funcName": "<module>", "lineno": 8}
{"asctime": "2025-05-04 03:16:03,399", "levelname": "ERROR", "process": 8688, "module": "views", "message": "Payment failed", "pathname": "D:\\Django Practice\\core\\vege\\views.py", "funcName": "<module>", "lineno": 9}
{"asctime": "2025-05-04 03:16:03,399", "levelname": "CRITICAL", "process": 8688, "module": "views", "message": "Database down", "pathname": "D:\\Django Practice\\core\\vege\\views.py", "funcName": "<module>", "lineno": 10}
{"asctime": "2025-05-04 03:16:08,589", "levelname": "INFO", "process": 8724, "module": "views", "message": "User logged in", "pathname": "D:\\Django Practice\\core\\vege\\views.py", "funcName": "<module>", "lineno": 7}
{"asctime": "2025-05-04 03:16:08,589", "levelname": "WARNING", "process": 8724, "module": "views", "message": "API response slow", "pathname": "D:\\Django Practice\\core\\vege\\views.py", "funcName": "<module>", "lineno": 8}
{"asctime": "2025-05-04 03:16:08,589", "levelname": "ERROR", "process": 8724, "module": "views", "message": "Payment failed", "pathname": "D:\\Django Practice\\core\\vege\\views.py", "funcName": "<module>", "lineno": 9}
{"asctime": "2025-05-04 03:16:08,589", "levelname": "CRITICAL", "process": 8724, "module": "views", "message": "Database down", "pathname": "D:\\Django Practice\\core\\vege\\views.py", "funcName": "<module>", "lineno": 10}
{"asctime": "2025-05-04 03:16:12,669", "levelname": "INFO", "process": 15356, "module": "views", "message": "User logged in", "pathname": "D:\\Django Practice\\core\\vege\\views.py", "funcName": "<module>", "lineno": 7}
{"asctime": "2025-05-04 03:16:12,669", "levelname": "WARNING", "process": 15356, "module": "views", "message": "API response slow", "pathname": "D:\\Django Practice\\core\\vege\\views.py", "funcName": "<module>", "lineno": 8}
{"asctime": "2025-05-04 03:16:12,669", "levelname": "ERROR", "process": 15356, "module": "views", "message": "Payment failed", "pathname": "D:\\Django Practice\\core\\vege\\views.py", "funcName": "<module>", "lineno": 9}
{"asctime": "2025-05-04 03:16:12,669", "levelname": "CRITICAL", "process": 15356, "module": "views", "message": "Database down", "pathname": "D:\\Django Practice\\core\\vege\\views.py", "funcName": "<module>", "lineno": 10}
{"asctime": "2025-05-04 03:16:22,690", "levelname": "INFO", "process": 12832, "module": "views", "message": "User logged in", "pathname": "D:\\Django Practice\\core\\vege\\views.py", "funcName": "<module>", "lineno": 7}
{"asctime": "2025-05-04 03:16:22,692", "levelname": "WARNING", "process": 12832, "module": "views", "message": "API response slow", "pathname": "D:\\Django Practice\\core\\vege\\views.py", "funcName": "<module>", "lineno": 8}
{"asctime": "2025-05-04 03:16:22,694", "levelname": "ERROR", "process": 12832, "module": "views", "message": "Payment failed", "pathname": "D:\\Django Practice\\core\\vege\\views.py", "funcName": "<module>", "lineno": 9}
{"asctime": "2025-05-04 03:16:22,695", "levelname": "CRITICAL", "process": 12832, "module": "views", "message": "Database down", "pathname": "D:\\Django Practice\\core\\vege\\views.py", "funcName": "<module>", "lineno": 10}
{"asctime": "2025-05-04 03:16:36,085", "levelname": "INFO", "process": 14540, "module": "views", "message": "User logged in", "pathname": "D:\\Django Practice\\core\\vege\\views.py", "funcName": "<module>", "lineno": 7}
{"asctime": "2025-05-04 03:16:36,088", "levelname": "WARNING", "process": 14540, "module": "views", "message": "API response slow", "pathname": "D:\\Django Practice\\core\\vege\\views.py", "funcName": "<module>", "lineno": 8}
{"asctime": "2025-05-04 03:16:36,091", "levelname": "ERROR", "process": 14540, "module": "views", "message": "Payment failed", "pathname": "D:\\Django Practice\\core\\vege\\views.py", "funcName": "<module>", "lineno": 9}
{"asctime": "2025-05-04 03:16:36,092", "levelname": "CRITICAL", "process": 14540, "module": "views", "message": "Database down", "pathname": "D:\\Django Practice\\core\\vege\\views.py", "funcName": "<module>", "lineno": 10}
{"asctime": "2025-05-04 03:17:02,543", "levelname": "INFO", "process": 9704, "module": "views", "message": "User logged in", "pathname": "D:\\Django Practice\\core\\vege\\views.py", "funcName": "<module>", "lineno": 7}
{"asctime": "2025-05-04 03:17:02,549", "levelname": "WARNING", "process": 9704, "module": "views", "message": "API response slow", "pathname": "D:\\Django Practice\\core\\vege\\views.py", "funcName": "<module>", "lineno": 8}
{"asctime": "2025-05-04 03:17:02,549", "levelname": "ERROR", "process": 9704, "module": "views", "message": "Payment failed", "pathname": "D:\\Django Practice\\core\\vege\\views.py", "funcName": "<module>", "lineno": 9}
{"asctime": "2025-05-04 03:17:02,549", "levelname": "CRITICAL", "process": 9704, "module": "views", "message": "Database down", "pathname": "D:\\Django Practice\\core\\vege\\views.py", "funcName": "<module>", "lineno": 10}
{"asctime": "2025-05-04 03:17:07,645", "levelname": "INFO", "process": 13132, "module": "views", "message": "User logged in", "pathname": "D:\\Django Practice\\core\\vege\\views.py", "funcName": "<module>", "lineno": 7}
{"asctime": "2025-05-04 03:17:07,647", "levelname": "WARNING", "process": 13132, "module": "views", "message": "API response slow", "pathname": "D:\\Django Practice\\core\\vege\\views.py", "funcName": "<module>", "lineno": 8}
{"asctime": "2025-05-04 03:17:07,649", "levelname": "ERROR", "process": 13132, "module": "views", "message": "Payment failed", "pathname": "D:\\Django Practice\\core\\vege\\views.py", "funcName": "<module>", "lineno": 9}
{"asctime": "2025-05-04 03:17:07,650", "levelname": "CRITICAL", "process": 13132, "module": "views", "message": "Database down", "pathname": "D:\\Django Practice\\core\\vege\\views.py", "funcName": "<module>", "lineno": 10}
{"asctime": "2025-05-04 03:36:46,121", "levelname": "INFO", "process": 14876, "module": "views", "message": "User logged in", "pathname": "D:\\Django Practice\\core\\vege\\views.py", "funcName": "<module>", "lineno": 7}
{"asctime": "2025-05-04 03:36:46,122", "levelname": "WARNING", "process": 14876, "module": "views", "message": "API response slow", "pathname": "D:\\Django Practice\\core\\vege\\views.py", "funcName": "<module>", "lineno": 8}
{"asctime": "2025-05-04 03:36:46,125", "levelname": "ERROR", "process": 14876, "module": "views", "message": "Payment failed", "pathname": "D:\\Django Practice\\core\\vege\\views.py", "funcName": "<module>", "lineno": 9}
{"asctime": "2025-05-04 03:36:46,125", "levelname": "CRITICAL", "process": 14876, "module": "views", "message": "Database down", "pathname": "D:\\Django Practice\\core\\vege\\views.py", "funcName": "<module>", "lineno": 10}
{"asctime": "2025-05-04 03:36:51,286", "levelname": "INFO", "process": 3192, "module": "views", "message": "User logged in", "pathname": "D:\\Django Practice\\core\\vege\\views.py", "funcName": "<module>", "lineno": 7}
{"asctime": "2025-05-04 03:36:51,290", "levelname": "WARNING", "process": 3192, "module": "views", "message": "API response slow", "pathname": "D:\\Django Practice\\core\\vege\\views.py", "funcName": "<module>", "lineno": 8}
{"asctime": "2025-05-04 03:36:51,291", "levelname": "ERROR", "process": 3192, "module": "views", "message": "Payment failed", "pathname": "D:\\Django Practice\\core\\vege\\views.py", "funcName": "<module>", "lineno": 9}
{"asctime": "2025-05-04 03:36:51,292", "levelname": "CRITICAL", "process": 3192, "module": "views", "message": "Database down", "pathname": "D:\\Django Practice\\core\\vege\\views.py", "funcName": "<module>", "lineno": 10}
{"asctime": "2025-05-04 03:36:51,336", "levelname": "INFO", "process": 3192, "module": "accounts_views_imports", "message": "User logged in", "pathname": "D:\\Django Practice\\core\\accounts\\accounts_views_imports.py", "funcName": "<module>", "lineno": 38}
{"asctime": "2025-05-04 03:36:51,342", "levelname": "WARNING", "process": 3192, "module": "accounts_views_imports", "message": "API response slow", "pathname": "D:\\Django Practice\\core\\accounts\\accounts_views_imports.py", "funcName": "<module>", "lineno": 39}
{"asctime": "2025-05-04 03:36:51,343", "levelname": "ERROR", "process": 3192, "module": "accounts_views_imports", "message": "Payment failed", "pathname": "D:\\Django Practice\\core\\accounts\\accounts_views_imports.py", "funcName": "<module>", "lineno": 40}
{"asctime": "2025-05-04 03:36:51,343", "levelname": "CRITICAL", "process": 3192, "module": "accounts_views_imports", "message": "Database down", "pathname": "D:\\Django Practice\\core\\accounts\\accounts_views_imports.py", "funcName": "<module>", "lineno": 41}
{"asctime": "2025-05-04 03:39:13,125", "levelname": "INFO", "process": 4588, "module": "views", "message": "User logged in", "pathname": "D:\\Django Practice\\core\\vege\\views.py", "funcName": "<module>", "lineno": 7}
{"asctime": "2025-05-04 03:39:13,127", "levelname": "WARNING", "process": 4588, "module": "views", "message": "API response slow", "pathname": "D:\\Django Practice\\core\\vege\\views.py", "funcName": "<module>", "lineno": 8}
{"asctime": "2025-05-04 03:39:13,129", "levelname": "ERROR", "process": 4588, "module": "views", "message": "Payment failed", "pathname": "D:\\Django Practice\\core\\vege\\views.py", "funcName": "<module>", "lineno": 9}
{"asctime": "2025-05-04 03:39:13,129", "levelname": "CRITICAL", "process": 4588, "module": "views", "message": "Database down", "pathname": "D:\\Django Practice\\core\\vege\\views.py", "funcName": "<module>", "lineno": 10}
{"asctime": "2025-05-04 03:39:13,170", "levelname": "INFO", "process": 4588, "module": "accounts_views_imports", "message": "User logged in", "pathname": "D:\\Django Practice\\core\\accounts\\accounts_views_imports.py", "funcName": "<module>", "lineno": 38}
{"asctime": "2025-05-04 03:39:13,173", "levelname": "WARNING", "process": 4588, "module": "accounts_views_imports", "message": "API response slow", "pathname": "D:\\Django Practice\\core\\accounts\\accounts_views_imports.py", "funcName": "<module>", "lineno": 39}
{"asctime": "2025-05-04 03:39:13,174", "levelname": "ERROR", "process": 4588, "module": "accounts_views_imports", "message": "Payment failed", "pathname": "D:\\Django Practice\\core\\accounts\\accounts_views_imports.py", "funcName": "<module>", "lineno": 40}
{"asctime": "2025-05-04 03:39:13,175", "levelname": "CRITICAL", "process": 4588, "module": "accounts_views_imports", "message": "Database down", "pathname": "D:\\Django Practice\\core\\accounts\\accounts_views_imports.py", "funcName": "<module>", "lineno": 41}
{"asctime": "2025-05-04 03:39:18,379", "levelname": "INFO", "process": 10780, "module": "views", "message": "User logged in", "pathname": "D:\\Django Practice\\core\\vege\\views.py", "funcName": "<module>", "lineno": 7}
{"asctime": "2025-05-04 03:39:18,380", "levelname": "WARNING", "process": 10780, "module": "views", "message": "API response slow", "pathname": "D:\\Django Practice\\core\\vege\\views.py", "funcName": "<module>", "lineno": 8}
{"asctime": "2025-05-04 03:39:18,382", "levelname": "ERROR", "process": 10780, "module": "views", "message": "Payment failed", "pathname": "D:\\Django Practice\\core\\vege\\views.py", "funcName": "<module>", "lineno": 9}
{"asctime": "2025-05-04 03:39:18,383", "levelname": "CRITICAL", "process": 10780, "module": "views", "message": "Database down", "pathname": "D:\\Django Practice\\core\\vege\\views.py", "funcName": "<module>", "lineno": 10}
{"asctime": "2025-05-04 03:39:18,429", "levelname": "INFO", "process": 10780, "module": "accounts_views_imports", "message": "User logged in", "pathname": "D:\\Django Practice\\core\\accounts\\accounts_views_imports.py", "funcName": "<module>", "lineno": 38}
{"asctime": "2025-05-04 03:39:18,431", "levelname": "WARNING", "process": 10780, "module": "accounts_views_imports", "message": "API response slow", "pathname": "D:\\Django Practice\\core\\accounts\\accounts_views_imports.py", "funcName": "<module>", "lineno": 39}
{"asctime": "2025-05-04 03:39:18,432", "levelname": "ERROR", "process": 10780, "module": "accounts_views_imports", "message": "Payment failed", "pathname": "D:\\Django Practice\\core\\accounts\\accounts_views_imports.py", "funcName": "<module>", "lineno": 40}
{"asctime": "2025-05-04 03:39:18,433", "levelname": "CRITICAL", "process": 10780, "module": "accounts_views_imports", "message": "Database down", "pathname": "D:\\Django Practice\\core\\accounts\\accounts_views_imports.py", "funcName": "<module>", "lineno": 41}
{"asctime": "2025-05-04 03:39:22,493", "levelname": "INFO", "process": 4348, "module": "views", "message": "User logged in", "pathname": "D:\\Django Practice\\core\\vege\\views.py", "funcName": "<module>", "lineno": 7}
{"asctime": "2025-05-04 03:39:22,496", "levelname": "WARNING", "process": 4348, "module": "views", "message": "API response slow", "pathname": "D:\\Django Practice\\core\\vege\\views.py", "funcName": "<module>", "lineno": 8}
{"asctime": "2025-05-04 03:39:22,497", "levelname": "ERROR", "process": 4348, "module": "views", "message": "Payment failed", "pathname": "D:\\Django Practice\\core\\vege\\views.py", "funcName": "<module>", "lineno": 9}
{"asctime": "2025-05-04 03:39:22,498", "levelname": "CRITICAL", "process": 4348, "module": "views", "message": "Database down", "pathname": "D:\\Django Practice\\core\\vege\\views.py", "funcName": "<module>", "lineno": 10}
{"asctime": "2025-05-04 03:39:22,557", "levelname": "INFO", "process": 4348, "module": "accounts_views_imports", "message": "User logged in", "pathname": "D:\\Django Practice\\core\\accounts\\accounts_views_imports.py", "funcName": "<module>", "lineno": 38}
{"asctime": "2025-05-04 03:39:22,561", "levelname": "WARNING", "process": 4348, "module": "accounts_views_imports", "message": "API response slow", "pathname": "D:\\Django Practice\\core\\accounts\\accounts_views_imports.py", "funcName": "<module>", "lineno": 39}
{"asctime": "2025-05-04 03:39:22,562", "levelname": "ERROR", "process": 4348, "module": "accounts_views_imports", "message": "Payment failed", "pathname": "D:\\Django Practice\\core\\accounts\\accounts_views_imports.py", "funcName": "<module>", "lineno": 40}
{"asctime": "2025-05-04 03:39:22,563", "levelname": "CRITICAL", "process": 4348, "module": "accounts_views_imports", "message": "Database down", "pathname": "D:\\Django Practice\\core\\accounts\\accounts_views_imports.py", "funcName": "<module>", "lineno": 41}
{"asctime": "2025-05-04 03:39:32,277", "levelname": "INFO", "process": 11808, "module": "views", "message": "User logged in", "pathname": "D:\\Django Practice\\core\\vege\\views.py", "funcName": "<module>", "lineno": 7}
{"asctime": "2025-05-04 03:39:32,279", "levelname": "WARNING", "process": 11808, "module": "views", "message": "API response slow", "pathname": "D:\\Django Practice\\core\\vege\\views.py", "funcName": "<module>", "lineno": 8}
{"asctime": "2025-05-04 03:39:32,281", "levelname": "ERROR", "process": 11808, "module": "views", "message": "Payment failed", "pathname": "D:\\Django Practice\\core\\vege\\views.py", "funcName": "<module>", "lineno": 9}
{"asctime": "2025-05-04 03:39:32,282", "levelname": "CRITICAL", "process": 11808, "module": "views", "message": "Database down", "pathname": "D:\\Django Practice\\core\\vege\\views.py", "funcName": "<module>", "lineno": 10}
{"asctime": "2025-05-04 03:39:32,305", "levelname": "INFO", "process": 11808, "module": "accounts_views_imports", "message": "User logged in", "pathname": "D:\\Django Practice\\core\\accounts\\accounts_views_imports.py", "funcName": "<module>", "lineno": 38}
{"asctime": "2025-05-04 03:39:32,308", "levelname": "WARNING", "process": 11808, "module": "accounts_views_imports", "message": "API response slow", "pathname": "D:\\Django Practice\\core\\accounts\\accounts_views_imports.py", "funcName": "<module>", "lineno": 39}
{"asctime": "2025-05-04 03:39:32,310", "levelname": "ERROR", "process": 11808, "module": "accounts_views_imports", "message": "Payment failed", "pathname": "D:\\Django Practice\\core\\accounts\\accounts_views_imports.py", "funcName": "<module>", "lineno": 40}
{"asctime": "2025-05-04 03:39:32,312", "levelname": "CRITICAL", "process": 11808, "module": "accounts_views_imports", "message": "Database down", "pathname": "D:\\Django Practice\\core\\accounts\\accounts_views_imports.py", "funcName": "<module>", "lineno": 41}
{"asctime": "2025-05-04 03:39:43,739", "levelname": "INFO", "process": 8248, "module": "views", "message": "User logged in", "pathname": "D:\\Django Practice\\core\\vege\\views.py", "funcName": "<module>", "lineno": 7}
{"asctime": "2025-05-04 03:39:43,741", "levelname": "WARNING", "process": 8248, "module": "views", "message": "API response slow", "pathname": "D:\\Django Practice\\core\\vege\\views.py", "funcName": "<module>", "lineno": 8}
{"asctime": "2025-05-04 03:39:43,743", "levelname": "ERROR", "process": 8248, "module": "views", "message": "Payment failed", "pathname": "D:\\Django Practice\\core\\vege\\views.py", "funcName": "<module>", "lineno": 9}
{"asctime": "2025-05-04 03:39:43,743", "levelname": "CRITICAL", "process": 8248, "module": "views", "message": "Database down", "pathname": "D:\\Django Practice\\core\\vege\\views.py", "funcName": "<module>", "lineno": 10}
{"asctime": "2025-05-04 03:39:43,784", "levelname": "INFO", "process": 8248, "module": "accounts_views_imports", "message": "User logged in", "pathname": "D:\\Django Practice\\core\\accounts\\accounts_views_imports.py", "funcName": "<module>", "lineno": 38}
{"asctime": "2025-05-04 03:39:43,786", "levelname": "WARNING", "process": 8248, "module": "accounts_views_imports", "message": "API response slow", "pathname": "D:\\Django Practice\\core\\accounts\\accounts_views_imports.py", "funcName": "<module>", "lineno": 39}
{"asctime": "2025-05-04 03:39:43,788", "levelname": "ERROR", "process": 8248, "module": "accounts_views_imports", "message": "Payment failed", "pathname": "D:\\Django Practice\\core\\accounts\\accounts_views_imports.py", "funcName": "<module>", "lineno": 40}
{"asctime": "2025-05-04 03:39:43,788", "levelname": "CRITICAL", "process": 8248, "module": "accounts_views_imports", "message": "Database down", "pathname": "D:\\Django Practice\\core\\accounts\\accounts_views_imports.py", "funcName": "<module>", "lineno": 41}
{"asctime": "2025-05-04 03:39:54,057", "levelname": "INFO", "process": 10396, "module": "views", "message": "User logged in", "pathname": "D:\\Django Practice\\core\\vege\\views.py", "funcName": "<module>", "lineno": 7}
{"asctime": "2025-05-04 03:39:54,060", "levelname": "WARNING", "process": 10396, "module": "views", "message": "API response slow", "pathname": "D:\\Django Practice\\core\\vege\\views.py", "funcName": "<module>", "lineno": 8}
{"asctime": "2025-05-04 03:39:54,062", "levelname": "ERROR", "process": 10396, "module": "views", "message": "Payment failed", "pathname": "D:\\Django Practice\\core\\vege\\views.py", "funcName": "<module>", "lineno": 9}
{"asctime": "2025-05-04 03:39:54,063", "levelname": "CRITICAL", "process": 10396, "module": "views", "message": "Database down", "pathname": "D:\\Django Practice\\core\\vege\\views.py", "funcName": "<module>", "lineno": 10}
{"asctime": "2025-05-04 03:39:54,120", "levelname": "INFO", "process": 10396, "module": "accounts_views_imports", "message": "User logged in", "pathname": "D:\\Django Practice\\core\\accounts\\accounts_views_imports.py", "funcName": "<module>", "lineno": 38}
{"asctime": "2025-05-04 03:39:54,121", "levelname": "WARNING", "process": 10396, "module": "accounts_views_imports", "message": "API response slow", "pathname": "D:\\Django Practice\\core\\accounts\\accounts_views_imports.py", "funcName": "<module>", "lineno": 39}
{"asctime": "2025-05-04 03:39:54,122", "levelname": "ERROR", "process": 10396, "module": "accounts_views_imports", "message": "Payment failed", "pathname": "D:\\Django Practice\\core\\accounts\\accounts_views_imports.py", "funcName": "<module>", "lineno": 40}
{"asctime": "2025-05-04 03:39:54,123", "levelname": "CRITICAL", "process": 10396, "module": "accounts_views_imports", "message": "Database down", "pathname": "D:\\Django Practice\\core\\accounts\\accounts_views_imports.py", "funcName": "<module>", "lineno": 41}
{"asctime": "2025-05-04 03:40:42,063", "levelname": "INFO", "process": 12308, "module": "views", "message": "User logged in", "pathname": "D:\\Django Practice\\core\\vege\\views.py", "funcName": "<module>", "lineno": 7}
{"asctime": "2025-05-04 03:40:42,065", "levelname": "WARNING", "process": 12308, "module": "views", "message": "API response slow", "pathname": "D:\\Django Practice\\core\\vege\\views.py", "funcName": "<module>", "lineno": 8}
{"asctime": "2025-05-04 03:40:42,066", "levelname": "ERROR", "process": 12308, "module": "views", "message": "Payment failed", "pathname": "D:\\Django Practice\\core\\vege\\views.py", "funcName": "<module>", "lineno": 9}
{"asctime": "2025-05-04 03:40:42,069", "levelname": "CRITICAL", "process": 12308, "module": "views", "message": "Database down", "pathname": "D:\\Django Practice\\core\\vege\\views.py", "funcName": "<module>", "lineno": 10}
{"asctime": "2025-05-04 03:40:42,103", "levelname": "INFO", "process": 12308, "module": "accounts_views_imports", "message": "User logged in", "pathname": "D:\\Django Practice\\core\\accounts\\accounts_views_imports.py", "funcName": "<module>", "lineno": 38}
{"asctime": "2025-05-04 03:40:42,106", "levelname": "WARNING", "process": 12308, "module": "accounts_views_imports", "message": "API response slow", "pathname": "D:\\Django Practice\\core\\accounts\\accounts_views_imports.py", "funcName": "<module>", "lineno": 39}
{"asctime": "2025-05-04 03:40:42,107", "levelname": "ERROR", "process": 12308, "module": "accounts_views_imports", "message": "Payment failed", "pathname": "D:\\Django Practice\\core\\accounts\\accounts_views_imports.py", "funcName": "<module>", "lineno": 40}
{"asctime": "2025-05-04 03:40:42,109", "levelname": "CRITICAL", "process": 12308, "module": "accounts_views_imports", "message": "Database down", "pathname": "D:\\Django Practice\\core\\accounts\\accounts_views_imports.py", "funcName": "<module>", "lineno": 41}
{"asctime": "2025-05-04 03:43:11,053", "levelname": "INFO", "process": 6060, "module": "views", "message": "User logged in", "pathname": "D:\\Django Practice\\core\\vege\\views.py", "funcName": "<module>", "lineno": 7}
{"asctime": "2025-05-04 03:43:11,055", "levelname": "WARNING", "process": 6060, "module": "views", "message": "API response slow", "pathname": "D:\\Django Practice\\core\\vege\\views.py", "funcName": "<module>", "lineno": 8}
{"asctime": "2025-05-04 03:43:11,056", "levelname": "ERROR", "process": 6060, "module": "views", "message": "Payment failed", "pathname": "D:\\Django Practice\\core\\vege\\views.py", "funcName": "<module>", "lineno": 9}
{"asctime": "2025-05-04 03:43:11,057", "levelname": "CRITICAL", "process": 6060, "module": "views", "message": "Database down", "pathname": "D:\\Django Practice\\core\\vege\\views.py", "funcName": "<module>", "lineno": 10}
{"asctime": "2025-05-04 03:43:11,097", "levelname": "INFO", "process": 6060, "module": "accounts_views_imports", "message": "User logged in", "pathname": "D:\\Django Practice\\core\\accounts\\accounts_views_imports.py", "funcName": "<module>", "lineno": 38}
{"asctime": "2025-05-04 03:43:11,101", "levelname": "WARNING", "process": 6060, "module": "accounts_views_imports", "message": "API response slow", "pathname": "D:\\Django Practice\\core\\accounts\\accounts_views_imports.py", "funcName": "<module>", "lineno": 39}
{"asctime": "2025-05-04 03:43:11,102", "levelname": "ERROR", "process": 6060, "module": "accounts_views_imports", "message": "Payment failed", "pathname": "D:\\Django Practice\\core\\accounts\\accounts_views_imports.py", "funcName": "<module>", "lineno": 40}
{"asctime": "2025-05-04 03:43:11,102", "levelname": "CRITICAL", "process": 6060, "module": "accounts_views_imports", "message": "Database down", "pathname": "D:\\Django Practice\\core\\accounts\\accounts_views_imports.py", "funcName": "<module>", "lineno": 41}
{"asctime": "2025-05-04 03:43:22,504", "levelname": "INFO", "process": 2072, "module": "views", "message": "User logged in", "pathname": "D:\\Django Practice\\core\\vege\\views.py", "funcName": "<module>", "lineno": 7}
{"asctime": "2025-05-04 03:43:22,506", "levelname": "WARNING", "process": 2072, "module": "views", "message": "API response slow", "pathname": "D:\\Django Practice\\core\\vege\\views.py", "funcName": "<module>", "lineno": 8}
{"asctime": "2025-05-04 03:43:22,507", "levelname": "ERROR", "process": 2072, "module": "views", "message": "Payment failed", "pathname": "D:\\Django Practice\\core\\vege\\views.py", "funcName": "<module>", "lineno": 9}
{"asctime": "2025-05-04 03:43:22,507", "levelname": "CRITICAL", "process": 2072, "module": "views", "message": "Database down", "pathname": "D:\\Django Practice\\core\\vege\\views.py", "funcName": "<module>", "lineno": 10}
{"asctime": "2025-05-04 03:43:22,551", "levelname": "INFO", "process": 2072, "module": "accounts_views_imports", "message": "User logged in", "pathname": "D:\\Django Practice\\core\\accounts\\accounts_views_imports.py", "funcName": "<module>", "lineno": 38}
{"asctime": "2025-05-04 03:43:22,553", "levelname": "WARNING", "process": 2072, "module": "accounts_views_imports", "message": "API response slow", "pathname": "D:\\Django Practice\\core\\accounts\\accounts_views_imports.py", "funcName": "<module>", "lineno": 39}
{"asctime": "2025-05-04 03:43:22,554", "levelname": "ERROR", "process": 2072, "module": "accounts_views_imports", "message": "Payment failed", "pathname": "D:\\Django Practice\\core\\accounts\\accounts_views_imports.py", "funcName": "<module>", "lineno": 40}
{"asctime": "2025-05-04 03:43:22,555", "levelname": "CRITICAL", "process": 2072, "module": "accounts_views_imports", "message": "Database down", "pathname": "D:\\Django Practice\\core\\accounts\\accounts_views_imports.py", "funcName": "<module>", "lineno": 41}
{"asctime": "2025-05-04 03:43:27,586", "levelname": "INFO", "process": 10900, "module": "views", "message": "User logged in", "pathname": "D:\\Django Practice\\core\\vege\\views.py", "funcName": "<module>", "lineno": 7}
{"asctime": "2025-05-04 03:43:27,588", "levelname": "WARNING", "process": 10900, "module": "views", "message": "API response slow", "pathname": "D:\\Django Practice\\core\\vege\\views.py", "funcName": "<module>", "lineno": 8}
{"asctime": "2025-05-04 03:43:27,590", "levelname": "ERROR", "process": 10900, "module": "views", "message": "Payment failed", "pathname": "D:\\Django Practice\\core\\vege\\views.py", "funcName": "<module>", "lineno": 9}
{"asctime": "2025-05-04 03:43:27,590", "levelname": "CRITICAL", "process": 10900, "module": "views", "message": "Database down", "pathname": "D:\\Django Practice\\core\\vege\\views.py", "funcName": "<module>", "lineno": 10}
{"asctime": "2025-05-04 03:43:27,632", "levelname": "INFO", "process": 10900, "module": "accounts_views_imports", "message": "User logged in", "pathname": "D:\\Django Practice\\core\\accounts\\accounts_views_imports.py", "funcName": "<module>", "lineno": 38}
{"asctime": "2025-05-04 03:43:27,633", "levelname": "WARNING", "process": 10900, "module": "accounts_views_imports", "message": "API response slow", "pathname": "D:\\Django Practice\\core\\accounts\\accounts_views_imports.py", "funcName": "<module>", "lineno": 39}
{"asctime": "2025-05-04 03:43:27,634", "levelname": "ERROR", "process": 10900, "module": "accounts_views_imports", "message": "Payment failed", "pathname": "D:\\Django Practice\\core\\accounts\\accounts_views_imports.py", "funcName": "<module>", "lineno": 40}
{"asctime": "2025-05-04 03:43:27,635", "levelname": "CRITICAL", "process": 10900, "module": "accounts_views_imports", "message": "Database down", "pathname": "D:\\Django Practice\\core\\accounts\\accounts_views_imports.py", "funcName": "<module>", "lineno": 41}
{"asctime": "2025-05-04 03:43:42,609", "levelname": "INFO", "process": 9412, "module": "views", "message": "User logged in", "pathname": "D:\\Django Practice\\core\\vege\\views.py", "funcName": "<module>", "lineno": 7}
{"asctime": "2025-05-04 03:43:42,611", "levelname": "WARNING", "process": 9412, "module": "views", "message": "API response slow", "pathname": "D:\\Django Practice\\core\\vege\\views.py", "funcName": "<module>", "lineno": 8}
{"asctime": "2025-05-04 03:43:42,612", "levelname": "ERROR", "process": 9412, "module": "views", "message": "Payment failed", "pathname": "D:\\Django Practice\\core\\vege\\views.py", "funcName": "<module>", "lineno": 9}
{"asctime": "2025-05-04 03:43:42,613", "levelname": "CRITICAL", "process": 9412, "module": "views", "message": "Database down", "pathname": "D:\\Django Practice\\core\\vege\\views.py", "funcName": "<module>", "lineno": 10}
{"asctime": "2025-05-04 03:43:42,657", "levelname": "INFO", "process": 9412, "module": "accounts_views_imports", "message": "User logged in", "pathname": "D:\\Django Practice\\core\\accounts\\accounts_views_imports.py", "funcName": "<module>", "lineno": 38}
{"asctime": "2025-05-04 03:43:42,659", "levelname": "WARNING", "process": 9412, "module": "accounts_views_imports", "message": "API response slow", "pathname": "D:\\Django Practice\\core\\accounts\\accounts_views_imports.py", "funcName": "<module>", "lineno": 39}
{"asctime": "2025-05-04 03:43:42,660", "levelname": "ERROR", "process": 9412, "module": "accounts_views_imports", "message": "Payment failed", "pathname": "D:\\Django Practice\\core\\accounts\\accounts_views_imports.py", "funcName": "<module>", "lineno": 40}
{"asctime": "2025-05-04 03:43:42,661", "levelname": "CRITICAL", "process": 9412, "module": "accounts_views_imports", "message": "Database down", "pathname": "D:\\Django Practice\\core\\accounts\\accounts_views_imports.py", "funcName": "<module>", "lineno": 41}
{"asctime": "2025-05-04 03:43:48,915", "levelname": "INFO", "process": 5064, "module": "views", "message": "User logged in", "pathname": "D:\\Django Practice\\core\\vege\\views.py", "funcName": "<module>", "lineno": 7}
{"asctime": "2025-05-04 03:43:48,922", "levelname": "WARNING", "process": 5064, "module": "views", "message": "API response slow", "pathname": "D:\\Django Practice\\core\\vege\\views.py", "funcName": "<module>", "lineno": 8}
{"asctime": "2025-05-04 03:43:48,925", "levelname": "ERROR", "process": 5064, "module": "views", "message": "Payment failed", "pathname": "D:\\Django Practice\\core\\vege\\views.py", "funcName": "<module>", "lineno": 9}
{"asctime": "2025-05-04 03:43:48,926", "levelname": "CRITICAL", "process": 5064, "module": "views", "message": "Database down", "pathname": "D:\\Django Practice\\core\\vege\\views.py", "funcName": "<module>", "lineno": 10}
{"asctime": "2025-05-04 03:43:48,983", "levelname": "INFO", "process": 5064, "module": "accounts_views_imports", "message": "User logged in", "pathname": "D:\\Django Practice\\core\\accounts\\accounts_views_imports.py", "funcName": "<module>", "lineno": 38}
{"asctime": "2025-05-04 03:43:48,985", "levelname": "WARNING", "process": 5064, "module": "accounts_views_imports", "message": "API response slow", "pathname": "D:\\Django Practice\\core\\accounts\\accounts_views_imports.py", "funcName": "<module>", "lineno": 39}
{"asctime": "2025-05-04 03:43:48,986", "levelname": "ERROR", "process": 5064, "module": "accounts_views_imports", "message": "Payment failed", "pathname": "D:\\Django Practice\\core\\accounts\\accounts_views_imports.py", "funcName": "<module>", "lineno": 40}
{"asctime": "2025-05-04 03:43:48,990", "levelname": "CRITICAL", "process": 5064, "module": "accounts_views_imports", "message": "Database down", "pathname": "D:\\Django Practice\\core\\accounts\\accounts_views_imports.py", "funcName": "<module>", "lineno": 41}
{"asctime": "2025-05-04 03:47:19,601", "levelname": "INFO", "process": 1988, "module": "views", "message": "User logged in", "pathname": "D:\\Django Practice\\core\\vege\\views.py", "funcName": "<module>", "lineno": 7}
{"asctime": "2025-05-04 03:47:19,603", "levelname": "WARNING", "process": 1988, "module": "views", "message": "API response slow", "pathname": "D:\\Django Practice\\core\\vege\\views.py", "funcName": "<module>", "lineno": 8}
{"asctime": "2025-05-04 03:47:19,605", "levelname": "ERROR", "process": 1988, "module": "views", "message": "Payment failed", "pathname": "D:\\Django Practice\\core\\vege\\views.py", "funcName": "<module>", "lineno": 9}
{"asctime": "2025-05-04 03:47:19,605", "levelname": "CRITICAL", "process": 1988, "module": "views", "message": "Database down", "pathname": "D:\\Django Practice\\core\\vege\\views.py", "funcName": "<module>", "lineno": 10}
{"asctime": "2025-05-04 03:47:19,645", "levelname": "INFO", "process": 1988, "module": "accounts_views_imports", "message": "User logged in", "pathname": "D:\\Django Practice\\core\\accounts\\accounts_views_imports.py", "funcName": "<module>", "lineno": 38}
{"asctime": "2025-05-04 03:47:19,646", "levelname": "WARNING", "process": 1988, "module": "accounts_views_imports", "message": "API response slow", "pathname": "D:\\Django Practice\\core\\accounts\\accounts_views_imports.py", "funcName": "<module>", "lineno": 39}
{"asctime": "2025-05-04 03:47:19,648", "levelname": "ERROR", "process": 1988, "module": "accounts_views_imports", "message": "Payment failed", "pathname": "D:\\Django Practice\\core\\accounts\\accounts_views_imports.py", "funcName": "<module>", "lineno": 40}
{"asctime": "2025-05-04 03:47:19,649", "levelname": "CRITICAL", "process": 1988, "module": "accounts_views_imports", "message": "Database down", "pathname": "D:\\Django Practice\\core\\accounts\\accounts_views_imports.py", "funcName": "<module>", "lineno": 41}
{"asctime": "2025-05-04 03:47:55,828", "levelname": "INFO", "process": 1532, "module": "views", "message": "User logged in", "pathname": "D:\\Django Practice\\core\\vege\\views.py", "funcName": "<module>", "lineno": 7}
{"asctime": "2025-05-04 03:47:55,828", "levelname": "WARNING", "process": 1532, "module": "views", "message": "API response slow", "pathname": "D:\\Django Practice\\core\\vege\\views.py", "funcName": "<module>", "lineno": 8}
{"asctime": "2025-05-04 03:47:55,828", "levelname": "ERROR", "process": 1532, "module": "views", "message": "Payment failed", "pathname": "D:\\Django Practice\\core\\vege\\views.py", "funcName": "<module>", "lineno": 9}
{"asctime": "2025-05-04 03:47:55,828", "levelname": "CRITICAL", "process": 1532, "module": "views", "message": "Database down", "pathname": "D:\\Django Practice\\core\\vege\\views.py", "funcName": "<module>", "lineno": 10}
{"asctime": "2025-05-04 03:47:55,848", "levelname": "INFO", "process": 1532, "module": "accounts_views_imports", "message": "User logged in", "pathname": "D:\\Django Practice\\core\\accounts\\accounts_views_imports.py", "funcName": "<module>", "lineno": 38}
{"asctime": "2025-05-04 03:47:55,848", "levelname": "WARNING", "process": 1532, "module": "accounts_views_imports", "message": "API response slow", "pathname": "D:\\Django Practice\\core\\accounts\\accounts_views_imports.py", "funcName": "<module>", "lineno": 39}
{"asctime": "2025-05-04 03:47:55,848", "levelname": "ERROR", "process": 1532, "module": "accounts_views_imports", "message": "Payment failed", "pathname": "D:\\Django Practice\\core\\accounts\\accounts_views_imports.py", "funcName": "<module>", "lineno": 40}
{"asctime": "2025-05-04 03:47:55,848", "levelname": "CRITICAL", "process": 1532, "module": "accounts_views_imports", "message": "Database down", "pathname": "D:\\Django Practice\\core\\accounts\\accounts_views_imports.py", "funcName": "<module>", "lineno": 41}
{"asctime": "2025-05-04 03:57:17,780", "levelname": "INFO", "process": 9704, "module": "views", "message": "User logged in", "pathname": "D:\\Django Practice\\core\\vege\\views.py", "funcName": "<module>", "lineno": 7}
{"asctime": "2025-05-04 03:57:17,782", "levelname": "WARNING", "process": 9704, "module": "views", "message": "API response slow", "pathname": "D:\\Django Practice\\core\\vege\\views.py", "funcName": "<module>", "lineno": 8}
{"asctime": "2025-05-04 03:57:17,784", "levelname": "ERROR", "process": 9704, "module": "views", "message": "Payment failed", "pathname": "D:\\Django Practice\\core\\vege\\views.py", "funcName": "<module>", "lineno": 9}
{"asctime": "2025-05-04 03:57:17,784", "levelname": "CRITICAL", "process": 9704, "module": "views", "message": "Database down", "pathname": "D:\\Django Practice\\core\\vege\\views.py", "funcName": "<module>", "lineno": 10}
{"asctime": "2025-05-04 03:57:17,829", "levelname": "INFO", "process": 9704, "module": "accounts_views_imports", "message": "User logged in", "pathname": "D:\\Django Practice\\core\\accounts\\accounts_views_imports.py", "funcName": "<module>", "lineno": 38}
{"asctime": "2025-05-04 03:57:17,830", "levelname": "WARNING", "process": 9704, "module": "accounts_views_imports", "message": "API response slow", "pathname": "D:\\Django Practice\\core\\accounts\\accounts_views_imports.py", "funcName": "<module>", "lineno": 39}
{"asctime": "2025-05-04 03:57:17,832", "levelname": "ERROR", "process": 9704, "module": "accounts_views_imports", "message": "Payment failed", "pathname": "D:\\Django Practice\\core\\accounts\\accounts_views_imports.py", "funcName": "<module>", "lineno": 40}
{"asctime": "2025-05-04 03:57:17,832", "levelname": "CRITICAL", "process": 9704, "module": "accounts_views_imports", "message": "Database down", "pathname": "D:\\Django Practice\\core\\accounts\\accounts_views_imports.py", "funcName": "<module>", "lineno": 41}
{"asctime": "2025-05-04 03:58:39,616", "levelname": "INFO", "process": 12624, "module": "views", "message": "User logged in", "pathname": "D:\\Django Practice\\core\\vege\\views.py", "funcName": "<module>", "lineno": 7}
{"asctime": "2025-05-04 03:58:39,624", "levelname": "WARNING", "process": 12624, "module": "views", "message": "API response slow", "pathname": "D:\\Django Practice\\core\\vege\\views.py", "funcName": "<module>", "lineno": 8}
{"asctime": "2025-05-04 03:58:39,626", "levelname": "ERROR", "process": 12624, "module": "views", "message": "Payment failed", "pathname": "D:\\Django Practice\\core\\vege\\views.py", "funcName": "<module>", "lineno": 9}
{"asctime": "2025-05-04 03:58:39,626", "levelname": "CRITICAL", "process": 12624, "module": "views", "message": "Database down", "pathname": "D:\\Django Practice\\core\\vege\\views.py", "funcName": "<module>", "lineno": 10}
{"asctime": "2025-05-04 03:58:39,666", "levelname": "INFO", "process": 12624, "module": "accounts_views_imports", "message": "User logged in", "pathname": "D:\\Django Practice\\core\\accounts\\accounts_views_imports.py", "funcName": "<module>", "lineno": 38}
{"asctime": "2025-05-04 03:58:39,666", "levelname": "WARNING", "process": 12624, "module": "accounts_views_imports", "message": "API response slow", "pathname": "D:\\Django Practice\\core\\accounts\\accounts_views_imports.py", "funcName": "<module>", "lineno": 39}
{"asctime": "2025-05-04 03:58:39,666", "levelname": "ERROR", "process": 12624, "module": "accounts_views_imports", "message": "Payment failed", "pathname": "D:\\Django Practice\\core\\accounts\\accounts_views_imports.py", "funcName": "<module>", "lineno": 40}
{"asctime": "2025-05-04 03:58:39,666", "levelname": "CRITICAL", "process": 12624, "module": "accounts_views_imports", "message": "Database down", "pathname": "D:\\Django Practice\\core\\accounts\\accounts_views_imports.py", "funcName": "<module>", "lineno": 41}
{"asctime": "2025-05-04 04:02:44,466", "levelname": "INFO", "process": 14540, "module": "views", "message": "User logged in", "pathname": "D:\\Django Practice\\core\\vege\\views.py", "funcName": "<module>", "lineno": 7}
{"asctime": "2025-05-04 04:02:44,466", "levelname": "WARNING", "process": 14540, "module": "views", "message": "API response slow", "pathname": "D:\\Django Practice\\core\\vege\\views.py", "funcName": "<module>", "lineno": 8}
{"asctime": "2025-05-04 04:02:44,466", "levelname": "ERROR", "process": 14540, "module": "views", "message": "Payment failed", "pathname": "D:\\Django Practice\\core\\vege\\views.py", "funcName": "<module>", "lineno": 9}
{"asctime": "2025-05-04 04:02:44,466", "levelname": "CRITICAL", "process": 14540, "module": "views", "message": "Database down", "pathname": "D:\\Django Practice\\core\\vege\\views.py", "funcName": "<module>", "lineno": 10}
{"asctime": "2025-05-04 04:02:44,506", "levelname": "INFO", "process": 14540, "module": "accounts_views_imports", "message": "User logged in", "pathname": "D:\\Django Practice\\core\\accounts\\accounts_views_imports.py", "funcName": "<module>", "lineno": 38}
{"asctime": "2025-05-04 04:02:44,516", "levelname": "WARNING", "process": 14540, "module": "accounts_views_imports", "message": "API response slow", "pathname": "D:\\Django Practice\\core\\accounts\\accounts_views_imports.py", "funcName": "<module>", "lineno": 39}
{"asctime": "2025-05-04 04:02:44,516", "levelname": "ERROR", "process": 14540, "module": "accounts_views_imports", "message": "Payment failed", "pathname": "D:\\Django Practice\\core\\accounts\\accounts_views_imports.py", "funcName": "<module>", "lineno": 40}
{"asctime": "2025-05-04 04:02:44,516", "levelname": "CRITICAL", "process": 14540, "module": "accounts_views_imports", "message": "Database down", "pathname": "D:\\Django Practice\\core\\accounts\\accounts_views_imports.py", "funcName": "<module>", "lineno": 41}
{"asctime": "2025-05-04 04:05:39,983", "levelname": "INFO", "process": 5748, "module": "views", "message": "User logged in", "pathname": "D:\\Django Practice\\core\\vege\\views.py", "funcName": "<module>", "lineno": 7}
{"asctime": "2025-05-04 04:05:39,985", "levelname": "WARNING", "process": 5748, "module": "views", "message": "API response slow", "pathname": "D:\\Django Practice\\core\\vege\\views.py", "funcName": "<module>", "lineno": 8}
{"asctime": "2025-05-04 04:05:39,987", "levelname": "ERROR", "process": 5748, "module": "views", "message": "Payment failed", "pathname": "D:\\Django Practice\\core\\vege\\views.py", "funcName": "<module>", "lineno": 9}
{"asctime": "2025-05-04 04:05:39,988", "levelname": "CRITICAL", "process": 5748, "module": "views", "message": "Database down", "pathname": "D:\\Django Practice\\core\\vege\\views.py", "funcName": "<module>", "lineno": 10}
{"asctime": "2025-05-04 04:05:40,042", "levelname": "INFO", "process": 5748, "module": "accounts_views_imports", "message": "User logged in", "pathname": "D:\\Django Practice\\core\\accounts\\accounts_views_imports.py", "funcName": "<module>", "lineno": 38}
{"asctime": "2025-05-04 04:05:40,047", "levelname": "WARNING", "process": 5748, "module": "accounts_views_imports", "message": "API response slow", "pathname": "D:\\Django Practice\\core\\accounts\\accounts_views_imports.py", "funcName": "<module>", "lineno": 39}
{"asctime": "2025-05-04 04:05:40,049", "levelname": "ERROR", "process": 5748, "module": "accounts_views_imports", "message": "Payment failed", "pathname": "D:\\Django Practice\\core\\accounts\\accounts_views_imports.py", "funcName": "<module>", "lineno": 40}
{"asctime": "2025-05-04 04:05:40,051", "levelname": "CRITICAL", "process": 5748, "module": "accounts_views_imports", "message": "Database down", "pathname": "D:\\Django Practice\\core\\accounts\\accounts_views_imports.py", "funcName": "<module>", "lineno": 41}
{"asctime": "2025-05-04 04:06:06,406", "levelname": "INFO", "process": 14464, "module": "views", "message": "User logged in", "pathname": "D:\\Django Practice\\core\\vege\\views.py", "funcName": "<module>", "lineno": 7}
{"asctime": "2025-05-04 04:06:06,409", "levelname": "WARNING", "process": 14464, "module": "views", "message": "API response slow", "pathname": "D:\\Django Practice\\core\\vege\\views.py", "funcName": "<module>", "lineno": 8}
{"asctime": "2025-05-04 04:06:06,411", "levelname": "ERROR", "process": 14464, "module": "views", "message": "Payment failed", "pathname": "D:\\Django Practice\\core\\vege\\views.py", "funcName": "<module>", "lineno": 9}
{"asctime": "2025-05-04 04:06:06,412", "levelname": "CRITICAL", "process": 14464, "module": "views", "message": "Database down", "pathname": "D:\\Django Practice\\core\\vege\\views.py", "funcName": "<module>", "lineno": 10}
{"asctime": "2025-05-04 04:06:06,442", "levelname": "INFO", "process": 14464, "module": "accounts_views_imports", "message": "User logged in", "pathname": "D:\\Django Practice\\core\\accounts\\accounts_views_imports.py", "funcName": "<module>", "lineno": 38}
{"asctime": "2025-05-04 04:06:06,444", "levelname": "WARNING", "process": 14464, "module": "accounts_views_imports", "message": "API response slow", "pathname": "D:\\Django Practice\\core\\accounts\\accounts_views_imports.py", "funcName": "<module>", "lineno": 39}
{"asctime": "2025-05-04 04:06:06,446", "levelname": "ERROR", "process": 14464, "module": "accounts_views_imports", "message": "Payment failed", "pathname": "D:\\Django Practice\\core\\accounts\\accounts_views_imports.py", "funcName": "<module>", "lineno": 40}
{"asctime": "2025-05-04 04:06:06,447", "levelname": "CRITICAL", "process": 14464, "module": "accounts_views_imports", "message": "Database down", "pathname": "D:\\Django Practice\\core\\accounts\\accounts_views_imports.py", "funcName": "<module>", "lineno": 41}
{"asctime": "2025-05-04 04:08:13,083", "levelname": "INFO", "process": 9808, "module": "views", "message": "User logged in", "pathname": "D:\\Django Practice\\core\\vege\\views.py", "funcName": "<module>", "lineno": 7}
{"asctime": "2025-05-04 04:08:13,085", "levelname": "WARNING", "process": 9808, "module": "views", "message": "API response slow", "pathname": "D:\\Django Practice\\core\\vege\\views.py", "funcName": "<module>", "lineno": 8}
{"asctime": "2025-05-04 04:08:13,087", "levelname": "ERROR", "process": 9808, "module": "views", "message": "Payment failed", "pathname": "D:\\Django Practice\\core\\vege\\views.py", "funcName": "<module>", "lineno": 9}
{"asctime": "2025-05-04 04:08:13,089", "levelname": "CRITICAL", "process": 9808, "module": "views", "message": "Database down", "pathname": "D:\\Django Practice\\core\\vege\\views.py", "funcName": "<module>", "lineno": 10}
{"asctime": "2025-05-04 04:08:13,141", "levelname": "INFO", "process": 9808, "module": "accounts_views_imports", "message": "User logged in", "pathname": "D:\\Django Practice\\core\\accounts\\accounts_views_imports.py", "funcName": "<module>", "lineno": 38}
{"asctime": "2025-05-04 04:08:13,143", "levelname": "WARNING", "process": 9808, "module": "accounts_views_imports", "message": "API response slow", "pathname": "D:\\Django Practice\\core\\accounts\\accounts_views_imports.py", "funcName": "<module>", "lineno": 39}
{"asctime": "2025-05-04 04:08:13,145", "levelname": "ERROR", "process": 9808, "module": "accounts_views_imports", "message": "Payment failed", "pathname": "D:\\Django Practice\\core\\accounts\\accounts_views_imports.py", "funcName": "<module>", "lineno": 40}
{"asctime": "2025-05-04 04:08:13,147", "levelname": "CRITICAL", "process": 9808, "module": "accounts_views_imports", "message": "Database down", "pathname": "D:\\Django Practice\\core\\accounts\\accounts_views_imports.py", "funcName": "<module>", "lineno": 41}
{"asctime": "2025-05-04 04:08:22,300", "levelname": "INFO", "process": 6952, "module": "views", "message": "User logged in", "pathname": "D:\\Django Practice\\core\\vege\\views.py", "funcName": "<module>", "lineno": 7}
{"asctime": "2025-05-04 04:08:22,302", "levelname": "WARNING", "process": 6952, "module": "views", "message": "API response slow", "pathname": "D:\\Django Practice\\core\\vege\\views.py", "funcName": "<module>", "lineno": 8}
{"asctime": "2025-05-04 04:08:22,304", "levelname": "ERROR", "process": 6952, "module": "views", "message": "Payment failed", "pathname": "D:\\Django Practice\\core\\vege\\views.py", "funcName": "<module>", "lineno": 9}
{"asctime": "2025-05-04 04:08:22,305", "levelname": "CRITICAL", "process": 6952, "module": "views", "message": "Database down", "pathname": "D:\\Django Practice\\core\\vege\\views.py", "funcName": "<module>", "lineno": 10}
{"asctime": "2025-05-04 04:08:22,349", "levelname": "INFO", "process": 6952, "module": "accounts_views_imports", "message": "User logged in", "pathname": "D:\\Django Practice\\core\\accounts\\accounts_views_imports.py", "funcName": "<module>", "lineno": 38}
{"asctime": "2025-05-04 04:08:22,351", "levelname": "WARNING", "process": 6952, "module": "accounts_views_imports", "message": "API response slow", "pathname": "D:\\Django Practice\\core\\accounts\\accounts_views_imports.py", "funcName": "<module>", "lineno": 39}
{"asctime": "2025-05-04 04:08:22,353", "levelname": "ERROR", "process": 6952, "module": "accounts_views_imports", "message": "Payment failed", "pathname": "D:\\Django Practice\\core\\accounts\\accounts_views_imports.py", "funcName": "<module>", "lineno": 40}
{"asctime": "2025-05-04 04:08:22,354", "levelname": "CRITICAL", "process": 6952, "module": "accounts_views_imports", "message": "Database down", "pathname": "D:\\Django Practice\\core\\accounts\\accounts_views_imports.py", "funcName": "<module>", "lineno": 41}
{"asctime": "2025-05-04 04:09:42,939", "levelname": "INFO", "process": 12332, "module": "views", "message": "User logged in", "pathname": "D:\\Django Practice\\core\\vege\\views.py", "funcName": "<module>", "lineno": 7}
{"asctime": "2025-05-04 04:09:42,941", "levelname": "WARNING", "process": 12332, "module": "views", "message": "API response slow", "pathname": "D:\\Django Practice\\core\\vege\\views.py", "funcName": "<module>", "lineno": 8}
{"asctime": "2025-05-04 04:09:42,943", "levelname": "ERROR", "process": 12332, "module": "views", "message": "Payment failed", "pathname": "D:\\Django Practice\\core\\vege\\views.py", "funcName": "<module>", "lineno": 9}
{"asctime": "2025-05-04 04:09:42,944", "levelname": "CRITICAL", "process": 12332, "module": "views", "message": "Database down", "pathname": "D:\\Django Practice\\core\\vege\\views.py", "funcName": "<module>", "lineno": 10}
{"asctime": "2025-05-04 04:09:42,990", "levelname": "INFO", "process": 12332, "module": "accounts_views_imports", "message": "User logged in", "pathname": "D:\\Django Practice\\core\\accounts\\accounts_views_imports.py", "funcName": "<module>", "lineno": 38}
{"asctime": "2025-05-04 04:09:42,992", "levelname": "WARNING", "process": 12332, "module": "accounts_views_imports", "message": "API response slow", "pathname": "D:\\Django Practice\\core\\accounts\\accounts_views_imports.py", "funcName": "<module>", "lineno": 39}
{"asctime": "2025-05-04 04:09:42,992", "levelname": "ERROR", "process": 12332, "module": "accounts_views_imports", "message": "Payment failed", "pathname": "D:\\Django Practice\\core\\accounts\\accounts_views_imports.py", "funcName": "<module>", "lineno": 40}
{"asctime": "2025-05-04 04:09:42,994", "levelname": "CRITICAL", "process": 12332, "module": "accounts_views_imports", "message": "Database down", "pathname": "D:\\Django Practice\\core\\accounts\\accounts_views_imports.py", "funcName": "<module>", "lineno": 41}
{"asctime": "2025-05-04 04:10:14,528", "levelname": "INFO", "process": 14352, "module": "views", "message": "User logged in", "pathname": "D:\\Django Practice\\core\\vege\\views.py", "funcName": "<module>", "lineno": 7}
{"asctime": "2025-05-04 04:10:14,530", "levelname": "WARNING", "process": 14352, "module": "views", "message": "API response slow", "pathname": "D:\\Django Practice\\core\\vege\\views.py", "funcName": "<module>", "lineno": 8}
{"asctime": "2025-05-04 04:10:14,531", "levelname": "ERROR", "process": 14352, "module": "views", "message": "Payment failed", "pathname": "D:\\Django Practice\\core\\vege\\views.py", "funcName": "<module>", "lineno": 9}
{"asctime": "2025-05-04 04:10:14,532", "levelname": "CRITICAL", "process": 14352, "module": "views", "message": "Database down", "pathname": "D:\\Django Practice\\core\\vege\\views.py", "funcName": "<module>", "lineno": 10}
{"asctime": "2025-05-04 04:10:14,573", "levelname": "INFO", "process": 14352, "module": "accounts_views_imports", "message": "User logged in", "pathname": "D:\\Django Practice\\core\\accounts\\accounts_views_imports.py", "funcName": "<module>", "lineno": 38}
{"asctime": "2025-05-04 04:10:14,577", "levelname": "WARNING", "process": 14352, "module": "accounts_views_imports", "message": "API response slow", "pathname": "D:\\Django Practice\\core\\accounts\\accounts_views_imports.py", "funcName": "<module>", "lineno": 39}
{"asctime": "2025-05-04 04:10:14,578", "levelname": "ERROR", "process": 14352, "module": "accounts_views_imports", "message": "Payment failed", "pathname": "D:\\Django Practice\\core\\accounts\\accounts_views_imports.py", "funcName": "<module>", "lineno": 40}
{"asctime": "2025-05-04 04:10:14,579", "levelname": "CRITICAL", "process": 14352, "module": "accounts_views_imports", "message": "Database down", "pathname": "D:\\Django Practice\\core\\accounts\\accounts_views_imports.py", "funcName": "<module>", "lineno": 41}
{"asctime": "2025-05-04 04:10:19,258", "levelname": "INFO", "process": 14056, "module": "views", "message": "User logged in", "pathname": "D:\\Django Practice\\core\\vege\\views.py", "funcName": "<module>", "lineno": 7}
{"asctime": "2025-05-04 04:10:19,260", "levelname": "WARNING", "process": 14056, "module": "views", "message": "API response slow", "pathname": "D:\\Django Practice\\core\\vege\\views.py", "funcName": "<module>", "lineno": 8}
{"asctime": "2025-05-04 04:10:19,262", "levelname": "ERROR", "process": 14056, "module": "views", "message": "Payment failed", "pathname": "D:\\Django Practice\\core\\vege\\views.py", "funcName": "<module>", "lineno": 9}
{"asctime": "2025-05-04 04:10:19,263", "levelname": "CRITICAL", "process": 14056, "module": "views", "message": "Database down", "pathname": "D:\\Django Practice\\core\\vege\\views.py", "funcName": "<module>", "lineno": 10}
{"asctime": "2025-05-04 04:10:19,303", "levelname": "INFO", "process": 14056, "module": "accounts_views_imports", "message": "User logged in", "pathname": "D:\\Django Practice\\core\\accounts\\accounts_views_imports.py", "funcName": "<module>", "lineno": 38}
{"asctime": "2025-05-04 04:10:19,305", "levelname": "WARNING", "process": 14056, "module": "accounts_views_imports", "message": "API response slow", "pathname": "D:\\Django Practice\\core\\accounts\\accounts_views_imports.py", "funcName": "<module>", "lineno": 39}
{"asctime": "2025-05-04 04:10:19,307", "levelname": "ERROR", "process": 14056, "module": "accounts_views_imports", "message": "Payment failed", "pathname": "D:\\Django Practice\\core\\accounts\\accounts_views_imports.py", "funcName": "<module>", "lineno": 40}
{"asctime": "2025-05-04 04:10:19,308", "levelname": "CRITICAL", "process": 14056, "module": "accounts_views_imports", "message": "Database down", "pathname": "D:\\Django Practice\\core\\accounts\\accounts_views_imports.py", "funcName": "<module>", "lineno": 41}
{"asctime": "2025-05-04 04:10:23,991", "levelname": "INFO", "process": 12252, "module": "views", "message": "User logged in", "pathname": "D:\\Django Practice\\core\\vege\\views.py", "funcName": "<module>", "lineno": 7}
{"asctime": "2025-05-04 04:10:23,993", "levelname": "WARNING", "process": 12252, "module": "views", "message": "API response slow", "pathname": "D:\\Django Practice\\core\\vege\\views.py", "funcName": "<module>", "lineno": 8}
{"asctime": "2025-05-04 04:10:23,995", "levelname": "ERROR", "process": 12252, "module": "views", "message": "Payment failed", "pathname": "D:\\Django Practice\\core\\vege\\views.py", "funcName": "<module>", "lineno": 9}
{"asctime": "2025-05-04 04:10:23,995", "levelname": "CRITICAL", "process": 12252, "module": "views", "message": "Database down", "pathname": "D:\\Django Practice\\core\\vege\\views.py", "funcName": "<module>", "lineno": 10}
{"asctime": "2025-05-04 04:10:24,042", "levelname": "INFO", "process": 12252, "module": "accounts_views_imports", "message": "User logged in", "pathname": "D:\\Django Practice\\core\\accounts\\accounts_views_imports.py", "funcName": "<module>", "lineno": 38}
{"asctime": "2025-05-04 04:10:24,044", "levelname": "WARNING", "process": 12252, "module": "accounts_views_imports", "message": "API response slow", "pathname": "D:\\Django Practice\\core\\accounts\\accounts_views_imports.py", "funcName": "<module>", "lineno": 39}
{"asctime": "2025-05-04 04:10:24,045", "levelname": "ERROR", "process": 12252, "module": "accounts_views_imports", "message": "Payment failed", "pathname": "D:\\Django Practice\\core\\accounts\\accounts_views_imports.py", "funcName": "<module>", "lineno": 40}
{"asctime": "2025-05-04 04:10:24,047", "levelname": "CRITICAL", "process": 12252, "module": "accounts_views_imports", "message": "Database down", "pathname": "D:\\Django Practice\\core\\accounts\\accounts_views_imports.py", "funcName": "<module>", "lineno": 41}
{"asctime": "2025-05-04 04:11:10,697", "levelname": "INFO", "process": 14008, "module": "views", "message": "User logged in", "pathname": "D:\\Django Practice\\core\\vege\\views.py", "funcName": "<module>", "lineno": 7}
{"asctime": "2025-05-04 04:11:10,699", "levelname": "WARNING", "process": 14008, "module": "views", "message": "API response slow", "pathname": "D:\\Django Practice\\core\\vege\\views.py", "funcName": "<module>", "lineno": 8}
{"asctime": "2025-05-04 04:11:10,700", "levelname": "ERROR", "process": 14008, "module": "views", "message": "Payment failed", "pathname": "D:\\Django Practice\\core\\vege\\views.py", "funcName": "<module>", "lineno": 9}
{"asctime": "2025-05-04 04:11:10,701", "levelname": "CRITICAL", "process": 14008, "module": "views", "message": "Database down", "pathname": "D:\\Django Practice\\core\\vege\\views.py", "funcName": "<module>", "lineno": 10}
{"asctime": "2025-05-04 04:11:10,762", "levelname": "INFO", "process": 14008, "module": "accounts_views_imports", "message": "User logged in", "pathname": "D:\\Django Practice\\core\\accounts\\accounts_views_imports.py", "funcName": "<module>", "lineno": 38}
{"asctime": "2025-05-04 04:11:10,765", "levelname": "WARNING", "process": 14008, "module": "accounts_views_imports", "message": "API response slow", "pathname": "D:\\Django Practice\\core\\accounts\\accounts_views_imports.py", "funcName": "<module>", "lineno": 39}
{"asctime": "2025-05-04 04:11:10,765", "levelname": "ERROR", "process": 14008, "module": "accounts_views_imports", "message": "Payment failed", "pathname": "D:\\Django Practice\\core\\accounts\\accounts_views_imports.py", "funcName": "<module>", "lineno": 40}
{"asctime": "2025-05-04 04:11:10,766", "levelname": "CRITICAL", "process": 14008, "module": "accounts_views_imports", "message": "Database down", "pathname": "D:\\Django Practice\\core\\accounts\\accounts_views_imports.py", "funcName": "<module>", "lineno": 41}
{"asctime": "2025-05-04 04:11:25,062", "levelname": "INFO", "process": 10992, "module": "views", "message": "User logged in", "pathname": "D:\\Django Practice\\core\\vege\\views.py", "funcName": "<module>", "lineno": 7}
{"asctime": "2025-05-04 04:11:25,064", "levelname": "WARNING", "process": 10992, "module": "views", "message": "API response slow", "pathname": "D:\\Django Practice\\core\\vege\\views.py", "funcName": "<module>", "lineno": 8}
{"asctime": "2025-05-04 04:11:25,066", "levelname": "ERROR", "process": 10992, "module": "views", "message": "Payment failed", "pathname": "D:\\Django Practice\\core\\vege\\views.py", "funcName": "<module>", "lineno": 9}
{"asctime": "2025-05-04 04:11:25,067", "levelname": "CRITICAL", "process": 10992, "module": "views", "message": "Database down", "pathname": "D:\\Django Practice\\core\\vege\\views.py", "funcName": "<module>", "lineno": 10}
{"asctime": "2025-05-04 04:11:25,118", "levelname": "INFO", "process": 10992, "module": "accounts_views_imports", "message": "User logged in", "pathname": "D:\\Django Practice\\core\\accounts\\accounts_views_imports.py", "funcName": "<module>", "lineno": 38}
{"asctime": "2025-05-04 04:11:25,120", "levelname": "WARNING", "process": 10992, "module": "accounts_views_imports", "message": "API response slow", "pathname": "D:\\Django Practice\\core\\accounts\\accounts_views_imports.py", "funcName": "<module>", "lineno": 39}
{"asctime": "2025-05-04 04:11:25,122", "levelname": "ERROR", "process": 10992, "module": "accounts_views_imports", "message": "Payment failed", "pathname": "D:\\Django Practice\\core\\accounts\\accounts_views_imports.py", "funcName": "<module>", "lineno": 40}
{"asctime": "2025-05-04 04:11:25,123", "levelname": "CRITICAL", "process": 10992, "module": "accounts_views_imports", "message": "Database down", "pathname": "D:\\Django Practice\\core\\accounts\\accounts_views_imports.py", "funcName": "<module>", "lineno": 41}
{"asctime": "2025-05-04 04:13:09,137", "levelname": "INFO", "process": 10904, "module": "views", "message": "User logged in", "pathname": "D:\\Django Practice\\core\\vege\\views.py", "funcName": "<module>", "lineno": 7}
{"asctime": "2025-05-04 04:13:09,139", "levelname": "WARNING", "process": 10904, "module": "views", "message": "API response slow", "pathname": "D:\\Django Practice\\core\\vege\\views.py", "funcName": "<module>", "lineno": 8}
{"asctime": "2025-05-04 04:13:09,140", "levelname": "ERROR", "process": 10904, "module": "views", "message": "Payment failed", "pathname": "D:\\Django Practice\\core\\vege\\views.py", "funcName": "<module>", "lineno": 9}
{"asctime": "2025-05-04 04:13:09,141", "levelname": "CRITICAL", "process": 10904, "module": "views", "message": "Database down", "pathname": "D:\\Django Practice\\core\\vege\\views.py", "funcName": "<module>", "lineno": 10}
{"asctime": "2025-05-04 04:13:09,190", "levelname": "INFO", "process": 10904, "module": "accounts_views_imports", "message": "User logged in", "pathname": "D:\\Django Practice\\core\\accounts\\accounts_views_imports.py", "funcName": "<module>", "lineno": 38}
{"asctime": "2025-05-04 04:13:09,191", "levelname": "WARNING", "process": 10904, "module": "accounts_views_imports", "message": "API response slow", "pathname": "D:\\Django Practice\\core\\accounts\\accounts_views_imports.py", "funcName": "<module>", "lineno": 39}
{"asctime": "2025-05-04 04:13:09,193", "levelname": "ERROR", "process": 10904, "module": "accounts_views_imports", "message": "Payment failed", "pathname": "D:\\Django Practice\\core\\accounts\\accounts_views_imports.py", "funcName": "<module>", "lineno": 40}
{"asctime": "2025-05-04 04:13:09,194", "levelname": "CRITICAL", "process": 10904, "module": "accounts_views_imports", "message": "Database down", "pathname": "D:\\Django Practice\\core\\accounts\\accounts_views_imports.py", "funcName": "<module>", "lineno": 41}
{"asctime": "2025-05-04 04:13:46,182", "levelname": "INFO", "process": 6420, "module": "views", "message": "User logged in", "pathname": "D:\\Django Practice\\core\\vege\\views.py", "funcName": "<module>", "lineno": 7}
{"asctime": "2025-05-04 04:13:46,184", "levelname": "WARNING", "process": 6420, "module": "views", "message": "API response slow", "pathname": "D:\\Django Practice\\core\\vege\\views.py", "funcName": "<module>", "lineno": 8}
{"asctime": "2025-05-04 04:13:46,185", "levelname": "ERROR", "process": 6420, "module": "views", "message": "Payment failed", "pathname": "D:\\Django Practice\\core\\vege\\views.py", "funcName": "<module>", "lineno": 9}
{"asctime": "2025-05-04 04:13:46,186", "levelname": "CRITICAL", "process": 6420, "module": "views", "message": "Database down", "pathname": "D:\\Django Practice\\core\\vege\\views.py", "funcName": "<module>", "lineno": 10}
{"asctime": "2025-05-04 04:13:46,243", "levelname": "INFO", "process": 6420, "module": "accounts_views_imports", "message": "User logged in", "pathname": "D:\\Django Practice\\core\\accounts\\accounts_views_imports.py", "funcName": "<module>", "lineno": 38}
{"asctime": "2025-05-04 04:13:46,245", "levelname": "WARNING", "process": 6420, "module": "accounts_views_imports", "message": "API response slow", "pathname": "D:\\Django Practice\\core\\accounts\\accounts_views_imports.py", "funcName": "<module>", "lineno": 39}
{"asctime": "2025-05-04 04:13:46,247", "levelname": "ERROR", "process": 6420, "module": "accounts_views_imports", "message": "Payment failed", "pathname": "D:\\Django Practice\\core\\accounts\\accounts_views_imports.py", "funcName": "<module>", "lineno": 40}
{"asctime": "2025-05-04 04:13:46,248", "levelname": "CRITICAL", "process": 6420, "module": "accounts_views_imports", "message": "Database down", "pathname": "D:\\Django Practice\\core\\accounts\\accounts_views_imports.py", "funcName": "<module>", "lineno": 41}
{"asctime": "2025-05-04 04:13:51,633", "levelname": "INFO", "process": 7768, "module": "views", "message": "User logged in", "pathname": "D:\\Django Practice\\core\\vege\\views.py", "funcName": "<module>", "lineno": 7}
{"asctime": "2025-05-04 04:13:51,635", "levelname": "WARNING", "process": 7768, "module": "views", "message": "API response slow", "pathname": "D:\\Django Practice\\core\\vege\\views.py", "funcName": "<module>", "lineno": 8}
{"asctime": "2025-05-04 04:13:51,636", "levelname": "ERROR", "process": 7768, "module": "views", "message": "Payment failed", "pathname": "D:\\Django Practice\\core\\vege\\views.py", "funcName": "<module>", "lineno": 9}
{"asctime": "2025-05-04 04:13:51,637", "levelname": "CRITICAL", "process": 7768, "module": "views", "message": "Database down", "pathname": "D:\\Django Practice\\core\\vege\\views.py", "funcName": "<module>", "lineno": 10}
{"asctime": "2025-05-04 04:13:51,684", "levelname": "INFO", "process": 7768, "module": "accounts_views_imports", "message": "User logged in", "pathname": "D:\\Django Practice\\core\\accounts\\accounts_views_imports.py", "funcName": "<module>", "lineno": 38}
{"asctime": "2025-05-04 04:13:51,686", "levelname": "WARNING", "process": 7768, "module": "accounts_views_imports", "message": "API response slow", "pathname": "D:\\Django Practice\\core\\accounts\\accounts_views_imports.py", "funcName": "<module>", "lineno": 39}
{"asctime": "2025-05-04 04:13:51,688", "levelname": "ERROR", "process": 7768, "module": "accounts_views_imports", "message": "Payment failed", "pathname": "D:\\Django Practice\\core\\accounts\\accounts_views_imports.py", "funcName": "<module>", "lineno": 40}
{"asctime": "2025-05-04 04:13:51,689", "levelname": "CRITICAL", "process": 7768, "module": "accounts_views_imports", "message": "Database down", "pathname": "D:\\Django Practice\\core\\accounts\\accounts_views_imports.py", "funcName": "<module>", "lineno": 41}
{"asctime": "2025-05-04 04:14:21,831", "levelname": "INFO", "process": 13572, "module": "views", "message": "User logged in", "pathname": "D:\\Django Practice\\core\\vege\\views.py", "funcName": "<module>", "lineno": 7}
{"asctime": "2025-05-04 04:14:21,834", "levelname": "WARNING", "process": 13572, "module": "views", "message": "API response slow", "pathname": "D:\\Django Practice\\core\\vege\\views.py", "funcName": "<module>", "lineno": 8}
{"asctime": "2025-05-04 04:14:21,835", "levelname": "ERROR", "process": 13572, "module": "views", "message": "Payment failed", "pathname": "D:\\Django Practice\\core\\vege\\views.py", "funcName": "<module>", "lineno": 9}
{"asctime": "2025-05-04 04:14:21,836", "levelname": "CRITICAL", "process": 13572, "module": "views", "message": "Database down", "pathname": "D:\\Django Practice\\core\\vege\\views.py", "funcName": "<module>", "lineno": 10}
{"asctime": "2025-05-04 04:14:21,886", "levelname": "INFO", "process": 13572, "module": "accounts_views_imports", "message": "User logged in", "pathname": "D:\\Django Practice\\core\\accounts\\accounts_views_imports.py", "funcName": "<module>", "lineno": 38}
{"asctime": "2025-05-04 04:14:21,888", "levelname": "WARNING", "process": 13572, "module": "accounts_views_imports", "message": "API response slow", "pathname": "D:\\Django Practice\\core\\accounts\\accounts_views_imports.py", "funcName": "<module>", "lineno": 39}
{"asctime": "2025-05-04 04:14:21,890", "levelname": "ERROR", "process": 13572, "module": "accounts_views_imports", "message": "Payment failed", "pathname": "D:\\Django Practice\\core\\accounts\\accounts_views_imports.py", "funcName": "<module>", "lineno": 40}
{"asctime": "2025-05-04 04:14:21,891", "levelname": "CRITICAL", "process": 13572, "module": "accounts_views_imports", "message": "Database down", "pathname": "D:\\Django Practice\\core\\accounts\\accounts_views_imports.py", "funcName": "<module>", "lineno": 41}
{"asctime": "2025-05-04 04:14:26,975", "levelname": "INFO", "process": 3920, "module": "views", "message": "User logged in", "pathname": "D:\\Django Practice\\core\\vege\\views.py", "funcName": "<module>", "lineno": 7}
{"asctime": "2025-05-04 04:14:26,977", "levelname": "WARNING", "process": 3920, "module": "views", "message": "API response slow", "pathname": "D:\\Django Practice\\core\\vege\\views.py", "funcName": "<module>", "lineno": 8}
{"asctime": "2025-05-04 04:14:26,978", "levelname": "ERROR", "process": 3920, "module": "views", "message": "Payment failed", "pathname": "D:\\Django Practice\\core\\vege\\views.py", "funcName": "<module>", "lineno": 9}
{"asctime": "2025-05-04 04:14:26,979", "levelname": "CRITICAL", "process": 3920, "module": "views", "message": "Database down", "pathname": "D:\\Django Practice\\core\\vege\\views.py", "funcName": "<module>", "lineno": 10}
{"asctime": "2025-05-04 04:14:27,027", "levelname": "INFO", "process": 3920, "module": "accounts_views_imports", "message": "User logged in", "pathname": "D:\\Django Practice\\core\\accounts\\accounts_views_imports.py", "funcName": "<module>", "lineno": 38}
{"asctime": "2025-05-04 04:14:27,029", "levelname": "WARNING", "process": 3920, "module": "accounts_views_imports", "message": "API response slow", "pathname": "D:\\Django Practice\\core\\accounts\\accounts_views_imports.py", "funcName": "<module>", "lineno": 39}
{"asctime": "2025-05-04 04:14:27,031", "levelname": "ERROR", "process": 3920, "module": "accounts_views_imports", "message": "Payment failed", "pathname": "D:\\Django Practice\\core\\accounts\\accounts_views_imports.py", "funcName": "<module>", "lineno": 40}
{"asctime": "2025-05-04 04:14:27,032", "levelname": "CRITICAL", "process": 3920, "module": "accounts_views_imports", "message": "Database down", "pathname": "D:\\Django Practice\\core\\accounts\\accounts_views_imports.py", "funcName": "<module>", "lineno": 41}
{"asctime": "2025-05-04 04:29:20,618", "levelname": "INFO", "process": 9708, "module": "views", "message": "User logged in", "pathname": "D:\\Django Practice\\core\\vege\\views.py", "funcName": "<module>", "lineno": 7}
{"asctime": "2025-05-04 04:29:20,618", "levelname": "WARNING", "process": 9708, "module": "views", "message": "API response slow", "pathname": "D:\\Django Practice\\core\\vege\\views.py", "funcName": "<module>", "lineno": 8}
{"asctime": "2025-05-04 04:29:20,618", "levelname": "ERROR", "process": 9708, "module": "views", "message": "Payment failed", "pathname": "D:\\Django Practice\\core\\vege\\views.py", "funcName": "<module>", "lineno": 9}
{"asctime": "2025-05-04 04:29:20,618", "levelname": "CRITICAL", "process": 9708, "module": "views", "message": "Database down", "pathname": "D:\\Django Practice\\core\\vege\\views.py", "funcName": "<module>", "lineno": 10}
{"asctime": "2025-05-04 04:29:20,658", "levelname": "INFO", "process": 9708, "module": "accounts_views_imports", "message": "User logged in", "pathname": "D:\\Django Practice\\core\\accounts\\accounts_views_imports.py", "funcName": "<module>", "lineno": 38}
{"asctime": "2025-05-04 04:29:20,658", "levelname": "WARNING", "process": 9708, "module": "accounts_views_imports", "message": "API response slow", "pathname": "D:\\Django Practice\\core\\accounts\\accounts_views_imports.py", "funcName": "<module>", "lineno": 39}
{"asctime": "2025-05-04 04:29:20,658", "levelname": "ERROR", "process": 9708, "module": "accounts_views_imports", "message": "Payment failed", "pathname": "D:\\Django Practice\\core\\accounts\\accounts_views_imports.py", "funcName": "<module>", "lineno": 40}
{"asctime": "2025-05-04 04:29:20,658", "levelname": "CRITICAL", "process": 9708, "module": "accounts_views_imports", "message": "Database down", "pathname": "D:\\Django Practice\\core\\accounts\\accounts_views_imports.py", "funcName": "<module>", "lineno": 41}
{"asctime": "2025-05-04 04:29:24,958", "levelname": "INFO", "process": 13060, "module": "views", "message": "User logged in", "pathname": "D:\\Django Practice\\core\\vege\\views.py", "funcName": "<module>", "lineno": 7}
{"asctime": "2025-05-04 04:29:24,958", "levelname": "WARNING", "process": 13060, "module": "views", "message": "API response slow", "pathname": "D:\\Django Practice\\core\\vege\\views.py", "funcName": "<module>", "lineno": 8}
{"asctime": "2025-05-04 04:29:24,958", "levelname": "ERROR", "process": 13060, "module": "views", "message": "Payment failed", "pathname": "D:\\Django Practice\\core\\vege\\views.py", "funcName": "<module>", "lineno": 9}
{"asctime": "2025-05-04 04:29:24,958", "levelname": "CRITICAL", "process": 13060, "module": "views", "message": "Database down", "pathname": "D:\\Django Practice\\core\\vege\\views.py", "funcName": "<module>", "lineno": 10}
{"asctime": "2025-05-04 04:29:24,998", "levelname": "INFO", "process": 13060, "module": "accounts_views_imports", "message": "User logged in", "pathname": "D:\\Django Practice\\core\\accounts\\accounts_views_imports.py", "funcName": "<module>", "lineno": 38}
{"asctime": "2025-05-04 04:29:24,998", "levelname": "WARNING", "process": 13060, "module": "accounts_views_imports", "message": "API response slow", "pathname": "D:\\Django Practice\\core\\accounts\\accounts_views_imports.py", "funcName": "<module>", "lineno": 39}
{"asctime": "2025-05-04 04:29:24,998", "levelname": "ERROR", "process": 13060, "module": "accounts_views_imports", "message": "Payment failed", "pathname": "D:\\Django Practice\\core\\accounts\\accounts_views_imports.py", "funcName": "<module>", "lineno": 40}
{"asctime": "2025-05-04 04:29:25,009", "levelname": "CRITICAL", "process": 13060, "module": "accounts_views_imports", "message": "Database down", "pathname": "D:\\Django Practice\\core\\accounts\\accounts_views_imports.py", "funcName": "<module>", "lineno": 41}
{"asctime": "2025-05-04 04:29:34,788", "levelname": "INFO", "process": 14008, "module": "views", "message": "User logged in", "pathname": "D:\\Django Practice\\core\\vege\\views.py", "funcName": "<module>", "lineno": 7}
{"asctime": "2025-05-04 04:29:34,788", "levelname": "WARNING", "process": 14008, "module": "views", "message": "API response slow", "pathname": "D:\\Django Practice\\core\\vege\\views.py", "funcName": "<module>", "lineno": 8}
{"asctime": "2025-05-04 04:29:34,788", "levelname": "ERROR", "process": 14008, "module": "views", "message": "Payment failed", "pathname": "D:\\Django Practice\\core\\vege\\views.py", "funcName": "<module>", "lineno": 9}
{"asctime": "2025-05-04 04:29:34,788", "levelname": "CRITICAL", "process": 14008, "module": "views", "message": "Database down", "pathname": "D:\\Django Practice\\core\\vege\\views.py", "funcName": "<module>", "lineno": 10}
{"asctime": "2025-05-04 04:29:34,836", "levelname": "INFO", "process": 14008, "module": "accounts_views_imports", "message": "User logged in", "pathname": "D:\\Django Practice\\core\\accounts\\accounts_views_imports.py", "funcName": "<module>", "lineno": 38}
{"asctime": "2025-05-04 04:29:34,838", "levelname": "WARNING", "process": 14008, "module": "accounts_views_imports", "message": "API response slow", "pathname": "D:\\Django Practice\\core\\accounts\\accounts_views_imports.py", "funcName": "<module>", "lineno": 39}
{"asctime": "2025-05-04 04:29:34,841", "levelname": "ERROR", "process": 14008, "module": "accounts_views_imports", "message": "Payment failed", "pathname": "D:\\Django Practice\\core\\accounts\\accounts_views_imports.py", "funcName": "<module>", "lineno": 40}
{"asctime": "2025-05-04 04:29:34,842", "levelname": "CRITICAL", "process": 14008, "module": "accounts_views_imports", "message": "Database down", "pathname": "D:\\Django Practice\\core\\accounts\\accounts_views_imports.py", "funcName": "<module>", "lineno": 41}
{"asctime": "2025-05-04 04:29:40,108", "levelname": "INFO", "process": 10980, "module": "views", "message": "User logged in", "pathname": "D:\\Django Practice\\core\\vege\\views.py", "funcName": "<module>", "lineno": 7}
{"asctime": "2025-05-04 04:29:40,118", "levelname": "WARNING", "process": 10980, "module": "views", "message": "API response slow", "pathname": "D:\\Django Practice\\core\\vege\\views.py", "funcName": "<module>", "lineno": 8}
{"asctime": "2025-05-04 04:29:40,118", "levelname": "ERROR", "process": 10980, "module": "views", "message": "Payment failed", "pathname": "D:\\Django Practice\\core\\vege\\views.py", "funcName": "<module>", "lineno": 9}
{"asctime": "2025-05-04 04:29:40,118", "levelname": "CRITICAL", "process": 10980, "module": "views", "message": "Database down", "pathname": "D:\\Django Practice\\core\\vege\\views.py", "funcName": "<module>", "lineno": 10}
{"asctime": "2025-05-04 04:29:40,165", "levelname": "INFO", "process": 10980, "module": "accounts_views_imports", "message": "User logged in", "pathname": "D:\\Django Practice\\core\\accounts\\accounts_views_imports.py", "funcName": "<module>", "lineno": 38}
{"asctime": "2025-05-04 04:29:40,167", "levelname": "WARNING", "process": 10980, "module": "accounts_views_imports", "message": "API response slow", "pathname": "D:\\Django Practice\\core\\accounts\\accounts_views_imports.py", "funcName": "<module>", "lineno": 39}
{"asctime": "2025-05-04 04:29:40,169", "levelname": "ERROR", "process": 10980, "module": "accounts_views_imports", "message": "Payment failed", "pathname": "D:\\Django Practice\\core\\accounts\\accounts_views_imports.py", "funcName": "<module>", "lineno": 40}
{"asctime": "2025-05-04 04:29:40,169", "levelname": "CRITICAL", "process": 10980, "module": "accounts_views_imports", "message": "Database down", "pathname": "D:\\Django Practice\\core\\accounts\\accounts_views_imports.py", "funcName": "<module>", "lineno": 41}
{"asctime": "2025-05-04 04:29:47,508", "levelname": "INFO", "process": 6884, "module": "views", "message": "User logged in", "pathname": "D:\\Django Practice\\core\\vege\\views.py", "funcName": "<module>", "lineno": 7}
{"asctime": "2025-05-04 04:29:47,508", "levelname": "WARNING", "process": 6884, "module": "views", "message": "API response slow", "pathname": "D:\\Django Practice\\core\\vege\\views.py", "funcName": "<module>", "lineno": 8}
{"asctime": "2025-05-04 04:29:47,508", "levelname": "ERROR", "process": 6884, "module": "views", "message": "Payment failed", "pathname": "D:\\Django Practice\\core\\vege\\views.py", "funcName": "<module>", "lineno": 9}
{"asctime": "2025-05-04 04:29:47,508", "levelname": "CRITICAL", "process": 6884, "module": "views", "message": "Database down", "pathname": "D:\\Django Practice\\core\\vege\\views.py", "funcName": "<module>", "lineno": 10}
{"asctime": "2025-05-04 04:29:47,548", "levelname": "INFO", "process": 6884, "module": "accounts_views_imports", "message": "User logged in", "pathname": "D:\\Django Practice\\core\\accounts\\accounts_views_imports.py", "funcName": "<module>", "lineno": 38}
{"asctime": "2025-05-04 04:29:47,548", "levelname": "WARNING", "process": 6884, "module": "accounts_views_imports", "message": "API response slow", "pathname": "D:\\Django Practice\\core\\accounts\\accounts_views_imports.py", "funcName": "<module>", "lineno": 39}
{"asctime": "2025-05-04 04:29:47,559", "levelname": "ERROR", "process": 6884, "module": "accounts_views_imports", "message": "Payment failed", "pathname": "D:\\Django Practice\\core\\accounts\\accounts_views_imports.py", "funcName": "<module>", "lineno": 40}
{"asctime": "2025-05-04 04:29:47,561", "levelname": "CRITICAL", "process": 6884, "module": "accounts_views_imports", "message": "Database down", "pathname": "D:\\Django Practice\\core\\accounts\\accounts_views_imports.py", "funcName": "<module>", "lineno": 41}
{"asctime": "2025-05-04 04:33:16,831", "levelname": "INFO", "process": 1048, "module": "views", "message": "User logged in", "pathname": "D:\\Django Practice\\core\\vege\\views.py", "funcName": "<module>", "lineno": 7}
{"asctime": "2025-05-04 04:33:16,831", "levelname": "WARNING", "process": 1048, "module": "views", "message": "API response slow", "pathname": "D:\\Django Practice\\core\\vege\\views.py", "funcName": "<module>", "lineno": 8}
{"asctime": "2025-05-04 04:33:16,831", "levelname": "ERROR", "process": 1048, "module": "views", "message": "Payment failed", "pathname": "D:\\Django Practice\\core\\vege\\views.py", "funcName": "<module>", "lineno": 9}
{"asctime": "2025-05-04 04:33:16,831", "levelname": "CRITICAL", "process": 1048, "module": "views", "message": "Database down", "pathname": "D:\\Django Practice\\core\\vege\\views.py", "funcName": "<module>", "lineno": 10}
{"asctime": "2025-05-04 04:33:16,851", "levelname": "INFO", "process": 1048, "module": "accounts_views_imports", "message": "User logged in", "pathname": "D:\\Django Practice\\core\\accounts\\accounts_views_imports.py", "funcName": "<module>", "lineno": 38}
{"asctime": "2025-05-04 04:33:16,851", "levelname": "WARNING", "process": 1048, "module": "accounts_views_imports", "message": "API response slow", "pathname": "D:\\Django Practice\\core\\accounts\\accounts_views_imports.py", "funcName": "<module>", "lineno": 39}
{"asctime": "2025-05-04 04:33:16,851", "levelname": "ERROR", "process": 1048, "module": "accounts_views_imports", "message": "Payment failed", "pathname": "D:\\Django Practice\\core\\accounts\\accounts_views_imports.py", "funcName": "<module>", "lineno": 40}
{"asctime": "2025-05-04 04:33:16,851", "levelname": "CRITICAL", "process": 1048, "module": "accounts_views_imports", "message": "Database down", "pathname": "D:\\Django Practice\\core\\accounts\\accounts_views_imports.py", "funcName": "<module>", "lineno": 41}
{"asctime": "2025-05-04 04:42:58,636", "levelname": "INFO", "process": 9832, "module": "views", "message": "User logged in", "pathname": "D:\\Django Practice\\core\\vege\\views.py", "funcName": "<module>", "lineno": 7}
{"asctime": "2025-05-04 04:42:58,638", "levelname": "WARNING", "process": 9832, "module": "views", "message": "API response slow", "pathname": "D:\\Django Practice\\core\\vege\\views.py", "funcName": "<module>", "lineno": 8}
{"asctime": "2025-05-04 04:42:58,641", "levelname": "ERROR", "process": 9832, "module": "views", "message": "Payment failed", "pathname": "D:\\Django Practice\\core\\vege\\views.py", "funcName": "<module>", "lineno": 9}
{"asctime": "2025-05-04 04:42:58,642", "levelname": "CRITICAL", "process": 9832, "module": "views", "message": "Database down", "pathname": "D:\\Django Practice\\core\\vege\\views.py", "funcName": "<module>", "lineno": 10}
{"asctime": "2025-05-04 04:42:58,683", "levelname": "INFO", "process": 9832, "module": "accounts_views_imports", "message": "User logged in", "pathname": "D:\\Django Practice\\core\\accounts\\accounts_views_imports.py", "funcName": "<module>", "lineno": 38}
{"asctime": "2025-05-04 04:42:58,684", "levelname": "WARNING", "process": 9832, "module": "accounts_views_imports", "message": "API response slow", "pathname": "D:\\Django Practice\\core\\accounts\\accounts_views_imports.py", "funcName": "<module>", "lineno": 39}
{"asctime": "2025-05-04 04:42:58,687", "levelname": "ERROR", "process": 9832, "module": "accounts_views_imports", "message": "Payment failed", "pathname": "D:\\Django Practice\\core\\accounts\\accounts_views_imports.py", "funcName": "<module>", "lineno": 40}
{"asctime": "2025-05-04 04:42:58,689", "levelname": "CRITICAL", "process": 9832, "module": "accounts_views_imports", "message": "Database down", "pathname": "D:\\Django Practice\\core\\accounts\\accounts_views_imports.py", "funcName": "<module>", "lineno": 41}
{"asctime": "2025-05-04 04:50:02,944", "levelname": "INFO", "process": 14352, "module": "views", "message": "User logged in", "pathname": "D:\\Django Practice\\core\\vege\\views.py", "funcName": "<module>", "lineno": 7}
{"asctime": "2025-05-04 04:50:02,946", "levelname": "WARNING", "process": 14352, "module": "views", "message": "API response slow", "pathname": "D:\\Django Practice\\core\\vege\\views.py", "funcName": "<module>", "lineno": 8}
{"asctime": "2025-05-04 04:50:02,947", "levelname": "ERROR", "process": 14352, "module": "views", "message": "Payment failed", "pathname": "D:\\Django Practice\\core\\vege\\views.py", "funcName": "<module>", "lineno": 9}
{"asctime": "2025-05-04 04:50:02,948", "levelname": "CRITICAL", "process": 14352, "module": "views", "message": "Database down", "pathname": "D:\\Django Practice\\core\\vege\\views.py", "funcName": "<module>", "lineno": 10}
{"asctime": "2025-05-04 04:50:02,978", "levelname": "INFO", "process": 14352, "module": "accounts_views_imports", "message": "User logged in", "pathname": "D:\\Django Practice\\core\\accounts\\accounts_views_imports.py", "funcName": "<module>", "lineno": 39}
{"asctime": "2025-05-04 04:50:02,980", "levelname": "WARNING", "process": 14352, "module": "accounts_views_imports", "message": "API response slow", "pathname": "D:\\Django Practice\\core\\accounts\\accounts_views_imports.py", "funcName": "<module>", "lineno": 40}
{"asctime": "2025-05-04 04:50:02,981", "levelname": "ERROR", "process": 14352, "module": "accounts_views_imports", "message": "Payment failed", "pathname": "D:\\Django Practice\\core\\accounts\\accounts_views_imports.py", "funcName": "<module>", "lineno": 41}
{"asctime": "2025-05-04 04:50:02,981", "levelname": "CRITICAL", "process": 14352, "module": "accounts_views_imports", "message": "Database down", "pathname": "D:\\Django Practice\\core\\accounts\\accounts_views_imports.py", "funcName": "<module>", "lineno": 42}
{"asctime": "2025-05-04 04:50:08,613", "levelname": "INFO", "process": 7944, "module": "views", "message": "User logged in", "pathname": "D:\\Django Practice\\core\\vege\\views.py", "funcName": "<module>", "lineno": 7}
{"asctime": "2025-05-04 04:50:08,615", "levelname": "WARNING", "process": 7944, "module": "views", "message": "API response slow", "pathname": "D:\\Django Practice\\core\\vege\\views.py", "funcName": "<module>", "lineno": 8}
{"asctime": "2025-05-04 04:50:08,616", "levelname": "ERROR", "process": 7944, "module": "views", "message": "Payment failed", "pathname": "D:\\Django Practice\\core\\vege\\views.py", "funcName": "<module>", "lineno": 9}
{"asctime": "2025-05-04 04:50:08,617", "levelname": "CRITICAL", "process": 7944, "module": "views", "message": "Database down", "pathname": "D:\\Django Practice\\core\\vege\\views.py", "funcName": "<module>", "lineno": 10}
{"asctime": "2025-05-04 04:50:08,641", "levelname": "INFO", "process": 7944, "module": "accounts_views_imports", "message": "User logged in", "pathname": "D:\\Django Practice\\core\\accounts\\accounts_views_imports.py", "funcName": "<module>", "lineno": 39}
{"asctime": "2025-05-04 04:50:08,642", "levelname": "WARNING", "process": 7944, "module": "accounts_views_imports", "message": "API response slow", "pathname": "D:\\Django Practice\\core\\accounts\\accounts_views_imports.py", "funcName": "<module>", "lineno": 40}
{"asctime": "2025-05-04 04:50:08,643", "levelname": "ERROR", "process": 7944, "module": "accounts_views_imports", "message": "Payment failed", "pathname": "D:\\Django Practice\\core\\accounts\\accounts_views_imports.py", "funcName": "<module>", "lineno": 41}
{"asctime": "2025-05-04 04:50:08,644", "levelname": "CRITICAL", "process": 7944, "module": "accounts_views_imports", "message": "Database down", "pathname": "D:\\Django Practice\\core\\accounts\\accounts_views_imports.py", "funcName": "<module>", "lineno": 42}
{"asctime": "2025-05-04 04:50:20,759", "levelname": "INFO", "process": 12808, "module": "views", "message": "User logged in", "pathname": "D:\\Django Practice\\core\\vege\\views.py", "funcName": "<module>", "lineno": 7}
{"asctime": "2025-05-04 04:50:20,761", "levelname": "WARNING", "process": 12808, "module": "views", "message": "API response slow", "pathname": "D:\\Django Practice\\core\\vege\\views.py", "funcName": "<module>", "lineno": 8}
{"asctime": "2025-05-04 04:50:20,762", "levelname": "ERROR", "process": 12808, "module": "views", "message": "Payment failed", "pathname": "D:\\Django Practice\\core\\vege\\views.py", "funcName": "<module>", "lineno": 9}
{"asctime": "2025-05-04 04:50:20,763", "levelname": "CRITICAL", "process": 12808, "module": "views", "message": "Database down", "pathname": "D:\\Django Practice\\core\\vege\\views.py", "funcName": "<module>", "lineno": 10}
{"asctime": "2025-05-04 04:50:20,786", "levelname": "INFO", "process": 12808, "module": "accounts_views_imports", "message": "User logged in", "pathname": "D:\\Django Practice\\core\\accounts\\accounts_views_imports.py", "funcName": "<module>", "lineno": 38}
{"asctime": "2025-05-04 04:50:20,787", "levelname": "WARNING", "process": 12808, "module": "accounts_views_imports", "message": "API response slow", "pathname": "D:\\Django Practice\\core\\accounts\\accounts_views_imports.py", "funcName": "<module>", "lineno": 39}
{"asctime": "2025-05-04 04:50:20,789", "levelname": "ERROR", "process": 12808, "module": "accounts_views_imports", "message": "Payment failed", "pathname": "D:\\Django Practice\\core\\accounts\\accounts_views_imports.py", "funcName": "<module>", "lineno": 40}
{"asctime": "2025-05-04 04:50:20,790", "levelname": "CRITICAL", "process": 12808, "module": "accounts_views_imports", "message": "Database down", "pathname": "D:\\Django Practice\\core\\accounts\\accounts_views_imports.py", "funcName": "<module>", "lineno": 41}
{"asctime": "2025-05-04 04:50:57,905", "levelname": "INFO", "process": 4252, "module": "views", "message": "User logged in", "pathname": "D:\\Django Practice\\core\\vege\\views.py", "funcName": "<module>", "lineno": 7}
{"asctime": "2025-05-04 04:50:57,909", "levelname": "WARNING", "process": 4252, "module": "views", "message": "API response slow", "pathname": "D:\\Django Practice\\core\\vege\\views.py", "funcName": "<module>", "lineno": 8}
{"asctime": "2025-05-04 04:50:57,909", "levelname": "ERROR", "process": 4252, "module": "views", "message": "Payment failed", "pathname": "D:\\Django Practice\\core\\vege\\views.py", "funcName": "<module>", "lineno": 9}
{"asctime": "2025-05-04 04:50:57,910", "levelname": "CRITICAL", "process": 4252, "module": "views", "message": "Database down", "pathname": "D:\\Django Practice\\core\\vege\\views.py", "funcName": "<module>", "lineno": 10}
{"asctime": "2025-05-04 04:50:57,927", "levelname": "INFO", "process": 4252, "module": "accounts_views_imports", "message": "User logged in", "pathname": "D:\\Django Practice\\core\\accounts\\accounts_views_imports.py", "funcName": "<module>", "lineno": 38}
{"asctime": "2025-05-04 04:50:57,928", "levelname": "WARNING", "process": 4252, "module": "accounts_views_imports", "message": "API response slow", "pathname": "D:\\Django Practice\\core\\accounts\\accounts_views_imports.py", "funcName": "<module>", "lineno": 39}
{"asctime": "2025-05-04 04:50:57,929", "levelname": "ERROR", "process": 4252, "module": "accounts_views_imports", "message": "Payment failed", "pathname": "D:\\Django Practice\\core\\accounts\\accounts_views_imports.py", "funcName": "<module>", "lineno": 40}
{"asctime": "2025-05-04 04:50:57,930", "levelname": "CRITICAL", "process": 4252, "module": "accounts_views_imports", "message": "Database down", "pathname": "D:\\Django Practice\\core\\accounts\\accounts_views_imports.py", "funcName": "<module>", "lineno": 41}
{"asctime": "2025-05-04 04:55:14,341", "levelname": "INFO", "process": 12208, "module": "views", "message": "User logged in", "pathname": "D:\\Django Practice\\core\\vege\\views.py", "funcName": "<module>", "lineno": 7}
{"asctime": "2025-05-04 04:55:14,343", "levelname": "WARNING", "process": 12208, "module": "views", "message": "API response slow", "pathname": "D:\\Django Practice\\core\\vege\\views.py", "funcName": "<module>", "lineno": 8}
{"asctime": "2025-05-04 04:55:14,344", "levelname": "ERROR", "process": 12208, "module": "views", "message": "Payment failed", "pathname": "D:\\Django Practice\\core\\vege\\views.py", "funcName": "<module>", "lineno": 9}
{"asctime": "2025-05-04 04:55:14,347", "levelname": "CRITICAL", "process": 12208, "module": "views", "message": "Database down", "pathname": "D:\\Django Practice\\core\\vege\\views.py", "funcName": "<module>", "lineno": 10}
{"asctime": "2025-05-04 04:55:14,365", "levelname": "INFO", "process": 12208, "module": "accounts_views_imports", "message": "User logged in", "pathname": "D:\\Django Practice\\core\\accounts\\accounts_views_imports.py", "funcName": "<module>", "lineno": 38}
{"asctime": "2025-05-04 04:55:14,366", "levelname": "WARNING", "process": 12208, "module": "accounts_views_imports", "message": "API response slow", "pathname": "D:\\Django Practice\\core\\accounts\\accounts_views_imports.py", "funcName": "<module>", "lineno": 39}
{"asctime": "2025-05-04 04:55:14,368", "levelname": "ERROR", "process": 12208, "module": "accounts_views_imports", "message": "Payment failed", "pathname": "D:\\Django Practice\\core\\accounts\\accounts_views_imports.py", "funcName": "<module>", "lineno": 40}
{"asctime": "2025-05-04 04:55:14,369", "levelname": "CRITICAL", "process": 12208, "module": "accounts_views_imports", "message": "Database down", "pathname": "D:\\Django Practice\\core\\accounts\\accounts_views_imports.py", "funcName": "<module>", "lineno": 41}
{"asctime": "2025-05-04 05:06:53,036", "levelname": "INFO", "process": 4576, "module": "views", "message": "User logged in", "pathname": "D:\\Django Practice\\core\\vege\\views.py", "funcName": "<module>", "lineno": 7}
{"asctime": "2025-05-04 05:06:53,038", "levelname": "WARNING", "process": 4576, "module": "views", "message": "API response slow", "pathname": "D:\\Django Practice\\core\\vege\\views.py", "funcName": "<module>", "lineno": 8}
{"asctime": "2025-05-04 05:06:53,040", "levelname": "ERROR", "process": 4576, "module": "views", "message": "Payment failed", "pathname": "D:\\Django Practice\\core\\vege\\views.py", "funcName": "<module>", "lineno": 9}
{"asctime": "2025-05-04 05:06:53,040", "levelname": "CRITICAL", "process": 4576, "module": "views", "message": "Database down", "pathname": "D:\\Django Practice\\core\\vege\\views.py", "funcName": "<module>", "lineno": 10}
{"asctime": "2025-05-04 05:06:53,097", "levelname": "INFO", "process": 4576, "module": "accounts_views_imports", "message": "User logged in", "pathname": "D:\\Django Practice\\core\\accounts\\accounts_views_imports.py", "funcName": "<module>", "lineno": 38}
{"asctime": "2025-05-04 05:06:53,099", "levelname": "WARNING", "process": 4576, "module": "accounts_views_imports", "message": "API response slow", "pathname": "D:\\Django Practice\\core\\accounts\\accounts_views_imports.py", "funcName": "<module>", "lineno": 39}
{"asctime": "2025-05-04 05:06:53,101", "levelname": "ERROR", "process": 4576, "module": "accounts_views_imports", "message": "Payment failed", "pathname": "D:\\Django Practice\\core\\accounts\\accounts_views_imports.py", "funcName": "<module>", "lineno": 40}
{"asctime": "2025-05-04 05:06:53,101", "levelname": "CRITICAL", "process": 4576, "module": "accounts_views_imports", "message": "Database down", "pathname": "D:\\Django Practice\\core\\accounts\\accounts_views_imports.py", "funcName": "<module>", "lineno": 41}
{"asctime": "2025-05-04 05:06:58,401", "levelname": "INFO", "process": 2640, "module": "views", "message": "User logged in", "pathname": "D:\\Django Practice\\core\\vege\\views.py", "funcName": "<module>", "lineno": 7}
{"asctime": "2025-05-04 05:06:58,403", "levelname": "WARNING", "process": 2640, "module": "views", "message": "API response slow", "pathname": "D:\\Django Practice\\core\\vege\\views.py", "funcName": "<module>", "lineno": 8}
{"asctime": "2025-05-04 05:06:58,405", "levelname": "ERROR", "process": 2640, "module": "views", "message": "Payment failed", "pathname": "D:\\Django Practice\\core\\vege\\views.py", "funcName": "<module>", "lineno": 9}
{"asctime": "2025-05-04 05:06:58,405", "levelname": "CRITICAL", "process": 2640, "module": "views", "message": "Database down", "pathname": "D:\\Django Practice\\core\\vege\\views.py", "funcName": "<module>", "lineno": 10}
{"asctime": "2025-05-04 05:06:58,424", "levelname": "INFO", "process": 2640, "module": "accounts_views_imports", "message": "User logged in", "pathname": "D:\\Django Practice\\core\\accounts\\accounts_views_imports.py", "funcName": "<module>", "lineno": 38}
{"asctime": "2025-05-04 05:06:58,425", "levelname": "WARNING", "process": 2640, "module": "accounts_views_imports", "message": "API response slow", "pathname": "D:\\Django Practice\\core\\accounts\\accounts_views_imports.py", "funcName": "<module>", "lineno": 39}
{"asctime": "2025-05-04 05:06:58,427", "levelname": "ERROR", "process": 2640, "module": "accounts_views_imports", "message": "Payment failed", "pathname": "D:\\Django Practice\\core\\accounts\\accounts_views_imports.py", "funcName": "<module>", "lineno": 40}
{"asctime": "2025-05-04 05:06:58,428", "levelname": "CRITICAL", "process": 2640, "module": "accounts_views_imports", "message": "Database down", "pathname": "D:\\Django Practice\\core\\accounts\\accounts_views_imports.py", "funcName": "<module>", "lineno": 41}
{"asctime": "2025-05-04 05:08:42,292", "levelname": "INFO", "process": 10236, "module": "views", "message": "User logged in", "pathname": "D:\\Django Practice\\core\\vege\\views.py", "funcName": "<module>", "lineno": 7}
{"asctime": "2025-05-04 05:08:42,292", "levelname": "WARNING", "process": 10236, "module": "views", "message": "API response slow", "pathname": "D:\\Django Practice\\core\\vege\\views.py", "funcName": "<module>", "lineno": 8}
{"asctime": "2025-05-04 05:08:42,292", "levelname": "ERROR", "process": 10236, "module": "views", "message": "Payment failed", "pathname": "D:\\Django Practice\\core\\vege\\views.py", "funcName": "<module>", "lineno": 9}
{"asctime": "2025-05-04 05:08:42,292", "levelname": "CRITICAL", "process": 10236, "module": "views", "message": "Database down", "pathname": "D:\\Django Practice\\core\\vege\\views.py", "funcName": "<module>", "lineno": 10}
{"asctime": "2025-05-04 05:08:42,342", "levelname": "INFO", "process": 10236, "module": "accounts_views_imports", "message": "User logged in", "pathname": "D:\\Django Practice\\core\\accounts\\accounts_views_imports.py", "funcName": "<module>", "lineno": 38}
{"asctime": "2025-05-04 05:08:42,342", "levelname": "WARNING", "process": 10236, "module": "accounts_views_imports", "message": "API response slow", "pathname": "D:\\Django Practice\\core\\accounts\\accounts_views_imports.py", "funcName": "<module>", "lineno": 39}
{"asctime": "2025-05-04 05:08:42,342", "levelname": "ERROR", "process": 10236, "module": "accounts_views_imports", "message": "Payment failed", "pathname": "D:\\Django Practice\\core\\accounts\\accounts_views_imports.py", "funcName": "<module>", "lineno": 40}
{"asctime": "2025-05-04 05:08:42,342", "levelname": "CRITICAL", "process": 10236, "module": "accounts_views_imports", "message": "Database down", "pathname": "D:\\Django Practice\\core\\accounts\\accounts_views_imports.py", "funcName": "<module>", "lineno": 41}
{"asctime": "2025-05-04 05:09:58,723", "levelname": "INFO", "process": 13640, "module": "views", "message": "User logged in", "pathname": "D:\\Django Practice\\core\\vege\\views.py", "funcName": "<module>", "lineno": 7}
{"asctime": "2025-05-04 05:09:58,725", "levelname": "WARNING", "process": 13640, "module": "views", "message": "API response slow", "pathname": "D:\\Django Practice\\core\\vege\\views.py", "funcName": "<module>", "lineno": 8}
{"asctime": "2025-05-04 05:09:58,727", "levelname": "ERROR", "process": 13640, "module": "views", "message": "Payment failed", "pathname": "D:\\Django Practice\\core\\vege\\views.py", "funcName": "<module>", "lineno": 9}
{"asctime": "2025-05-04 05:09:58,728", "levelname": "CRITICAL", "process": 13640, "module": "views", "message": "Database down", "pathname": "D:\\Django Practice\\core\\vege\\views.py", "funcName": "<module>", "lineno": 10}
{"asctime": "2025-05-04 05:09:58,776", "levelname": "INFO", "process": 13640, "module": "accounts_views_imports", "message": "User logged in", "pathname": "D:\\Django Practice\\core\\accounts\\accounts_views_imports.py", "funcName": "<module>", "lineno": 38}
{"asctime": "2025-05-04 05:09:58,777", "levelname": "WARNING", "process": 13640, "module": "accounts_views_imports", "message": "API response slow", "pathname": "D:\\Django Practice\\core\\accounts\\accounts_views_imports.py", "funcName": "<module>", "lineno": 39}
{"asctime": "2025-05-04 05:09:58,779", "levelname": "ERROR", "process": 13640, "module": "accounts_views_imports", "message": "Payment failed", "pathname": "D:\\Django Practice\\core\\accounts\\accounts_views_imports.py", "funcName": "<module>", "lineno": 40}
{"asctime": "2025-05-04 05:09:58,780", "levelname": "CRITICAL", "process": 13640, "module": "accounts_views_imports", "message": "Database down", "pathname": "D:\\Django Practice\\core\\accounts\\accounts_views_imports.py", "funcName": "<module>", "lineno": 41}
{"asctime": "2025-05-04 05:14:26,999", "levelname": "INFO", "process": 14412, "module": "views", "message": "User logged in", "pathname": "D:\\Django Practice\\core\\vege\\views.py", "funcName": "<module>", "lineno": 7}
{"asctime": "2025-05-04 05:14:27,002", "levelname": "WARNING", "process": 14412, "module": "views", "message": "API response slow", "pathname": "D:\\Django Practice\\core\\vege\\views.py", "funcName": "<module>", "lineno": 8}
{"asctime": "2025-05-04 05:14:27,005", "levelname": "ERROR", "process": 14412, "module": "views", "message": "Payment failed", "pathname": "D:\\Django Practice\\core\\vege\\views.py", "funcName": "<module>", "lineno": 9}
{"asctime": "2025-05-04 05:14:27,006", "levelname": "CRITICAL", "process": 14412, "module": "views", "message": "Database down", "pathname": "D:\\Django Practice\\core\\vege\\views.py", "funcName": "<module>", "lineno": 10}
{"asctime": "2025-05-04 05:14:27,062", "levelname": "INFO", "process": 14412, "module": "accounts_views_imports", "message": "User logged in", "pathname": "D:\\Django Practice\\core\\accounts\\accounts_views_imports.py", "funcName": "<module>", "lineno": 38}
{"asctime": "2025-05-04 05:14:27,064", "levelname": "WARNING", "process": 14412, "module": "accounts_views_imports", "message": "API response slow", "pathname": "D:\\Django Practice\\core\\accounts\\accounts_views_imports.py", "funcName": "<module>", "lineno": 39}
{"asctime": "2025-05-04 05:14:27,066", "levelname": "ERROR", "process": 14412, "module": "accounts_views_imports", "message": "Payment failed", "pathname": "D:\\Django Practice\\core\\accounts\\accounts_views_imports.py", "funcName": "<module>", "lineno": 40}
{"asctime": "2025-05-04 05:14:27,067", "levelname": "CRITICAL", "process": 14412, "module": "accounts_views_imports", "message": "Database down", "pathname": "D:\\Django Practice\\core\\accounts\\accounts_views_imports.py", "funcName": "<module>", "lineno": 41}
{"asctime": "2025-05-04 05:20:13,895", "levelname": "INFO", "process": 5972, "module": "views", "message": "User logged in", "pathname": "D:\\Django Practice\\core\\vege\\views.py", "funcName": "<module>", "lineno": 7}
{"asctime": "2025-05-04 05:20:13,897", "levelname": "WARNING", "process": 5972, "module": "views", "message": "API response slow", "pathname": "D:\\Django Practice\\core\\vege\\views.py", "funcName": "<module>", "lineno": 8}
{"asctime": "2025-05-04 05:20:13,898", "levelname": "ERROR", "process": 5972, "module": "views", "message": "Payment failed", "pathname": "D:\\Django Practice\\core\\vege\\views.py", "funcName": "<module>", "lineno": 9}
{"asctime": "2025-05-04 05:20:13,899", "levelname": "CRITICAL", "process": 5972, "module": "views", "message": "Database down", "pathname": "D:\\Django Practice\\core\\vege\\views.py", "funcName": "<module>", "lineno": 10}
{"asctime": "2025-05-04 05:20:13,941", "levelname": "INFO", "process": 5972, "module": "accounts_views_imports", "message": "User logged in", "pathname": "D:\\Django Practice\\core\\accounts\\accounts_views_imports.py", "funcName": "<module>", "lineno": 38}
{"asctime": "2025-05-04 05:20:13,943", "levelname": "WARNING", "process": 5972, "module": "accounts_views_imports", "message": "API response slow", "pathname": "D:\\Django Practice\\core\\accounts\\accounts_views_imports.py", "funcName": "<module>", "lineno": 39}
{"asctime": "2025-05-04 05:20:13,945", "levelname": "ERROR", "process": 5972, "module": "accounts_views_imports", "message": "Payment failed", "pathname": "D:\\Django Practice\\core\\accounts\\accounts_views_imports.py", "funcName": "<module>", "lineno": 40}
{"asctime": "2025-05-04 05:20:13,945", "levelname": "CRITICAL", "process": 5972, "module": "accounts_views_imports", "message": "Database down", "pathname": "D:\\Django Practice\\core\\accounts\\accounts_views_imports.py", "funcName": "<module>", "lineno": 41}
{"asctime": "2025-05-04 05:22:59,814", "levelname": "INFO", "process": 8772, "module": "views", "message": "User logged in", "pathname": "D:\\Django Practice\\core\\vege\\views.py", "funcName": "<module>", "lineno": 7}
{"asctime": "2025-05-04 05:22:59,816", "levelname": "WARNING", "process": 8772, "module": "views", "message": "API response slow", "pathname": "D:\\Django Practice\\core\\vege\\views.py", "funcName": "<module>", "lineno": 8}
{"asctime": "2025-05-04 05:22:59,818", "levelname": "ERROR", "process": 8772, "module": "views", "message": "Payment failed", "pathname": "D:\\Django Practice\\core\\vege\\views.py", "funcName": "<module>", "lineno": 9}
{"asctime": "2025-05-04 05:22:59,819", "levelname": "CRITICAL", "process": 8772, "module": "views", "message": "Database down", "pathname": "D:\\Django Practice\\core\\vege\\views.py", "funcName": "<module>", "lineno": 10}
{"asctime": "2025-05-04 05:22:59,867", "levelname": "INFO", "process": 8772, "module": "accounts_views_imports", "message": "User logged in", "pathname": "D:\\Django Practice\\core\\accounts\\accounts_views_imports.py", "funcName": "<module>", "lineno": 38}
{"asctime": "2025-05-04 05:22:59,869", "levelname": "WARNING", "process": 8772, "module": "accounts_views_imports", "message": "API response slow", "pathname": "D:\\Django Practice\\core\\accounts\\accounts_views_imports.py", "funcName": "<module>", "lineno": 39}
{"asctime": "2025-05-04 05:22:59,870", "levelname": "ERROR", "process": 8772, "module": "accounts_views_imports", "message": "Payment failed", "pathname": "D:\\Django Practice\\core\\accounts\\accounts_views_imports.py", "funcName": "<module>", "lineno": 40}
{"asctime": "2025-05-04 05:22:59,871", "levelname": "CRITICAL", "process": 8772, "module": "accounts_views_imports", "message": "Database down", "pathname": "D:\\Django Practice\\core\\accounts\\accounts_views_imports.py", "funcName": "<module>", "lineno": 41}
{"asctime": "2025-05-04 05:23:15,489", "levelname": "INFO", "process": 13764, "module": "views", "message": "User logged in", "pathname": "D:\\Django Practice\\core\\vege\\views.py", "funcName": "<module>", "lineno": 7}
{"asctime": "2025-05-04 05:23:15,490", "levelname": "WARNING", "process": 13764, "module": "views", "message": "API response slow", "pathname": "D:\\Django Practice\\core\\vege\\views.py", "funcName": "<module>", "lineno": 8}
{"asctime": "2025-05-04 05:23:15,492", "levelname": "ERROR", "process": 13764, "module": "views", "message": "Payment failed", "pathname": "D:\\Django Practice\\core\\vege\\views.py", "funcName": "<module>", "lineno": 9}
{"asctime": "2025-05-04 05:23:15,493", "levelname": "CRITICAL", "process": 13764, "module": "views", "message": "Database down", "pathname": "D:\\Django Practice\\core\\vege\\views.py", "funcName": "<module>", "lineno": 10}
{"asctime": "2025-05-04 05:23:26,450", "levelname": "INFO", "process": 11492, "module": "views", "message": "User logged in", "pathname": "D:\\Django Practice\\core\\vege\\views.py", "funcName": "<module>", "lineno": 7}
{"asctime": "2025-05-04 05:23:26,452", "levelname": "WARNING", "process": 11492, "module": "views", "message": "API response slow", "pathname": "D:\\Django Practice\\core\\vege\\views.py", "funcName": "<module>", "lineno": 8}
{"asctime": "2025-05-04 05:23:26,454", "levelname": "ERROR", "process": 11492, "module": "views", "message": "Payment failed", "pathname": "D:\\Django Practice\\core\\vege\\views.py", "funcName": "<module>", "lineno": 9}
{"asctime": "2025-05-04 05:23:26,454", "levelname": "CRITICAL", "process": 11492, "module": "views", "message": "Database down", "pathname": "D:\\Django Practice\\core\\vege\\views.py", "funcName": "<module>", "lineno": 10}
{"asctime": "2025-05-04 05:23:26,496", "levelname": "INFO", "process": 11492, "module": "accounts_views_imports", "message": "User logged in", "pathname": "D:\\Django Practice\\core\\accounts\\accounts_views_imports.py", "funcName": "<module>", "lineno": 38}
{"asctime": "2025-05-04 05:23:26,498", "levelname": "WARNING", "process": 11492, "module": "accounts_views_imports", "message": "API response slow", "pathname": "D:\\Django Practice\\core\\accounts\\accounts_views_imports.py", "funcName": "<module>", "lineno": 39}
{"asctime": "2025-05-04 05:23:26,500", "levelname": "ERROR", "process": 11492, "module": "accounts_views_imports", "message": "Payment failed", "pathname": "D:\\Django Practice\\core\\accounts\\accounts_views_imports.py", "funcName": "<module>", "lineno": 40}
{"asctime": "2025-05-04 05:23:26,500", "levelname": "CRITICAL", "process": 11492, "module": "accounts_views_imports", "message": "Database down", "pathname": "D:\\Django Practice\\core\\accounts\\accounts_views_imports.py", "funcName": "<module>", "lineno": 41}
{"asctime": "2025-05-04 05:23:31,821", "levelname": "INFO", "process": 12732, "module": "views", "message": "User logged in", "pathname": "D:\\Django Practice\\core\\vege\\views.py", "funcName": "<module>", "lineno": 7}
{"asctime": "2025-05-04 05:23:31,824", "levelname": "WARNING", "process": 12732, "module": "views", "message": "API response slow", "pathname": "D:\\Django Practice\\core\\vege\\views.py", "funcName": "<module>", "lineno": 8}
{"asctime": "2025-05-04 05:23:31,824", "levelname": "ERROR", "process": 12732, "module": "views", "message": "Payment failed", "pathname": "D:\\Django Practice\\core\\vege\\views.py", "funcName": "<module>", "lineno": 9}
{"asctime": "2025-05-04 05:23:31,825", "levelname": "CRITICAL", "process": 12732, "module": "views", "message": "Database down", "pathname": "D:\\Django Practice\\core\\vege\\views.py", "funcName": "<module>", "lineno": 10}
{"asctime": "2025-05-04 05:23:31,951", "levelname": "INFO", "process": 12732, "module": "accounts_views_imports", "message": "User logged in", "pathname": "D:\\Django Practice\\core\\accounts\\accounts_views_imports.py", "funcName": "<module>", "lineno": 38}
{"asctime": "2025-05-04 05:23:31,952", "levelname": "WARNING", "process": 12732, "module": "accounts_views_imports", "message": "API response slow", "pathname": "D:\\Django Practice\\core\\accounts\\accounts_views_imports.py", "funcName": "<module>", "lineno": 39}
{"asctime": "2025-05-04 05:23:31,955", "levelname": "ERROR", "process": 12732, "module": "accounts_views_imports", "message": "Payment failed", "pathname": "D:\\Django Practice\\core\\accounts\\accounts_views_imports.py", "funcName": "<module>", "lineno": 40}
{"asctime": "2025-05-04 05:23:31,956", "levelname": "CRITICAL", "process": 12732, "module": "accounts_views_imports", "message": "Database down", "pathname": "D:\\Django Practice\\core\\accounts\\accounts_views_imports.py", "funcName": "<module>", "lineno": 41}
{"asctime": "2025-05-04 05:23:39,312", "levelname": "INFO", "process": 8404, "module": "views", "message": "User logged in", "pathname": "D:\\Django Practice\\core\\vege\\views.py", "funcName": "<module>", "lineno": 7}
{"asctime": "2025-05-04 05:23:39,314", "levelname": "WARNING", "process": 8404, "module": "views", "message": "API response slow", "pathname": "D:\\Django Practice\\core\\vege\\views.py", "funcName": "<module>", "lineno": 8}
{"asctime": "2025-05-04 05:23:39,315", "levelname": "ERROR", "process": 8404, "module": "views", "message": "Payment failed", "pathname": "D:\\Django Practice\\core\\vege\\views.py", "funcName": "<module>", "lineno": 9}
{"asctime": "2025-05-04 05:23:39,316", "levelname": "CRITICAL", "process": 8404, "module": "views", "message": "Database down", "pathname": "D:\\Django Practice\\core\\vege\\views.py", "funcName": "<module>", "lineno": 10}
{"asctime": "2025-05-04 05:23:39,356", "levelname": "INFO", "process": 8404, "module": "accounts_views_imports", "message": "User logged in", "pathname": "D:\\Django Practice\\core\\accounts\\accounts_views_imports.py", "funcName": "<module>", "lineno": 38}
{"asctime": "2025-05-04 05:23:39,358", "levelname": "WARNING", "process": 8404, "module": "accounts_views_imports", "message": "API response slow", "pathname": "D:\\Django Practice\\core\\accounts\\accounts_views_imports.py", "funcName": "<module>", "lineno": 39}
{"asctime": "2025-05-04 05:23:39,360", "levelname": "ERROR", "process": 8404, "module": "accounts_views_imports", "message": "Payment failed", "pathname": "D:\\Django Practice\\core\\accounts\\accounts_views_imports.py", "funcName": "<module>", "lineno": 40}
{"asctime": "2025-05-04 05:23:39,361", "levelname": "CRITICAL", "process": 8404, "module": "accounts_views_imports", "message": "Database down", "pathname": "D:\\Django Practice\\core\\accounts\\accounts_views_imports.py", "funcName": "<module>", "lineno": 41}
{"asctime": "2025-05-04 05:24:34,194", "levelname": "INFO", "process": 11368, "module": "views", "message": "User logged in", "pathname": "D:\\Django Practice\\core\\vege\\views.py", "funcName": "<module>", "lineno": 7}
{"asctime": "2025-05-04 05:24:34,195", "levelname": "WARNING", "process": 11368, "module": "views", "message": "API response slow", "pathname": "D:\\Django Practice\\core\\vege\\views.py", "funcName": "<module>", "lineno": 8}
{"asctime": "2025-05-04 05:24:34,195", "levelname": "ERROR", "process": 11368, "module": "views", "message": "Payment failed", "pathname": "D:\\Django Practice\\core\\vege\\views.py", "funcName": "<module>", "lineno": 9}
{"asctime": "2025-05-04 05:24:34,196", "levelname": "CRITICAL", "process": 11368, "module": "views", "message": "Database down", "pathname": "D:\\Django Practice\\core\\vege\\views.py", "funcName": "<module>", "lineno": 10}
{"asctime": "2025-05-04 05:24:34,249", "levelname": "INFO", "process": 11368, "module": "accounts_views_imports", "message": "User logged in", "pathname": "D:\\Django Practice\\core\\accounts\\accounts_views_imports.py", "funcName": "<module>", "lineno": 38}
{"asctime": "2025-05-04 05:24:34,250", "levelname": "WARNING", "process": 11368, "module": "accounts_views_imports", "message": "API response slow", "pathname": "D:\\Django Practice\\core\\accounts\\accounts_views_imports.py", "funcName": "<module>", "lineno": 39}
{"asctime": "2025-05-04 05:24:34,252", "levelname": "ERROR", "process": 11368, "module": "accounts_views_imports", "message": "Payment failed", "pathname": "D:\\Django Practice\\core\\accounts\\accounts_views_imports.py", "funcName": "<module>", "lineno": 40}
{"asctime": "2025-05-04 05:24:34,253", "levelname": "CRITICAL", "process": 11368, "module": "accounts_views_imports", "message": "Database down", "pathname": "D:\\Django Practice\\core\\accounts\\accounts_views_imports.py", "funcName": "<module>", "lineno": 41}
{"asctime": "2025-05-04 05:25:18,837", "levelname": "INFO", "process": 14128, "module": "views", "message": "User logged in", "pathname": "D:\\Django Practice\\core\\vege\\views.py", "funcName": "<module>", "lineno": 7}
{"asctime": "2025-05-04 05:25:18,837", "levelname": "WARNING", "process": 14128, "module": "views", "message": "API response slow", "pathname": "D:\\Django Practice\\core\\vege\\views.py", "funcName": "<module>", "lineno": 8}
{"asctime": "2025-05-04 05:25:18,837", "levelname": "ERROR", "process": 14128, "module": "views", "message": "Payment failed", "pathname": "D:\\Django Practice\\core\\vege\\views.py", "funcName": "<module>", "lineno": 9}
{"asctime": "2025-05-04 05:25:18,837", "levelname": "CRITICAL", "process": 14128, "module": "views", "message": "Database down", "pathname": "D:\\Django Practice\\core\\vege\\views.py", "funcName": "<module>", "lineno": 10}
{"asctime": "2025-05-04 05:25:18,857", "levelname": "INFO", "process": 14128, "module": "accounts_views_imports", "message": "User logged in", "pathname": "D:\\Django Practice\\core\\accounts\\accounts_views_imports.py", "funcName": "<module>", "lineno": 38}
{"asctime": "2025-05-04 05:25:18,857", "levelname": "WARNING", "process": 14128, "module": "accounts_views_imports", "message": "API response slow", "pathname": "D:\\Django Practice\\core\\accounts\\accounts_views_imports.py", "funcName": "<module>", "lineno": 39}
{"asctime": "2025-05-04 05:25:18,868", "levelname": "ERROR", "process": 14128, "module": "accounts_views_imports", "message": "Payment failed", "pathname": "D:\\Django Practice\\core\\accounts\\accounts_views_imports.py", "funcName": "<module>", "lineno": 40}
{"asctime": "2025-05-04 05:25:18,868", "levelname": "CRITICAL", "process": 14128, "module": "accounts_views_imports", "message": "Database down", "pathname": "D:\\Django Practice\\core\\accounts\\accounts_views_imports.py", "funcName": "<module>", "lineno": 41}
{"asctime": "2025-05-04 05:25:25,611", "levelname": "INFO", "process": 1300, "module": "views", "message": "User logged in", "pathname": "D:\\Django Practice\\core\\vege\\views.py", "funcName": "<module>", "lineno": 7}
{"asctime": "2025-05-04 05:25:25,615", "levelname": "WARNING", "process": 1300, "module": "views", "message": "API response slow", "pathname": "D:\\Django Practice\\core\\vege\\views.py", "funcName": "<module>", "lineno": 8}
{"asctime": "2025-05-04 05:25:25,615", "levelname": "ERROR", "process": 1300, "module": "views", "message": "Payment failed", "pathname": "D:\\Django Practice\\core\\vege\\views.py", "funcName": "<module>", "lineno": 9}
{"asctime": "2025-05-04 05:25:25,617", "levelname": "CRITICAL", "process": 1300, "module": "views", "message": "Database down", "pathname": "D:\\Django Practice\\core\\vege\\views.py", "funcName": "<module>", "lineno": 10}
{"asctime": "2025-05-04 05:25:25,657", "levelname": "INFO", "process": 1300, "module": "accounts_views_imports", "message": "User logged in", "pathname": "D:\\Django Practice\\core\\accounts\\accounts_views_imports.py", "funcName": "<module>", "lineno": 38}
{"asctime": "2025-05-04 05:25:25,657", "levelname": "WARNING", "process": 1300, "module": "accounts_views_imports", "message": "API response slow", "pathname": "D:\\Django Practice\\core\\accounts\\accounts_views_imports.py", "funcName": "<module>", "lineno": 39}
{"asctime": "2025-05-04 05:25:25,657", "levelname": "ERROR", "process": 1300, "module": "accounts_views_imports", "message": "Payment failed", "pathname": "D:\\Django Practice\\core\\accounts\\accounts_views_imports.py", "funcName": "<module>", "lineno": 40}
{"asctime": "2025-05-04 05:25:25,663", "levelname": "CRITICAL", "process": 1300, "module": "accounts_views_imports", "message": "Database down", "pathname": "D:\\Django Practice\\core\\accounts\\accounts_views_imports.py", "funcName": "<module>", "lineno": 41}
{"asctime": "2025-05-04 05:25:33,696", "levelname": "INFO", "process": 4684, "module": "views", "message": "User logged in", "pathname": "D:\\Django Practice\\core\\vege\\views.py", "funcName": "<module>", "lineno": 7}
{"asctime": "2025-05-04 05:25:33,697", "levelname": "WARNING", "process": 4684, "module": "views", "message": "API response slow", "pathname": "D:\\Django Practice\\core\\vege\\views.py", "funcName": "<module>", "lineno": 8}
{"asctime": "2025-05-04 05:25:33,697", "levelname": "ERROR", "process": 4684, "module": "views", "message": "Payment failed", "pathname": "D:\\Django Practice\\core\\vege\\views.py", "funcName": "<module>", "lineno": 9}
{"asctime": "2025-05-04 05:25:33,697", "levelname": "CRITICAL", "process": 4684, "module": "views", "message": "Database down", "pathname": "D:\\Django Practice\\core\\vege\\views.py", "funcName": "<module>", "lineno": 10}
{"asctime": "2025-05-04 05:25:33,769", "levelname": "INFO", "process": 4684, "module": "accounts_views_imports", "message": "User logged in", "pathname": "D:\\Django Practice\\core\\accounts\\accounts_views_imports.py", "funcName": "<module>", "lineno": 38}
{"asctime": "2025-05-04 05:25:33,773", "levelname": "WARNING", "process": 4684, "module": "accounts_views_imports", "message": "API response slow", "pathname": "D:\\Django Practice\\core\\accounts\\accounts_views_imports.py", "funcName": "<module>", "lineno": 39}
{"asctime": "2025-05-04 05:25:33,774", "levelname": "ERROR", "process": 4684, "module": "accounts_views_imports", "message": "Payment failed", "pathname": "D:\\Django Practice\\core\\accounts\\accounts_views_imports.py", "funcName": "<module>", "lineno": 40}
{"asctime": "2025-05-04 05:25:33,777", "levelname": "CRITICAL", "process": 4684, "module": "accounts_views_imports", "message": "Database down", "pathname": "D:\\Django Practice\\core\\accounts\\accounts_views_imports.py", "funcName": "<module>", "lineno": 41}
{"asctime": "2025-05-04 05:29:27,709", "levelname": "INFO", "process": 10124, "module": "views", "message": "User logged in", "pathname": "D:\\Django Practice\\core\\vege\\views.py", "funcName": "<module>", "lineno": 7}
{"asctime": "2025-05-04 05:29:27,712", "levelname": "WARNING", "process": 10124, "module": "views", "message": "API response slow", "pathname": "D:\\Django Practice\\core\\vege\\views.py", "funcName": "<module>", "lineno": 8}
{"asctime": "2025-05-04 05:29:27,714", "levelname": "ERROR", "process": 10124, "module": "views", "message": "Payment failed", "pathname": "D:\\Django Practice\\core\\vege\\views.py", "funcName": "<module>", "lineno": 9}
{"asctime": "2025-05-04 05:29:27,715", "levelname": "CRITICAL", "process": 10124, "module": "views", "message": "Database down", "pathname": "D:\\Django Practice\\core\\vege\\views.py", "funcName": "<module>", "lineno": 10}
{"asctime": "2025-05-04 05:29:39,530", "levelname": "INFO", "process": 9520, "module": "views", "message": "User logged in", "pathname": "D:\\Django Practice\\core\\vege\\views.py", "funcName": "<module>", "lineno": 7}
{"asctime": "2025-05-04 05:29:39,532", "levelname": "WARNING", "process": 9520, "module": "views", "message": "API response slow", "pathname": "D:\\Django Practice\\core\\vege\\views.py", "funcName": "<module>", "lineno": 8}
{"asctime": "2025-05-04 05:29:39,533", "levelname": "ERROR", "process": 9520, "module": "views", "message": "Payment failed", "pathname": "D:\\Django Practice\\core\\vege\\views.py", "funcName": "<module>", "lineno": 9}
{"asctime": "2025-05-04 05:29:39,534", "levelname": "CRITICAL", "process": 9520, "module": "views", "message": "Database down", "pathname": "D:\\Django Practice\\core\\vege\\views.py", "funcName": "<module>", "lineno": 10}
{"asctime": "2025-05-04 05:29:39,573", "levelname": "INFO", "process": 9520, "module": "accounts_views_imports", "message": "User logged in", "pathname": "D:\\Django Practice\\core\\accounts\\accounts_views_imports.py", "funcName": "<module>", "lineno": 38}
{"asctime": "2025-05-04 05:29:39,576", "levelname": "WARNING", "process": 9520, "module": "accounts_views_imports", "message": "API response slow", "pathname": "D:\\Django Practice\\core\\accounts\\accounts_views_imports.py", "funcName": "<module>", "lineno": 39}
{"asctime": "2025-05-04 05:29:39,577", "levelname": "ERROR", "process": 9520, "module": "accounts_views_imports", "message": "Payment failed", "pathname": "D:\\Django Practice\\core\\accounts\\accounts_views_imports.py", "funcName": "<module>", "lineno": 40}
{"asctime": "2025-05-04 05:29:39,577", "levelname": "CRITICAL", "process": 9520, "module": "accounts_views_imports", "message": "Database down", "pathname": "D:\\Django Practice\\core\\accounts\\accounts_views_imports.py", "funcName": "<module>", "lineno": 41}
{"asctime": "2025-05-04 05:39:58,728", "levelname": "INFO", "process": 11544, "module": "views", "message": "User logged in", "pathname": "D:\\Django Practice\\core\\vege\\views.py", "funcName": "<module>", "lineno": 7}
{"asctime": "2025-05-04 05:39:58,730", "levelname": "WARNING", "process": 11544, "module": "views", "message": "API response slow", "pathname": "D:\\Django Practice\\core\\vege\\views.py", "funcName": "<module>", "lineno": 8}
{"asctime": "2025-05-04 05:39:58,732", "levelname": "ERROR", "process": 11544, "module": "views", "message": "Payment failed", "pathname": "D:\\Django Practice\\core\\vege\\views.py", "funcName": "<module>", "lineno": 9}
{"asctime": "2025-05-04 05:39:58,733", "levelname": "CRITICAL", "process": 11544, "module": "views", "message": "Database down", "pathname": "D:\\Django Practice\\core\\vege\\views.py", "funcName": "<module>", "lineno": 10}
{"asctime": "2025-05-04 05:39:58,781", "levelname": "INFO", "process": 11544, "module": "accounts_views_imports", "message": "User logged in", "pathname": "D:\\Django Practice\\core\\accounts\\accounts_views_imports.py", "funcName": "<module>", "lineno": 38}
{"asctime": "2025-05-04 05:39:58,783", "levelname": "WARNING", "process": 11544, "module": "accounts_views_imports", "message": "API response slow", "pathname": "D:\\Django Practice\\core\\accounts\\accounts_views_imports.py", "funcName": "<module>", "lineno": 39}
{"asctime": "2025-05-04 05:39:58,784", "levelname": "ERROR", "process": 11544, "module": "accounts_views_imports", "message": "Payment failed", "pathname": "D:\\Django Practice\\core\\accounts\\accounts_views_imports.py", "funcName": "<module>", "lineno": 40}
{"asctime": "2025-05-04 05:39:58,787", "levelname": "CRITICAL", "process": 11544, "module": "accounts_views_imports", "message": "Database down", "pathname": "D:\\Django Practice\\core\\accounts\\accounts_views_imports.py", "funcName": "<module>", "lineno": 41}
{"asctime": "2025-05-04 05:40:19,244", "levelname": "INFO", "process": 9416, "module": "views", "message": "User logged in", "pathname": "D:\\Django Practice\\core\\vege\\views.py", "funcName": "<module>", "lineno": 7}
{"asctime": "2025-05-04 05:40:19,246", "levelname": "WARNING", "process": 9416, "module": "views", "message": "API response slow", "pathname": "D:\\Django Practice\\core\\vege\\views.py", "funcName": "<module>", "lineno": 8}
{"asctime": "2025-05-04 05:40:19,248", "levelname": "ERROR", "process": 9416, "module": "views", "message": "Payment failed", "pathname": "D:\\Django Practice\\core\\vege\\views.py", "funcName": "<module>", "lineno": 9}
{"asctime": "2025-05-04 05:40:19,249", "levelname": "CRITICAL", "process": 9416, "module": "views", "message": "Database down", "pathname": "D:\\Django Practice\\core\\vege\\views.py", "funcName": "<module>", "lineno": 10}
{"asctime": "2025-05-04 05:40:19,289", "levelname": "INFO", "process": 9416, "module": "accounts_views_imports", "message": "User logged in", "pathname": "D:\\Django Practice\\core\\accounts\\accounts_views_imports.py", "funcName": "<module>", "lineno": 38}
{"asctime": "2025-05-04 05:40:19,291", "levelname": "WARNING", "process": 9416, "module": "accounts_views_imports", "message": "API response slow", "pathname": "D:\\Django Practice\\core\\accounts\\accounts_views_imports.py", "funcName": "<module>", "lineno": 39}
{"asctime": "2025-05-04 05:40:19,292", "levelname": "ERROR", "process": 9416, "module": "accounts_views_imports", "message": "Payment failed", "pathname": "D:\\Django Practice\\core\\accounts\\accounts_views_imports.py", "funcName": "<module>", "lineno": 40}
{"asctime": "2025-05-04 05:40:19,293", "levelname": "CRITICAL", "process": 9416, "module": "accounts_views_imports", "message": "Database down", "pathname": "D:\\Django Practice\\core\\accounts\\accounts_views_imports.py", "funcName": "<module>", "lineno": 41}
{"asctime": "2025-05-04 05:44:17,898", "levelname": "INFO", "process": 3096, "module": "views", "message": "User logged in", "pathname": "D:\\Django Practice\\core\\vege\\views.py", "funcName": "<module>", "lineno": 7}
{"asctime": "2025-05-04 05:44:17,900", "levelname": "WARNING", "process": 3096, "module": "views", "message": "API response slow", "pathname": "D:\\Django Practice\\core\\vege\\views.py", "funcName": "<module>", "lineno": 8}
{"asctime": "2025-05-04 05:44:17,901", "levelname": "ERROR", "process": 3096, "module": "views", "message": "Payment failed", "pathname": "D:\\Django Practice\\core\\vege\\views.py", "funcName": "<module>", "lineno": 9}
{"asctime": "2025-05-04 05:44:17,902", "levelname": "CRITICAL", "process": 3096, "module": "views", "message": "Database down", "pathname": "D:\\Django Practice\\core\\vege\\views.py", "funcName": "<module>", "lineno": 10}
{"asctime": "2025-05-04 05:44:22,087", "levelname": "INFO", "process": 13768, "module": "views", "message": "User logged in", "pathname": "D:\\Django Practice\\core\\vege\\views.py", "funcName": "<module>", "lineno": 7}
{"asctime": "2025-05-04 05:44:22,091", "levelname": "WARNING", "process": 13768, "module": "views", "message": "API response slow", "pathname": "D:\\Django Practice\\core\\vege\\views.py", "funcName": "<module>", "lineno": 8}
{"asctime": "2025-05-04 05:44:22,092", "levelname": "ERROR", "process": 13768, "module": "views", "message": "Payment failed", "pathname": "D:\\Django Practice\\core\\vege\\views.py", "funcName": "<module>", "lineno": 9}
{"asctime": "2025-05-04 05:44:22,092", "levelname": "CRITICAL", "process": 13768, "module": "views", "message": "Database down", "pathname": "D:\\Django Practice\\core\\vege\\views.py", "funcName": "<module>", "lineno": 10}
{"asctime": "2025-05-04 05:44:22,132", "levelname": "INFO", "process": 13768, "module": "accounts_views_imports", "message": "User logged in", "pathname": "D:\\Django Practice\\core\\accounts\\accounts_views_imports.py", "funcName": "<module>", "lineno": 38}
{"asctime": "2025-05-04 05:44:22,135", "levelname": "WARNING", "process": 13768, "module": "accounts_views_imports", "message": "API response slow", "pathname": "D:\\Django Practice\\core\\accounts\\accounts_views_imports.py", "funcName": "<module>", "lineno": 39}
{"asctime": "2025-05-04 05:44:22,137", "levelname": "ERROR", "process": 13768, "module": "accounts_views_imports", "message": "Payment failed", "pathname": "D:\\Django Practice\\core\\accounts\\accounts_views_imports.py", "funcName": "<module>", "lineno": 40}
{"asctime": "2025-05-04 05:44:22,137", "levelname": "CRITICAL", "process": 13768, "module": "accounts_views_imports", "message": "Database down", "pathname": "D:\\Django Practice\\core\\accounts\\accounts_views_imports.py", "funcName": "<module>", "lineno": 41}
{"asctime": "2025-05-04 05:44:35,149", "levelname": "INFO", "process": 12704, "module": "views", "message": "User logged in", "pathname": "D:\\Django Practice\\core\\vege\\views.py", "funcName": "<module>", "lineno": 7}
{"asctime": "2025-05-04 05:44:35,151", "levelname": "WARNING", "process": 12704, "module": "views", "message": "API response slow", "pathname": "D:\\Django Practice\\core\\vege\\views.py", "funcName": "<module>", "lineno": 8}
{"asctime": "2025-05-04 05:44:35,153", "levelname": "ERROR", "process": 12704, "module": "views", "message": "Payment failed", "pathname": "D:\\Django Practice\\core\\vege\\views.py", "funcName": "<module>", "lineno": 9}
{"asctime": "2025-05-04 05:44:35,154", "levelname": "CRITICAL", "process": 12704, "module": "views", "message": "Database down", "pathname": "D:\\Django Practice\\core\\vege\\views.py", "funcName": "<module>", "lineno": 10}
{"asctime": "2025-05-04 05:44:35,197", "levelname": "INFO", "process": 12704, "module": "accounts_views_imports", "message": "User logged in", "pathname": "D:\\Django Practice\\core\\accounts\\accounts_views_imports.py", "funcName": "<module>", "lineno": 38}
{"asctime": "2025-05-04 05:44:35,198", "levelname": "WARNING", "process": 12704, "module": "accounts_views_imports", "message": "API response slow", "pathname": "D:\\Django Practice\\core\\accounts\\accounts_views_imports.py", "funcName": "<module>", "lineno": 39}
{"asctime": "2025-05-04 05:44:35,199", "levelname": "ERROR", "process": 12704, "module": "accounts_views_imports", "message": "Payment failed", "pathname": "D:\\Django Practice\\core\\accounts\\accounts_views_imports.py", "funcName": "<module>", "lineno": 40}
{"asctime": "2025-05-04 05:44:35,201", "levelname": "CRITICAL", "process": 12704, "module": "accounts_views_imports", "message": "Database down", "pathname": "D:\\Django Practice\\core\\accounts\\accounts_views_imports.py", "funcName": "<module>", "lineno": 41}
{"asctime": "2025-05-04 05:44:41,746", "levelname": "INFO", "process": 8072, "module": "views", "message": "User logged in", "pathname": "D:\\Django Practice\\core\\vege\\views.py", "funcName": "<module>", "lineno": 7}
{"asctime": "2025-05-04 05:44:41,748", "levelname": "WARNING", "process": 8072, "module": "views", "message": "API response slow", "pathname": "D:\\Django Practice\\core\\vege\\views.py", "funcName": "<module>", "lineno": 8}
{"asctime": "2025-05-04 05:44:41,749", "levelname": "ERROR", "process": 8072, "module": "views", "message": "Payment failed", "pathname": "D:\\Django Practice\\core\\vege\\views.py", "funcName": "<module>", "lineno": 9}
{"asctime": "2025-05-04 05:44:41,750", "levelname": "CRITICAL", "process": 8072, "module": "views", "message": "Database down", "pathname": "D:\\Django Practice\\core\\vege\\views.py", "funcName": "<module>", "lineno": 10}
{"asctime": "2025-05-04 05:44:41,800", "levelname": "INFO", "process": 8072, "module": "accounts_views_imports", "message": "User logged in", "pathname": "D:\\Django Practice\\core\\accounts\\accounts_views_imports.py", "funcName": "<module>", "lineno": 38}
{"asctime": "2025-05-04 05:44:41,804", "levelname": "WARNING", "process": 8072, "module": "accounts_views_imports", "message": "API response slow", "pathname": "D:\\Django Practice\\core\\accounts\\accounts_views_imports.py", "funcName": "<module>", "lineno": 39}
{"asctime": "2025-05-04 05:44:41,805", "levelname": "ERROR", "process": 8072, "module": "accounts_views_imports", "message": "Payment failed", "pathname": "D:\\Django Practice\\core\\accounts\\accounts_views_imports.py", "funcName": "<module>", "lineno": 40}
{"asctime": "2025-05-04 05:44:41,807", "levelname": "CRITICAL", "process": 8072, "module": "accounts_views_imports", "message": "Database down", "pathname": "D:\\Django Practice\\core\\accounts\\accounts_views_imports.py", "funcName": "<module>", "lineno": 41}
{"asctime": "2025-05-04 05:50:56,189", "levelname": "INFO", "process": 15248, "module": "views", "message": "User logged in", "pathname": "D:\\Django Practice\\core\\vege\\views.py", "funcName": "<module>", "lineno": 7}
{"asctime": "2025-05-04 05:50:56,193", "levelname": "WARNING", "process": 15248, "module": "views", "message": "API response slow", "pathname": "D:\\Django Practice\\core\\vege\\views.py", "funcName": "<module>", "lineno": 8}
{"asctime": "2025-05-04 05:50:56,193", "levelname": "ERROR", "process": 15248, "module": "views", "message": "Payment failed", "pathname": "D:\\Django Practice\\core\\vege\\views.py", "funcName": "<module>", "lineno": 9}
{"asctime": "2025-05-04 05:50:56,193", "levelname": "CRITICAL", "process": 15248, "module": "views", "message": "Database down", "pathname": "D:\\Django Practice\\core\\vege\\views.py", "funcName": "<module>", "lineno": 10}
{"asctime": "2025-05-04 05:50:56,216", "levelname": "INFO", "process": 15248, "module": "accounts_views_imports", "message": "User logged in", "pathname": "D:\\Django Practice\\core\\accounts\\accounts_views_imports.py", "funcName": "<module>", "lineno": 38}
{"asctime": "2025-05-04 05:50:56,217", "levelname": "WARNING", "process": 15248, "module": "accounts_views_imports", "message": "API response slow", "pathname": "D:\\Django Practice\\core\\accounts\\accounts_views_imports.py", "funcName": "<module>", "lineno": 39}
{"asctime": "2025-05-04 05:50:56,217", "levelname": "ERROR", "process": 15248, "module": "accounts_views_imports", "message": "Payment failed", "pathname": "D:\\Django Practice\\core\\accounts\\accounts_views_imports.py", "funcName": "<module>", "lineno": 40}
{"asctime": "2025-05-04 05:50:56,220", "levelname": "CRITICAL", "process": 15248, "module": "accounts_views_imports", "message": "Database down", "pathname": "D:\\Django Practice\\core\\accounts\\accounts_views_imports.py", "funcName": "<module>", "lineno": 41}
{"asctime": "2025-05-04 05:54:21,658", "levelname": "INFO", "process": 13676, "module": "views", "message": "User logged in", "pathname": "D:\\Django Practice\\core\\vege\\views.py", "funcName": "<module>", "lineno": 7}
{"asctime": "2025-05-04 05:54:21,660", "levelname": "WARNING", "process": 13676, "module": "views", "message": "API response slow", "pathname": "D:\\Django Practice\\core\\vege\\views.py", "funcName": "<module>", "lineno": 8}
{"asctime": "2025-05-04 05:54:21,661", "levelname": "ERROR", "process": 13676, "module": "views", "message": "Payment failed", "pathname": "D:\\Django Practice\\core\\vege\\views.py", "funcName": "<module>", "lineno": 9}
{"asctime": "2025-05-04 05:54:21,663", "levelname": "CRITICAL", "process": 13676, "module": "views", "message": "Database down", "pathname": "D:\\Django Practice\\core\\vege\\views.py", "funcName": "<module>", "lineno": 10}
{"asctime": "2025-05-04 05:54:21,725", "levelname": "INFO", "process": 13676, "module": "accounts_views_imports", "message": "User logged in", "pathname": "D:\\Django Practice\\core\\accounts\\accounts_views_imports.py", "funcName": "<module>", "lineno": 39}
{"asctime": "2025-05-04 05:54:21,726", "levelname": "WARNING", "process": 13676, "module": "accounts_views_imports", "message": "API response slow", "pathname": "D:\\Django Practice\\core\\accounts\\accounts_views_imports.py", "funcName": "<module>", "lineno": 40}
{"asctime": "2025-05-04 05:54:21,727", "levelname": "ERROR", "process": 13676, "module": "accounts_views_imports", "message": "Payment failed", "pathname": "D:\\Django Practice\\core\\accounts\\accounts_views_imports.py", "funcName": "<module>", "lineno": 41}
{"asctime": "2025-05-04 05:54:21,730", "levelname": "CRITICAL", "process": 13676, "module": "accounts_views_imports", "message": "Database down", "pathname": "D:\\Django Practice\\core\\accounts\\accounts_views_imports.py", "funcName": "<module>", "lineno": 42}
{"asctime": "2025-05-04 05:54:53,829", "levelname": "INFO", "process": 9572, "module": "views", "message": "User logged in", "pathname": "D:\\Django Practice\\core\\vege\\views.py", "funcName": "<module>", "lineno": 7}
{"asctime": "2025-05-04 05:54:53,831", "levelname": "WARNING", "process": 9572, "module": "views", "message": "API response slow", "pathname": "D:\\Django Practice\\core\\vege\\views.py", "funcName": "<module>", "lineno": 8}
{"asctime": "2025-05-04 05:54:53,832", "levelname": "ERROR", "process": 9572, "module": "views", "message": "Payment failed", "pathname": "D:\\Django Practice\\core\\vege\\views.py", "funcName": "<module>", "lineno": 9}
{"asctime": "2025-05-04 05:54:53,833", "levelname": "CRITICAL", "process": 9572, "module": "views", "message": "Database down", "pathname": "D:\\Django Practice\\core\\vege\\views.py", "funcName": "<module>", "lineno": 10}
{"asctime": "2025-05-04 05:54:53,877", "levelname": "INFO", "process": 9572, "module": "accounts_views_imports", "message": "User logged in", "pathname": "D:\\Django Practice\\core\\accounts\\accounts_views_imports.py", "funcName": "<module>", "lineno": 39}
{"asctime": "2025-05-04 05:54:53,880", "levelname": "WARNING", "process": 9572, "module": "accounts_views_imports", "message": "API response slow", "pathname": "D:\\Django Practice\\core\\accounts\\accounts_views_imports.py", "funcName": "<module>", "lineno": 40}
{"asctime": "2025-05-04 05:54:53,881", "levelname": "ERROR", "process": 9572, "module": "accounts_views_imports", "message": "Payment failed", "pathname": "D:\\Django Practice\\core\\accounts\\accounts_views_imports.py", "funcName": "<module>", "lineno": 41}
{"asctime": "2025-05-04 05:54:53,881", "levelname": "CRITICAL", "process": 9572, "module": "accounts_views_imports", "message": "Database down", "pathname": "D:\\Django Practice\\core\\accounts\\accounts_views_imports.py", "funcName": "<module>", "lineno": 42}
{"asctime": "2025-05-04 05:55:15,239", "levelname": "INFO", "process": 2900, "module": "views", "message": "User logged in", "pathname": "D:\\Django Practice\\core\\vege\\views.py", "funcName": "<module>", "lineno": 7}
{"asctime": "2025-05-04 05:55:15,241", "levelname": "WARNING", "process": 2900, "module": "views", "message": "API response slow", "pathname": "D:\\Django Practice\\core\\vege\\views.py", "funcName": "<module>", "lineno": 8}
{"asctime": "2025-05-04 05:55:15,243", "levelname": "ERROR", "process": 2900, "module": "views", "message": "Payment failed", "pathname": "D:\\Django Practice\\core\\vege\\views.py", "funcName": "<module>", "lineno": 9}
{"asctime": "2025-05-04 05:55:15,244", "levelname": "CRITICAL", "process": 2900, "module": "views", "message": "Database down", "pathname": "D:\\Django Practice\\core\\vege\\views.py", "funcName": "<module>", "lineno": 10}
{"asctime": "2025-05-04 05:55:15,285", "levelname": "INFO", "process": 2900, "module": "accounts_views_imports", "message": "User logged in", "pathname": "D:\\Django Practice\\core\\accounts\\accounts_views_imports.py", "funcName": "<module>", "lineno": 39}
{"asctime": "2025-05-04 05:55:15,286", "levelname": "WARNING", "process": 2900, "module": "accounts_views_imports", "message": "API response slow", "pathname": "D:\\Django Practice\\core\\accounts\\accounts_views_imports.py", "funcName": "<module>", "lineno": 40}
{"asctime": "2025-05-04 05:55:15,287", "levelname": "ERROR", "process": 2900, "module": "accounts_views_imports", "message": "Payment failed", "pathname": "D:\\Django Practice\\core\\accounts\\accounts_views_imports.py", "funcName": "<module>", "lineno": 41}
{"asctime": "2025-05-04 05:55:15,288", "levelname": "CRITICAL", "process": 2900, "module": "accounts_views_imports", "message": "Database down", "pathname": "D:\\Django Practice\\core\\accounts\\accounts_views_imports.py", "funcName": "<module>", "lineno": 42}
{"asctime": "2025-05-04 05:55:23,983", "levelname": "INFO", "process": 11372, "module": "views", "message": "User logged in", "pathname": "D:\\Django Practice\\core\\vege\\views.py", "funcName": "<module>", "lineno": 7}
{"asctime": "2025-05-04 05:55:23,985", "levelname": "WARNING", "process": 11372, "module": "views", "message": "API response slow", "pathname": "D:\\Django Practice\\core\\vege\\views.py", "funcName": "<module>", "lineno": 8}
{"asctime": "2025-05-04 05:55:23,986", "levelname": "ERROR", "process": 11372, "module": "views", "message": "Payment failed", "pathname": "D:\\Django Practice\\core\\vege\\views.py", "funcName": "<module>", "lineno": 9}
{"asctime": "2025-05-04 05:55:23,987", "levelname": "CRITICAL", "process": 11372, "module": "views", "message": "Database down", "pathname": "D:\\Django Practice\\core\\vege\\views.py", "funcName": "<module>", "lineno": 10}
{"asctime": "2025-05-04 05:55:24,036", "levelname": "INFO", "process": 11372, "module": "accounts_views_imports", "message": "User logged in", "pathname": "D:\\Django Practice\\core\\accounts\\accounts_views_imports.py", "funcName": "<module>", "lineno": 39}
{"asctime": "2025-05-04 05:55:24,038", "levelname": "WARNING", "process": 11372, "module": "accounts_views_imports", "message": "API response slow", "pathname": "D:\\Django Practice\\core\\accounts\\accounts_views_imports.py", "funcName": "<module>", "lineno": 40}
{"asctime": "2025-05-04 05:55:24,039", "levelname": "ERROR", "process": 11372, "module": "accounts_views_imports", "message": "Payment failed", "pathname": "D:\\Django Practice\\core\\accounts\\accounts_views_imports.py", "funcName": "<module>", "lineno": 41}
{"asctime": "2025-05-04 05:55:24,040", "levelname": "CRITICAL", "process": 11372, "module": "accounts_views_imports", "message": "Database down", "pathname": "D:\\Django Practice\\core\\accounts\\accounts_views_imports.py", "funcName": "<module>", "lineno": 42}
{"asctime": "2025-05-04 05:57:04,613", "levelname": "INFO", "process": 11056, "module": "views", "message": "User logged in", "pathname": "D:\\Django Practice\\core\\vege\\views.py", "funcName": "<module>", "lineno": 7}
{"asctime": "2025-05-04 05:57:04,614", "levelname": "WARNING", "process": 11056, "module": "views", "message": "API response slow", "pathname": "D:\\Django Practice\\core\\vege\\views.py", "funcName": "<module>", "lineno": 8}
{"asctime": "2025-05-04 05:57:04,616", "levelname": "ERROR", "process": 11056, "module": "views", "message": "Payment failed", "pathname": "D:\\Django Practice\\core\\vege\\views.py", "funcName": "<module>", "lineno": 9}
{"asctime": "2025-05-04 05:57:04,617", "levelname": "CRITICAL", "process": 11056, "module": "views", "message": "Database down", "pathname": "D:\\Django Practice\\core\\vege\\views.py", "funcName": "<module>", "lineno": 10}
{"asctime": "2025-05-04 05:57:32,346", "levelname": "INFO", "process": 7760, "module": "views", "message": "User logged in", "pathname": "D:\\Django Practice\\core\\vege\\views.py", "funcName": "<module>", "lineno": 7}
{"asctime": "2025-05-04 05:57:32,348", "levelname": "WARNING", "process": 7760, "module": "views", "message": "API response slow", "pathname": "D:\\Django Practice\\core\\vege\\views.py", "funcName": "<module>", "lineno": 8}
{"asctime": "2025-05-04 05:57:32,352", "levelname": "ERROR", "process": 7760, "module": "views", "message": "Payment failed", "pathname": "D:\\Django Practice\\core\\vege\\views.py", "funcName": "<module>", "lineno": 9}
{"asctime": "2025-05-04 05:57:32,354", "levelname": "CRITICAL", "process": 7760, "module": "views", "message": "Database down", "pathname": "D:\\Django Practice\\core\\vege\\views.py", "funcName": "<module>", "lineno": 10}
{"asctime": "2025-05-04 05:57:32,414", "levelname": "INFO", "process": 7760, "module": "accounts_views_imports", "message": "User logged in", "pathname": "D:\\Django Practice\\core\\accounts\\accounts_views_imports.py", "funcName": "<module>", "lineno": 39}
{"asctime": "2025-05-04 05:57:32,419", "levelname": "WARNING", "process": 7760, "module": "accounts_views_imports", "message": "API response slow", "pathname": "D:\\Django Practice\\core\\accounts\\accounts_views_imports.py", "funcName": "<module>", "lineno": 40}
{"asctime": "2025-05-04 05:57:32,420", "levelname": "ERROR", "process": 7760, "module": "accounts_views_imports", "message": "Payment failed", "pathname": "D:\\Django Practice\\core\\accounts\\accounts_views_imports.py", "funcName": "<module>", "lineno": 41}
{"asctime": "2025-05-04 05:57:32,421", "levelname": "CRITICAL", "process": 7760, "module": "accounts_views_imports", "message": "Database down", "pathname": "D:\\Django Practice\\core\\accounts\\accounts_views_imports.py", "funcName": "<module>", "lineno": 42}
{"asctime": "2025-05-04 05:57:37,995", "levelname": "INFO", "process": 2216, "module": "views", "message": "User logged in", "pathname": "D:\\Django Practice\\core\\vege\\views.py", "funcName": "<module>", "lineno": 7}
{"asctime": "2025-05-04 05:57:37,998", "levelname": "WARNING", "process": 2216, "module": "views", "message": "API response slow", "pathname": "D:\\Django Practice\\core\\vege\\views.py", "funcName": "<module>", "lineno": 8}
{"asctime": "2025-05-04 05:57:38,000", "levelname": "ERROR", "process": 2216, "module": "views", "message": "Payment failed", "pathname": "D:\\Django Practice\\core\\vege\\views.py", "funcName": "<module>", "lineno": 9}
{"asctime": "2025-05-04 05:57:38,001", "levelname": "CRITICAL", "process": 2216, "module": "views", "message": "Database down", "pathname": "D:\\Django Practice\\core\\vege\\views.py", "funcName": "<module>", "lineno": 10}
{"asctime": "2025-05-04 05:58:50,674", "levelname": "INFO", "process": 11824, "module": "views", "message": "User logged in", "pathname": "D:\\Django Practice\\core\\vege\\views.py", "funcName": "<module>", "lineno": 7}
{"asctime": "2025-05-04 05:58:50,676", "levelname": "WARNING", "process": 11824, "module": "views", "message": "API response slow", "pathname": "D:\\Django Practice\\core\\vege\\views.py", "funcName": "<module>", "lineno": 8}
{"asctime": "2025-05-04 05:58:50,676", "levelname": "ERROR", "process": 11824, "module": "views", "message": "Payment failed", "pathname": "D:\\Django Practice\\core\\vege\\views.py", "funcName": "<module>", "lineno": 9}
{"asctime": "2025-05-04 05:58:50,677", "levelname": "CRITICAL", "process": 11824, "module": "views", "message": "Database down", "pathname": "D:\\Django Practice\\core\\vege\\views.py", "funcName": "<module>", "lineno": 10}
{"asctime": "2025-05-04 05:58:56,923", "levelname": "INFO", "process": 11832, "module": "views", "message": "User logged in", "pathname": "D:\\Django Practice\\core\\vege\\views.py", "funcName": "<module>", "lineno": 7}
{"asctime": "2025-05-04 05:58:56,926", "levelname": "WARNING", "process": 11832, "module": "views", "message": "API response slow", "pathname": "D:\\Django Practice\\core\\vege\\views.py", "funcName": "<module>", "lineno": 8}
{"asctime": "2025-05-04 05:58:56,927", "levelname": "ERROR", "process": 11832, "module": "views", "message": "Payment failed", "pathname": "D:\\Django Practice\\core\\vege\\views.py", "funcName": "<module>", "lineno": 9}
{"asctime": "2025-05-04 05:58:56,928", "levelname": "CRITICAL", "process": 11832, "module": "views", "message": "Database down", "pathname": "D:\\Django Practice\\core\\vege\\views.py", "funcName": "<module>", "lineno": 10}
{"asctime": "2025-05-04 05:59:31,027", "levelname": "INFO", "process": 5012, "module": "views", "message": "User logged in", "pathname": "D:\\Django Practice\\core\\vege\\views.py", "funcName": "<module>", "lineno": 7}
{"asctime": "2025-05-04 05:59:31,029", "levelname": "WARNING", "process": 5012, "module": "views", "message": "API response slow", "pathname": "D:\\Django Practice\\core\\vege\\views.py", "funcName": "<module>", "lineno": 8}
{"asctime": "2025-05-04 05:59:31,031", "levelname": "ERROR", "process": 5012, "module": "views", "message": "Payment failed", "pathname": "D:\\Django Practice\\core\\vege\\views.py", "funcName": "<module>", "lineno": 9}
{"asctime": "2025-05-04 05:59:31,032", "levelname": "CRITICAL", "process": 5012, "module": "views", "message": "Database down", "pathname": "D:\\Django Practice\\core\\vege\\views.py", "funcName": "<module>", "lineno": 10}
{"asctime": "2025-05-04 06:01:45,390", "levelname": "INFO", "process": 8276, "module": "views", "message": "User logged in", "pathname": "D:\\Django Practice\\core\\vege\\views.py", "funcName": "<module>", "lineno": 7}
{"asctime": "2025-05-04 06:01:45,392", "levelname": "WARNING", "process": 8276, "module": "views", "message": "API response slow", "pathname": "D:\\Django Practice\\core\\vege\\views.py", "funcName": "<module>", "lineno": 8}
{"asctime": "2025-05-04 06:01:45,393", "levelname": "ERROR", "process": 8276, "module": "views", "message": "Payment failed", "pathname": "D:\\Django Practice\\core\\vege\\views.py", "funcName": "<module>", "lineno": 9}
{"asctime": "2025-05-04 06:01:45,394", "levelname": "CRITICAL", "process": 8276, "module": "views", "message": "Database down", "pathname": "D:\\Django Practice\\core\\vege\\views.py", "funcName": "<module>", "lineno": 10}
{"asctime": "2025-05-04 06:01:54,080", "levelname": "INFO", "process": 9368, "module": "views", "message": "User logged in", "pathname": "D:\\Django Practice\\core\\vege\\views.py", "funcName": "<module>", "lineno": 7}
{"asctime": "2025-05-04 06:01:54,083", "levelname": "WARNING", "process": 9368, "module": "views", "message": "API response slow", "pathname": "D:\\Django Practice\\core\\vege\\views.py", "funcName": "<module>", "lineno": 8}
{"asctime": "2025-05-04 06:01:54,084", "levelname": "ERROR", "process": 9368, "module": "views", "message": "Payment failed", "pathname": "D:\\Django Practice\\core\\vege\\views.py", "funcName": "<module>", "lineno": 9}
{"asctime": "2025-05-04 06:01:54,085", "levelname": "CRITICAL", "process": 9368, "module": "views", "message": "Database down", "pathname": "D:\\Django Practice\\core\\vege\\views.py", "funcName": "<module>", "lineno": 10}
{"asctime": "2025-05-04 06:02:04,757", "levelname": "INFO", "process": 10468, "module": "views", "message": "User logged in", "pathname": "D:\\Django Practice\\core\\vege\\views.py", "funcName": "<module>", "lineno": 7}
{"asctime": "2025-05-04 06:02:04,759", "levelname": "WARNING", "process": 10468, "module": "views", "message": "API response slow", "pathname": "D:\\Django Practice\\core\\vege\\views.py", "funcName": "<module>", "lineno": 8}
{"asctime": "2025-05-04 06:02:04,760", "levelname": "ERROR", "process": 10468, "module": "views", "message": "Payment failed", "pathname": "D:\\Django Practice\\core\\vege\\views.py", "funcName": "<module>", "lineno": 9}
{"asctime": "2025-05-04 06:02:04,761", "levelname": "CRITICAL", "process": 10468, "module": "views", "message": "Database down", "pathname": "D:\\Django Practice\\core\\vege\\views.py", "funcName": "<module>", "lineno": 10}
{"asctime": "2025-05-04 06:02:10,000", "levelname": "INFO", "process": 14032, "module": "views", "message": "User logged in", "pathname": "D:\\Django Practice\\core\\vege\\views.py", "funcName": "<module>", "lineno": 7}
{"asctime": "2025-05-04 06:02:10,002", "levelname": "WARNING", "process": 14032, "module": "views", "message": "API response slow", "pathname": "D:\\Django Practice\\core\\vege\\views.py", "funcName": "<module>", "lineno": 8}
{"asctime": "2025-05-04 06:02:10,004", "levelname": "ERROR", "process": 14032, "module": "views", "message": "Payment failed", "pathname": "D:\\Django Practice\\core\\vege\\views.py", "funcName": "<module>", "lineno": 9}
{"asctime": "2025-05-04 06:02:10,005", "levelname": "CRITICAL", "process": 14032, "module": "views", "message": "Database down", "pathname": "D:\\Django Practice\\core\\vege\\views.py", "funcName": "<module>", "lineno": 10}
{"asctime": "2025-05-04 06:02:17,350", "levelname": "INFO", "process": 8328, "module": "views", "message": "User logged in", "pathname": "D:\\Django Practice\\core\\vege\\views.py", "funcName": "<module>", "lineno": 7}
{"asctime": "2025-05-04 06:02:17,351", "levelname": "WARNING", "process": 8328, "module": "views", "message": "API response slow", "pathname": "D:\\Django Practice\\core\\vege\\views.py", "funcName": "<module>", "lineno": 8}
{"asctime": "2025-05-04 06:02:17,352", "levelname": "ERROR", "process": 8328, "module": "views", "message": "Payment failed", "pathname": "D:\\Django Practice\\core\\vege\\views.py", "funcName": "<module>", "lineno": 9}
{"asctime": "2025-05-04 06:02:17,353", "levelname": "CRITICAL", "process": 8328, "module": "views", "message": "Database down", "pathname": "D:\\Django Practice\\core\\vege\\views.py", "funcName": "<module>", "lineno": 10}
{"asctime": "2025-05-04 06:02:34,970", "levelname": "INFO", "process": 14436, "module": "views", "message": "User logged in", "pathname": "D:\\Django Practice\\core\\vege\\views.py", "funcName": "<module>", "lineno": 7}
{"asctime": "2025-05-04 06:02:34,973", "levelname": "WARNING", "process": 14436, "module": "views", "message": "API response slow", "pathname": "D:\\Django Practice\\core\\vege\\views.py", "funcName": "<module>", "lineno": 8}
{"asctime": "2025-05-04 06:02:34,974", "levelname": "ERROR", "process": 14436, "module": "views", "message": "Payment failed", "pathname": "D:\\Django Practice\\core\\vege\\views.py", "funcName": "<module>", "lineno": 9}
{"asctime": "2025-05-04 06:02:34,975", "levelname": "CRITICAL", "process": 14436, "module": "views", "message": "Database down", "pathname": "D:\\Django Practice\\core\\vege\\views.py", "funcName": "<module>", "lineno": 10}
{"asctime": "2025-05-04 06:02:39,586", "levelname": "INFO", "process": 9008, "module": "views", "message": "User logged in", "pathname": "D:\\Django Practice\\core\\vege\\views.py", "funcName": "<module>", "lineno": 7}
{"asctime": "2025-05-04 06:02:39,588", "levelname": "WARNING", "process": 9008, "module": "views", "message": "API response slow", "pathname": "D:\\Django Practice\\core\\vege\\views.py", "funcName": "<module>", "lineno": 8}
{"asctime": "2025-05-04 06:02:39,590", "levelname": "ERROR", "process": 9008, "module": "views", "message": "Payment failed", "pathname": "D:\\Django Practice\\core\\vege\\views.py", "funcName": "<module>", "lineno": 9}
{"asctime": "2025-05-04 06:02:39,590", "levelname": "CRITICAL", "process": 9008, "module": "views", "message": "Database down", "pathname": "D:\\Django Practice\\core\\vege\\views.py", "funcName": "<module>", "lineno": 10}
{"asctime": "2025-05-04 06:02:50,438", "levelname": "INFO", "process": 12016, "module": "views", "message": "User logged in", "pathname": "D:\\Django Practice\\core\\vege\\views.py", "funcName": "<module>", "lineno": 7}
{"asctime": "2025-05-04 06:02:50,442", "levelname": "WARNING", "process": 12016, "module": "views", "message": "API response slow", "pathname": "D:\\Django Practice\\core\\vege\\views.py", "funcName": "<module>", "lineno": 8}
{"asctime": "2025-05-04 06:02:50,443", "levelname": "ERROR", "process": 12016, "module": "views", "message": "Payment failed", "pathname": "D:\\Django Practice\\core\\vege\\views.py", "funcName": "<module>", "lineno": 9}
{"asctime": "2025-05-04 06:02:50,444", "levelname": "CRITICAL", "process": 12016, "module": "views", "message": "Database down", "pathname": "D:\\Django Practice\\core\\vege\\views.py", "funcName": "<module>", "lineno": 10}
{"asctime": "2025-05-04 06:03:12,519", "levelname": "INFO", "process": 9944, "module": "views", "message": "User logged in", "pathname": "D:\\Django Practice\\core\\vege\\views.py", "funcName": "<module>", "lineno": 7}
{"asctime": "2025-05-04 06:03:12,521", "levelname": "WARNING", "process": 9944, "module": "views", "message": "API response slow", "pathname": "D:\\Django Practice\\core\\vege\\views.py", "funcName": "<module>", "lineno": 8}
{"asctime": "2025-05-04 06:03:12,522", "levelname": "ERROR", "process": 9944, "module": "views", "message": "Payment failed", "pathname": "D:\\Django Practice\\core\\vege\\views.py", "funcName": "<module>", "lineno": 9}
{"asctime": "2025-05-04 06:03:12,523", "levelname": "CRITICAL", "process": 9944, "module": "views", "message": "Database down", "pathname": "D:\\Django Practice\\core\\vege\\views.py", "funcName": "<module>", "lineno": 10}
{"asctime": "2025-05-04 06:03:21,469", "levelname": "INFO", "process": 11620, "module": "views", "message": "User logged in", "pathname": "D:\\Django Practice\\core\\vege\\views.py", "funcName": "<module>", "lineno": 7}
{"asctime": "2025-05-04 06:03:21,471", "levelname": "WARNING", "process": 11620, "module": "views", "message": "API response slow", "pathname": "D:\\Django Practice\\core\\vege\\views.py", "funcName": "<module>", "lineno": 8}
{"asctime": "2025-05-04 06:03:21,472", "levelname": "ERROR", "process": 11620, "module": "views", "message": "Payment failed", "pathname": "D:\\Django Practice\\core\\vege\\views.py", "funcName": "<module>", "lineno": 9}
{"asctime": "2025-05-04 06:03:21,472", "levelname": "CRITICAL", "process": 11620, "module": "views", "message": "Database down", "pathname": "D:\\Django Practice\\core\\vege\\views.py", "funcName": "<module>", "lineno": 10}
{"asctime": "2025-05-04 06:03:21,527", "levelname": "INFO", "process": 11620, "module": "accounts_views_imports", "message": "User logged in", "pathname": "D:\\Django Practice\\core\\accounts\\accounts_views_imports.py", "funcName": "<module>", "lineno": 39}
{"asctime": "2025-05-04 06:03:21,530", "levelname": "WARNING", "process": 11620, "module": "accounts_views_imports", "message": "API response slow", "pathname": "D:\\Django Practice\\core\\accounts\\accounts_views_imports.py", "funcName": "<module>", "lineno": 40}
{"asctime": "2025-05-04 06:03:21,531", "levelname": "ERROR", "process": 11620, "module": "accounts_views_imports", "message": "Payment failed", "pathname": "D:\\Django Practice\\core\\accounts\\accounts_views_imports.py", "funcName": "<module>", "lineno": 41}
{"asctime": "2025-05-04 06:03:21,533", "levelname": "CRITICAL", "process": 11620, "module": "accounts_views_imports", "message": "Database down", "pathname": "D:\\Django Practice\\core\\accounts\\accounts_views_imports.py", "funcName": "<module>", "lineno": 42}
{"asctime": "2025-05-04 06:03:31,300", "levelname": "INFO", "process": 9940, "module": "views", "message": "User logged in", "pathname": "D:\\Django Practice\\core\\vege\\views.py", "funcName": "<module>", "lineno": 7}
{"asctime": "2025-05-04 06:03:31,302", "levelname": "WARNING", "process": 9940, "module": "views", "message": "API response slow", "pathname": "D:\\Django Practice\\core\\vege\\views.py", "funcName": "<module>", "lineno": 8}
{"asctime": "2025-05-04 06:03:31,304", "levelname": "ERROR", "process": 9940, "module": "views", "message": "Payment failed", "pathname": "D:\\Django Practice\\core\\vege\\views.py", "funcName": "<module>", "lineno": 9}
{"asctime": "2025-05-04 06:03:31,304", "levelname": "CRITICAL", "process": 9940, "module": "views", "message": "Database down", "pathname": "D:\\Django Practice\\core\\vege\\views.py", "funcName": "<module>", "lineno": 10}
{"asctime": "2025-05-04 06:03:31,349", "levelname": "INFO", "process": 9940, "module": "accounts_views_imports", "message": "User logged in", "pathname": "D:\\Django Practice\\core\\accounts\\accounts_views_imports.py", "funcName": "<module>", "lineno": 39}
{"asctime": "2025-05-04 06:03:31,351", "levelname": "WARNING", "process": 9940, "module": "accounts_views_imports", "message": "API response slow", "pathname": "D:\\Django Practice\\core\\accounts\\accounts_views_imports.py", "funcName": "<module>", "lineno": 40}
{"asctime": "2025-05-04 06:03:31,352", "levelname": "ERROR", "process": 9940, "module": "accounts_views_imports", "message": "Payment failed", "pathname": "D:\\Django Practice\\core\\accounts\\accounts_views_imports.py", "funcName": "<module>", "lineno": 41}
{"asctime": "2025-05-04 06:03:31,353", "levelname": "CRITICAL", "process": 9940, "module": "accounts_views_imports", "message": "Database down", "pathname": "D:\\Django Practice\\core\\accounts\\accounts_views_imports.py", "funcName": "<module>", "lineno": 42}
{"asctime": "2025-05-04 06:03:36,866", "levelname": "INFO", "process": 4856, "module": "views", "message": "User logged in", "pathname": "D:\\Django Practice\\core\\vege\\views.py", "funcName": "<module>", "lineno": 7}
{"asctime": "2025-05-04 06:03:36,868", "levelname": "WARNING", "process": 4856, "module": "views", "message": "API response slow", "pathname": "D:\\Django Practice\\core\\vege\\views.py", "funcName": "<module>", "lineno": 8}
{"asctime": "2025-05-04 06:03:36,870", "levelname": "ERROR", "process": 4856, "module": "views", "message": "Payment failed", "pathname": "D:\\Django Practice\\core\\vege\\views.py", "funcName": "<module>", "lineno": 9}
{"asctime": "2025-05-04 06:03:36,870", "levelname": "CRITICAL", "process": 4856, "module": "views", "message": "Database down", "pathname": "D:\\Django Practice\\core\\vege\\views.py", "funcName": "<module>", "lineno": 10}
{"asctime": "2025-05-04 06:03:36,914", "levelname": "INFO", "process": 4856, "module": "accounts_views_imports", "message": "User logged in", "pathname": "D:\\Django Practice\\core\\accounts\\accounts_views_imports.py", "funcName": "<module>", "lineno": 39}
{"asctime": "2025-05-04 06:03:36,916", "levelname": "WARNING", "process": 4856, "module": "accounts_views_imports", "message": "API response slow", "pathname": "D:\\Django Practice\\core\\accounts\\accounts_views_imports.py", "funcName": "<module>", "lineno": 40}
{"asctime": "2025-05-04 06:03:36,917", "levelname": "ERROR", "process": 4856, "module": "accounts_views_imports", "message": "Payment failed", "pathname": "D:\\Django Practice\\core\\accounts\\accounts_views_imports.py", "funcName": "<module>", "lineno": 41}
{"asctime": "2025-05-04 06:03:36,918", "levelname": "CRITICAL", "process": 4856, "module": "accounts_views_imports", "message": "Database down", "pathname": "D:\\Django Practice\\core\\accounts\\accounts_views_imports.py", "funcName": "<module>", "lineno": 42}
{"asctime": "2025-05-04 06:05:48,107", "levelname": "INFO", "process": 1576, "module": "views", "message": "User logged in", "pathname": "D:\\Django Practice\\core\\vege\\views.py", "funcName": "<module>", "lineno": 7}
{"asctime": "2025-05-04 06:05:48,109", "levelname": "WARNING", "process": 1576, "module": "views", "message": "API response slow", "pathname": "D:\\Django Practice\\core\\vege\\views.py", "funcName": "<module>", "lineno": 8}
{"asctime": "2025-05-04 06:05:48,111", "levelname": "ERROR", "process": 1576, "module": "views", "message": "Payment failed", "pathname": "D:\\Django Practice\\core\\vege\\views.py", "funcName": "<module>", "lineno": 9}
{"asctime": "2025-05-04 06:05:48,112", "levelname": "CRITICAL", "process": 1576, "module": "views", "message": "Database down", "pathname": "D:\\Django Practice\\core\\vege\\views.py", "funcName": "<module>", "lineno": 10}
{"asctime": "2025-05-04 06:05:48,162", "levelname": "INFO", "process": 1576, "module": "accounts_views_imports", "message": "User logged in", "pathname": "D:\\Django Practice\\core\\accounts\\accounts_views_imports.py", "funcName": "<module>", "lineno": 39}
{"asctime": "2025-05-04 06:05:48,162", "levelname": "WARNING", "process": 1576, "module": "accounts_views_imports", "message": "API response slow", "pathname": "D:\\Django Practice\\core\\accounts\\accounts_views_imports.py", "funcName": "<module>", "lineno": 40}
{"asctime": "2025-05-04 06:05:48,162", "levelname": "ERROR", "process": 1576, "module": "accounts_views_imports", "message": "Payment failed", "pathname": "D:\\Django Practice\\core\\accounts\\accounts_views_imports.py", "funcName": "<module>", "lineno": 41}
{"asctime": "2025-05-04 06:05:48,162", "levelname": "CRITICAL", "process": 1576, "module": "accounts_views_imports", "message": "Database down", "pathname": "D:\\Django Practice\\core\\accounts\\accounts_views_imports.py", "funcName": "<module>", "lineno": 42}
{"asctime": "2025-05-04 06:05:53,352", "levelname": "INFO", "process": 6048, "module": "views", "message": "User logged in", "pathname": "D:\\Django Practice\\core\\vege\\views.py", "funcName": "<module>", "lineno": 7}
{"asctime": "2025-05-04 06:05:53,352", "levelname": "WARNING", "process": 6048, "module": "views", "message": "API response slow", "pathname": "D:\\Django Practice\\core\\vege\\views.py", "funcName": "<module>", "lineno": 8}
{"asctime": "2025-05-04 06:05:53,362", "levelname": "ERROR", "process": 6048, "module": "views", "message": "Payment failed", "pathname": "D:\\Django Practice\\core\\vege\\views.py", "funcName": "<module>", "lineno": 9}
{"asctime": "2025-05-04 06:05:53,362", "levelname": "CRITICAL", "process": 6048, "module": "views", "message": "Database down", "pathname": "D:\\Django Practice\\core\\vege\\views.py", "funcName": "<module>", "lineno": 10}
{"asctime": "2025-05-04 06:05:53,402", "levelname": "INFO", "process": 6048, "module": "accounts_views_imports", "message": "User logged in", "pathname": "D:\\Django Practice\\core\\accounts\\accounts_views_imports.py", "funcName": "<module>", "lineno": 39}
{"asctime": "2025-05-04 06:05:53,402", "levelname": "WARNING", "process": 6048, "module": "accounts_views_imports", "message": "API response slow", "pathname": "D:\\Django Practice\\core\\accounts\\accounts_views_imports.py", "funcName": "<module>", "lineno": 40}
{"asctime": "2025-05-04 06:05:53,402", "levelname": "ERROR", "process": 6048, "module": "accounts_views_imports", "message": "Payment failed", "pathname": "D:\\Django Practice\\core\\accounts\\accounts_views_imports.py", "funcName": "<module>", "lineno": 41}
{"asctime": "2025-05-04 06:05:53,402", "levelname": "CRITICAL", "process": 6048, "module": "accounts_views_imports", "message": "Database down", "pathname": "D:\\Django Practice\\core\\accounts\\accounts_views_imports.py", "funcName": "<module>", "lineno": 42}
{"asctime": "2025-05-04 06:05:57,702", "levelname": "INFO", "process": 11248, "module": "views", "message": "User logged in", "pathname": "D:\\Django Practice\\core\\vege\\views.py", "funcName": "<module>", "lineno": 7}
{"asctime": "2025-05-04 06:05:57,702", "levelname": "WARNING", "process": 11248, "module": "views", "message": "API response slow", "pathname": "D:\\Django Practice\\core\\vege\\views.py", "funcName": "<module>", "lineno": 8}
{"asctime": "2025-05-04 06:05:57,702", "levelname": "ERROR", "process": 11248, "module": "views", "message": "Payment failed", "pathname": "D:\\Django Practice\\core\\vege\\views.py", "funcName": "<module>", "lineno": 9}
{"asctime": "2025-05-04 06:05:57,702", "levelname": "CRITICAL", "process": 11248, "module": "views", "message": "Database down", "pathname": "D:\\Django Practice\\core\\vege\\views.py", "funcName": "<module>", "lineno": 10}
{"asctime": "2025-05-04 06:05:57,760", "levelname": "INFO", "process": 11248, "module": "accounts_views_imports", "message": "User logged in", "pathname": "D:\\Django Practice\\core\\accounts\\accounts_views_imports.py", "funcName": "<module>", "lineno": 39}
{"asctime": "2025-05-04 06:05:57,762", "levelname": "WARNING", "process": 11248, "module": "accounts_views_imports", "message": "API response slow", "pathname": "D:\\Django Practice\\core\\accounts\\accounts_views_imports.py", "funcName": "<module>", "lineno": 40}
{"asctime": "2025-05-04 06:05:57,763", "levelname": "ERROR", "process": 11248, "module": "accounts_views_imports", "message": "Payment failed", "pathname": "D:\\Django Practice\\core\\accounts\\accounts_views_imports.py", "funcName": "<module>", "lineno": 41}
{"asctime": "2025-05-04 06:05:57,763", "levelname": "CRITICAL", "process": 11248, "module": "accounts_views_imports", "message": "Database down", "pathname": "D:\\Django Practice\\core\\accounts\\accounts_views_imports.py", "funcName": "<module>", "lineno": 42}
{"asctime": "2025-05-04 06:06:02,352", "levelname": "INFO", "process": 7588, "module": "views", "message": "User logged in", "pathname": "D:\\Django Practice\\core\\vege\\views.py", "funcName": "<module>", "lineno": 7}
{"asctime": "2025-05-04 06:06:02,362", "levelname": "WARNING", "process": 7588, "module": "views", "message": "API response slow", "pathname": "D:\\Django Practice\\core\\vege\\views.py", "funcName": "<module>", "lineno": 8}
{"asctime": "2025-05-04 06:06:02,362", "levelname": "ERROR", "process": 7588, "module": "views", "message": "Payment failed", "pathname": "D:\\Django Practice\\core\\vege\\views.py", "funcName": "<module>", "lineno": 9}
{"asctime": "2025-05-04 06:06:02,362", "levelname": "CRITICAL", "process": 7588, "module": "views", "message": "Database down", "pathname": "D:\\Django Practice\\core\\vege\\views.py", "funcName": "<module>", "lineno": 10}
{"asctime": "2025-05-04 06:06:02,402", "levelname": "INFO", "process": 7588, "module": "accounts_views_imports", "message": "User logged in", "pathname": "D:\\Django Practice\\core\\accounts\\accounts_views_imports.py", "funcName": "<module>", "lineno": 39}
{"asctime": "2025-05-04 06:06:02,402", "levelname": "WARNING", "process": 7588, "module": "accounts_views_imports", "message": "API response slow", "pathname": "D:\\Django Practice\\core\\accounts\\accounts_views_imports.py", "funcName": "<module>", "lineno": 40}
{"asctime": "2025-05-04 06:06:02,402", "levelname": "ERROR", "process": 7588, "module": "accounts_views_imports", "message": "Payment failed", "pathname": "D:\\Django Practice\\core\\accounts\\accounts_views_imports.py", "funcName": "<module>", "lineno": 41}
{"asctime": "2025-05-04 06:06:02,402", "levelname": "CRITICAL", "process": 7588, "module": "accounts_views_imports", "message": "Database down", "pathname": "D:\\Django Practice\\core\\accounts\\accounts_views_imports.py", "funcName": "<module>", "lineno": 42}
{"asctime": "2025-05-04 06:06:09,042", "levelname": "INFO", "process": 6932, "module": "views", "message": "User logged in", "pathname": "D:\\Django Practice\\core\\vege\\views.py", "funcName": "<module>", "lineno": 7}
{"asctime": "2025-05-04 06:06:09,042", "levelname": "WARNING", "process": 6932, "module": "views", "message": "API response slow", "pathname": "D:\\Django Practice\\core\\vege\\views.py", "funcName": "<module>", "lineno": 8}
{"asctime": "2025-05-04 06:06:09,052", "levelname": "ERROR", "process": 6932, "module": "views", "message": "Payment failed", "pathname": "D:\\Django Practice\\core\\vege\\views.py", "funcName": "<module>", "lineno": 9}
{"asctime": "2025-05-04 06:06:09,052", "levelname": "CRITICAL", "process": 6932, "module": "views", "message": "Database down", "pathname": "D:\\Django Practice\\core\\vege\\views.py", "funcName": "<module>", "lineno": 10}
{"asctime": "2025-05-04 06:06:13,925", "levelname": "INFO", "process": 10164, "module": "views", "message": "User logged in", "pathname": "D:\\Django Practice\\core\\vege\\views.py", "funcName": "<module>", "lineno": 7}
{"asctime": "2025-05-04 06:06:13,926", "levelname": "WARNING", "process": 10164, "module": "views", "message": "API response slow", "pathname": "D:\\Django Practice\\core\\vege\\views.py", "funcName": "<module>", "lineno": 8}
{"asctime": "2025-05-04 06:06:13,926", "levelname": "ERROR", "process": 10164, "module": "views", "message": "Payment failed", "pathname": "D:\\Django Practice\\core\\vege\\views.py", "funcName": "<module>", "lineno": 9}
{"asctime": "2025-05-04 06:06:13,926", "levelname": "CRITICAL", "process": 10164, "module": "views", "message": "Database down", "pathname": "D:\\Django Practice\\core\\vege\\views.py", "funcName": "<module>", "lineno": 10}
{"asctime": "2025-05-04 06:06:13,972", "levelname": "INFO", "process": 10164, "module": "accounts_views_imports", "message": "User logged in", "pathname": "D:\\Django Practice\\core\\accounts\\accounts_views_imports.py", "funcName": "<module>", "lineno": 39}
{"asctime": "2025-05-04 06:06:13,975", "levelname": "WARNING", "process": 10164, "module": "accounts_views_imports", "message": "API response slow", "pathname": "D:\\Django Practice\\core\\accounts\\accounts_views_imports.py", "funcName": "<module>", "lineno": 40}
{"asctime": "2025-05-04 06:06:13,975", "levelname": "ERROR", "process": 10164, "module": "accounts_views_imports", "message": "Payment failed", "pathname": "D:\\Django Practice\\core\\accounts\\accounts_views_imports.py", "funcName": "<module>", "lineno": 41}
{"asctime": "2025-05-04 06:06:13,975", "levelname": "CRITICAL", "process": 10164, "module": "accounts_views_imports", "message": "Database down", "pathname": "D:\\Django Practice\\core\\accounts\\accounts_views_imports.py", "funcName": "<module>", "lineno": 42}
{"asctime": "2025-05-06 09:21:24,351", "levelname": "INFO", "process": 8040, "module": "views", "message": "User logged in", "pathname": "D:\\Django Practice\\core\\vege\\views.py", "funcName": "<module>", "lineno": 7}
{"asctime": "2025-05-06 09:21:24,368", "levelname": "WARNING", "process": 8040, "module": "views", "message": "API response slow", "pathname": "D:\\Django Practice\\core\\vege\\views.py", "funcName": "<module>", "lineno": 8}
{"asctime": "2025-05-06 09:21:24,369", "levelname": "ERROR", "process": 8040, "module": "views", "message": "Payment failed", "pathname": "D:\\Django Practice\\core\\vege\\views.py", "funcName": "<module>", "lineno": 9}
{"asctime": "2025-05-06 09:21:24,371", "levelname": "CRITICAL", "process": 8040, "module": "views", "message": "Database down", "pathname": "D:\\Django Practice\\core\\vege\\views.py", "funcName": "<module>", "lineno": 10}
{"asctime": "2025-05-06 09:21:24,418", "levelname": "INFO", "process": 8040, "module": "accounts_views_imports", "message": "User logged in", "pathname": "D:\\Django Practice\\core\\accounts\\accounts_views_imports.py", "funcName": "<module>", "lineno": 39}
{"asctime": "2025-05-06 09:21:24,422", "levelname": "WARNING", "process": 8040, "module": "accounts_views_imports", "message": "API response slow", "pathname": "D:\\Django Practice\\core\\accounts\\accounts_views_imports.py", "funcName": "<module>", "lineno": 40}
{"asctime": "2025-05-06 09:21:24,425", "levelname": "ERROR", "process": 8040, "module": "accounts_views_imports", "message": "Payment failed", "pathname": "D:\\Django Practice\\core\\accounts\\accounts_views_imports.py", "funcName": "<module>", "lineno": 41}
{"asctime": "2025-05-06 09:21:24,426", "levelname": "CRITICAL", "process": 8040, "module": "accounts_views_imports", "message": "Database down", "pathname": "D:\\Django Practice\\core\\accounts\\accounts_views_imports.py", "funcName": "<module>", "lineno": 42}
{"asctime": "2025-05-06 19:38:18,009", "levelname": "INFO", "process": 6240, "module": "views", "message": "User logged in", "pathname": "D:\\Django Practice\\core\\vege\\views.py", "funcName": "<module>", "lineno": 7}
{"asctime": "2025-05-06 19:38:18,009", "levelname": "WARNING", "process": 6240, "module": "views", "message": "API response slow", "pathname": "D:\\Django Practice\\core\\vege\\views.py", "funcName": "<module>", "lineno": 8}
{"asctime": "2025-05-06 19:38:18,009", "levelname": "ERROR", "process": 6240, "module": "views", "message": "Payment failed", "pathname": "D:\\Django Practice\\core\\vege\\views.py", "funcName": "<module>", "lineno": 9}
{"asctime": "2025-05-06 19:38:18,009", "levelname": "CRITICAL", "process": 6240, "module": "views", "message": "Database down", "pathname": "D:\\Django Practice\\core\\vege\\views.py", "funcName": "<module>", "lineno": 10}
{"asctime": "2025-05-06 19:38:18,041", "levelname": "INFO", "process": 6240, "module": "accounts_views_imports", "message": "User logged in", "pathname": "D:\\Django Practice\\core\\accounts\\accounts_views_imports.py", "funcName": "<module>", "lineno": 39}
{"asctime": "2025-05-06 19:38:18,041", "levelname": "WARNING", "process": 6240, "module": "accounts_views_imports", "message": "API response slow", "pathname": "D:\\Django Practice\\core\\accounts\\accounts_views_imports.py", "funcName": "<module>", "lineno": 40}
{"asctime": "2025-05-06 19:38:18,041", "levelname": "ERROR", "process": 6240, "module": "accounts_views_imports", "message": "Payment failed", "pathname": "D:\\Django Practice\\core\\accounts\\accounts_views_imports.py", "funcName": "<module>", "lineno": 41}
{"asctime": "2025-05-06 19:38:18,041", "levelname": "CRITICAL", "process": 6240, "module": "accounts_views_imports", "message": "Database down", "pathname": "D:\\Django Practice\\core\\accounts\\accounts_views_imports.py", "funcName": "<module>", "lineno": 42}
{"asctime": "2025-05-06 19:38:27,801", "levelname": "INFO", "process": 9600, "module": "views", "message": "User logged in", "pathname": "D:\\Django Practice\\core\\vege\\views.py", "funcName": "<module>", "lineno": 7}
{"asctime": "2025-05-06 19:38:27,819", "levelname": "WARNING", "process": 9600, "module": "views", "message": "API response slow", "pathname": "D:\\Django Practice\\core\\vege\\views.py", "funcName": "<module>", "lineno": 8}
{"asctime": "2025-05-06 19:38:27,819", "levelname": "ERROR", "process": 9600, "module": "views", "message": "Payment failed", "pathname": "D:\\Django Practice\\core\\vege\\views.py", "funcName": "<module>", "lineno": 9}
{"asctime": "2025-05-06 19:38:27,819", "levelname": "CRITICAL", "process": 9600, "module": "views", "message": "Database down", "pathname": "D:\\Django Practice\\core\\vege\\views.py", "funcName": "<module>", "lineno": 10}
{"asctime": "2025-05-06 19:38:27,835", "levelname": "INFO", "process": 9600, "module": "accounts_views_imports", "message": "User logged in", "pathname": "D:\\Django Practice\\core\\accounts\\accounts_views_imports.py", "funcName": "<module>", "lineno": 39}
{"asctime": "2025-05-06 19:38:27,835", "levelname": "WARNING", "process": 9600, "module": "accounts_views_imports", "message": "API response slow", "pathname": "D:\\Django Practice\\core\\accounts\\accounts_views_imports.py", "funcName": "<module>", "lineno": 40}
{"asctime": "2025-05-06 19:38:27,835", "levelname": "ERROR", "process": 9600, "module": "accounts_views_imports", "message": "Payment failed", "pathname": "D:\\Django Practice\\core\\accounts\\accounts_views_imports.py", "funcName": "<module>", "lineno": 41}
{"asctime": "2025-05-06 19:38:27,835", "levelname": "CRITICAL", "process": 9600, "module": "accounts_views_imports", "message": "Database down", "pathname": "D:\\Django Practice\\core\\accounts\\accounts_views_imports.py", "funcName": "<module>", "lineno": 42}
{"asctime": "2025-05-06 19:38:33,325", "levelname": "INFO", "process": 9964, "module": "views", "message": "User logged in", "pathname": "D:\\Django Practice\\core\\vege\\views.py", "funcName": "<module>", "lineno": 7}
{"asctime": "2025-05-06 19:38:33,325", "levelname": "WARNING", "process": 9964, "module": "views", "message": "API response slow", "pathname": "D:\\Django Practice\\core\\vege\\views.py", "funcName": "<module>", "lineno": 8}
{"asctime": "2025-05-06 19:38:33,341", "levelname": "ERROR", "process": 9964, "module": "views", "message": "Payment failed", "pathname": "D:\\Django Practice\\core\\vege\\views.py", "funcName": "<module>", "lineno": 9}
{"asctime": "2025-05-06 19:38:33,341", "levelname": "CRITICAL", "process": 9964, "module": "views", "message": "Database down", "pathname": "D:\\Django Practice\\core\\vege\\views.py", "funcName": "<module>", "lineno": 10}
{"asctime": "2025-05-06 19:38:33,356", "levelname": "INFO", "process": 9964, "module": "accounts_views_imports", "message": "User logged in", "pathname": "D:\\Django Practice\\core\\accounts\\accounts_views_imports.py", "funcName": "<module>", "lineno": 39}
{"asctime": "2025-05-06 19:38:33,356", "levelname": "WARNING", "process": 9964, "module": "accounts_views_imports", "message": "API response slow", "pathname": "D:\\Django Practice\\core\\accounts\\accounts_views_imports.py", "funcName": "<module>", "lineno": 40}
{"asctime": "2025-05-06 19:38:33,356", "levelname": "ERROR", "process": 9964, "module": "accounts_views_imports", "message": "Payment failed", "pathname": "D:\\Django Practice\\core\\accounts\\accounts_views_imports.py", "funcName": "<module>", "lineno": 41}
{"asctime": "2025-05-06 19:38:33,356", "levelname": "CRITICAL", "process": 9964, "module": "accounts_views_imports", "message": "Database down", "pathname": "D:\\Django Practice\\core\\accounts\\accounts_views_imports.py", "funcName": "<module>", "lineno": 42}
{"asctime": "2025-05-06 19:39:10,607", "levelname": "INFO", "process": 8828, "module": "views", "message": "User logged in", "pathname": "D:\\Django Practice\\core\\vege\\views.py", "funcName": "<module>", "lineno": 7}
{"asctime": "2025-05-06 19:39:10,623", "levelname": "WARNING", "process": 8828, "module": "views", "message": "API response slow", "pathname": "D:\\Django Practice\\core\\vege\\views.py", "funcName": "<module>", "lineno": 8}
{"asctime": "2025-05-06 19:39:10,623", "levelname": "ERROR", "process": 8828, "module": "views", "message": "Payment failed", "pathname": "D:\\Django Practice\\core\\vege\\views.py", "funcName": "<module>", "lineno": 9}
{"asctime": "2025-05-06 19:39:10,623", "levelname": "CRITICAL", "process": 8828, "module": "views", "message": "Database down", "pathname": "D:\\Django Practice\\core\\vege\\views.py", "funcName": "<module>", "lineno": 10}
{"asctime": "2025-05-06 19:39:10,640", "levelname": "INFO", "process": 8828, "module": "accounts_views_imports", "message": "User logged in", "pathname": "D:\\Django Practice\\core\\accounts\\accounts_views_imports.py", "funcName": "<module>", "lineno": 39}
{"asctime": "2025-05-06 19:39:10,640", "levelname": "WARNING", "process": 8828, "module": "accounts_views_imports", "message": "API response slow", "pathname": "D:\\Django Practice\\core\\accounts\\accounts_views_imports.py", "funcName": "<module>", "lineno": 40}
{"asctime": "2025-05-06 19:39:10,640", "levelname": "ERROR", "process": 8828, "module": "accounts_views_imports", "message": "Payment failed", "pathname": "D:\\Django Practice\\core\\accounts\\accounts_views_imports.py", "funcName": "<module>", "lineno": 41}
{"asctime": "2025-05-06 19:39:10,640", "levelname": "CRITICAL", "process": 8828, "module": "accounts_views_imports", "message": "Database down", "pathname": "D:\\Django Practice\\core\\accounts\\accounts_views_imports.py", "funcName": "<module>", "lineno": 42}
{"asctime": "2025-05-06 19:39:17,015", "levelname": "INFO", "process": 9272, "module": "views", "message": "User logged in", "pathname": "D:\\Django Practice\\core\\vege\\views.py", "funcName": "<module>", "lineno": 7}
{"asctime": "2025-05-06 19:39:17,017", "levelname": "WARNING", "process": 9272, "module": "views", "message": "API response slow", "pathname": "D:\\Django Practice\\core\\vege\\views.py", "funcName": "<module>", "lineno": 8}
{"asctime": "2025-05-06 19:39:17,018", "levelname": "ERROR", "process": 9272, "module": "views", "message": "Payment failed", "pathname": "D:\\Django Practice\\core\\vege\\views.py", "funcName": "<module>", "lineno": 9}
{"asctime": "2025-05-06 19:39:17,019", "levelname": "CRITICAL", "process": 9272, "module": "views", "message": "Database down", "pathname": "D:\\Django Practice\\core\\vege\\views.py", "funcName": "<module>", "lineno": 10}
{"asctime": "2025-05-06 19:39:17,039", "levelname": "INFO", "process": 9272, "module": "accounts_views_imports", "message": "User logged in", "pathname": "D:\\Django Practice\\core\\accounts\\accounts_views_imports.py", "funcName": "<module>", "lineno": 39}
{"asctime": "2025-05-06 19:39:17,039", "levelname": "WARNING", "process": 9272, "module": "accounts_views_imports", "message": "API response slow", "pathname": "D:\\Django Practice\\core\\accounts\\accounts_views_imports.py", "funcName": "<module>", "lineno": 40}
{"asctime": "2025-05-06 19:39:17,040", "levelname": "ERROR", "process": 9272, "module": "accounts_views_imports", "message": "Payment failed", "pathname": "D:\\Django Practice\\core\\accounts\\accounts_views_imports.py", "funcName": "<module>", "lineno": 41}
{"asctime": "2025-05-06 19:39:17,040", "levelname": "CRITICAL", "process": 9272, "module": "accounts_views_imports", "message": "Database down", "pathname": "D:\\Django Practice\\core\\accounts\\accounts_views_imports.py", "funcName": "<module>", "lineno": 42}
{"asctime": "2025-05-06 19:39:55,875", "levelname": "INFO", "process": 9536, "module": "views", "message": "User logged in", "pathname": "D:\\Django Practice\\core\\vege\\views.py", "funcName": "<module>", "lineno": 7}
{"asctime": "2025-05-06 19:39:55,877", "levelname": "WARNING", "process": 9536, "module": "views", "message": "API response slow", "pathname": "D:\\Django Practice\\core\\vege\\views.py", "funcName": "<module>", "lineno": 8}
{"asctime": "2025-05-06 19:39:55,880", "levelname": "ERROR", "process": 9536, "module": "views", "message": "Payment failed", "pathname": "D:\\Django Practice\\core\\vege\\views.py", "funcName": "<module>", "lineno": 9}
{"asctime": "2025-05-06 19:39:55,881", "levelname": "CRITICAL", "process": 9536, "module": "views", "message": "Database down", "pathname": "D:\\Django Practice\\core\\vege\\views.py", "funcName": "<module>", "lineno": 10}
{"asctime": "2025-05-06 19:39:55,900", "levelname": "INFO", "process": 9536, "module": "accounts_views_imports", "message": "User logged in", "pathname": "D:\\Django Practice\\core\\accounts\\accounts_views_imports.py", "funcName": "<module>", "lineno": 39}
{"asctime": "2025-05-06 19:39:55,901", "levelname": "WARNING", "process": 9536, "module": "accounts_views_imports", "message": "API response slow", "pathname": "D:\\Django Practice\\core\\accounts\\accounts_views_imports.py", "funcName": "<module>", "lineno": 40}
{"asctime": "2025-05-06 19:39:55,902", "levelname": "ERROR", "process": 9536, "module": "accounts_views_imports", "message": "Payment failed", "pathname": "D:\\Django Practice\\core\\accounts\\accounts_views_imports.py", "funcName": "<module>", "lineno": 41}
{"asctime": "2025-05-06 19:39:55,903", "levelname": "CRITICAL", "process": 9536, "module": "accounts_views_imports", "message": "Database down", "pathname": "D:\\Django Practice\\core\\accounts\\accounts_views_imports.py", "funcName": "<module>", "lineno": 42}
{"asctime": "2025-05-06 19:40:39,435", "levelname": "INFO", "process": 672, "module": "views", "message": "User logged in", "pathname": "D:\\Django Practice\\core\\vege\\views.py", "funcName": "<module>", "lineno": 7}
{"asctime": "2025-05-06 19:40:39,435", "levelname": "WARNING", "process": 672, "module": "views", "message": "API response slow", "pathname": "D:\\Django Practice\\core\\vege\\views.py", "funcName": "<module>", "lineno": 8}
{"asctime": "2025-05-06 19:40:39,435", "levelname": "ERROR", "process": 672, "module": "views", "message": "Payment failed", "pathname": "D:\\Django Practice\\core\\vege\\views.py", "funcName": "<module>", "lineno": 9}
{"asctime": "2025-05-06 19:40:39,435", "levelname": "CRITICAL", "process": 672, "module": "views", "message": "Database down", "pathname": "D:\\Django Practice\\core\\vege\\views.py", "funcName": "<module>", "lineno": 10}
{"asctime": "2025-05-06 19:40:39,468", "levelname": "INFO", "process": 672, "module": "accounts_views_imports", "message": "User logged in", "pathname": "D:\\Django Practice\\core\\accounts\\accounts_views_imports.py", "funcName": "<module>", "lineno": 39}
{"asctime": "2025-05-06 19:40:39,468", "levelname": "WARNING", "process": 672, "module": "accounts_views_imports", "message": "API response slow", "pathname": "D:\\Django Practice\\core\\accounts\\accounts_views_imports.py", "funcName": "<module>", "lineno": 40}
{"asctime": "2025-05-06 19:40:39,468", "levelname": "ERROR", "process": 672, "module": "accounts_views_imports", "message": "Payment failed", "pathname": "D:\\Django Practice\\core\\accounts\\accounts_views_imports.py", "funcName": "<module>", "lineno": 41}
{"asctime": "2025-05-06 19:40:39,468", "levelname": "CRITICAL", "process": 672, "module": "accounts_views_imports", "message": "Database down", "pathname": "D:\\Django Practice\\core\\accounts\\accounts_views_imports.py", "funcName": "<module>", "lineno": 42}
{"asctime": "2025-05-06 19:41:06,463", "levelname": "INFO", "process": 10388, "module": "views", "message": "User logged in", "pathname": "D:\\Django Practice\\core\\vege\\views.py", "funcName": "<module>", "lineno": 7}
{"asctime": "2025-05-06 19:41:06,464", "levelname": "WARNING", "process": 10388, "module": "views", "message": "API response slow", "pathname": "D:\\Django Practice\\core\\vege\\views.py", "funcName": "<module>", "lineno": 8}
{"asctime": "2025-05-06 19:41:06,466", "levelname": "ERROR", "process": 10388, "module": "views", "message": "Payment failed", "pathname": "D:\\Django Practice\\core\\vege\\views.py", "funcName": "<module>", "lineno": 9}
{"asctime": "2025-05-06 19:41:06,466", "levelname": "CRITICAL", "process": 10388, "module": "views", "message": "Database down", "pathname": "D:\\Django Practice\\core\\vege\\views.py", "funcName": "<module>", "lineno": 10}
{"asctime": "2025-05-06 19:41:06,488", "levelname": "INFO", "process": 10388, "module": "accounts_views_imports", "message": "User logged in", "pathname": "D:\\Django Practice\\core\\accounts\\accounts_views_imports.py", "funcName": "<module>", "lineno": 39}
{"asctime": "2025-05-06 19:41:06,489", "levelname": "WARNING", "process": 10388, "module": "accounts_views_imports", "message": "API response slow", "pathname": "D:\\Django Practice\\core\\accounts\\accounts_views_imports.py", "funcName": "<module>", "lineno": 40}
{"asctime": "2025-05-06 19:41:06,490", "levelname": "ERROR", "process": 10388, "module": "accounts_views_imports", "message": "Payment failed", "pathname": "D:\\Django Practice\\core\\accounts\\accounts_views_imports.py", "funcName": "<module>", "lineno": 41}
{"asctime": "2025-05-06 19:41:06,491", "levelname": "CRITICAL", "process": 10388, "module": "accounts_views_imports", "message": "Database down", "pathname": "D:\\Django Practice\\core\\accounts\\accounts_views_imports.py", "funcName": "<module>", "lineno": 42}
{"asctime": "2025-05-06 20:30:16,744", "levelname": "INFO", "process": 11880, "module": "views", "message": "User logged in", "pathname": "D:\\Django Practice\\core\\vege\\views.py", "funcName": "<module>", "lineno": 7}
{"asctime": "2025-05-06 20:30:16,772", "levelname": "WARNING", "process": 11880, "module": "views", "message": "API response slow", "pathname": "D:\\Django Practice\\core\\vege\\views.py", "funcName": "<module>", "lineno": 8}
{"asctime": "2025-05-06 20:30:16,773", "levelname": "ERROR", "process": 11880, "module": "views", "message": "Payment failed", "pathname": "D:\\Django Practice\\core\\vege\\views.py", "funcName": "<module>", "lineno": 9}
{"asctime": "2025-05-06 20:30:16,775", "levelname": "CRITICAL", "process": 11880, "module": "views", "message": "Database down", "pathname": "D:\\Django Practice\\core\\vege\\views.py", "funcName": "<module>", "lineno": 10}
{"asctime": "2025-05-06 20:30:16,797", "levelname": "INFO", "process": 11880, "module": "accounts_views_imports", "message": "User logged in", "pathname": "D:\\Django Practice\\core\\accounts\\accounts_views_imports.py", "funcName": "<module>", "lineno": 39}
{"asctime": "2025-05-06 20:30:16,798", "levelname": "WARNING", "process": 11880, "module": "accounts_views_imports", "message": "API response slow", "pathname": "D:\\Django Practice\\core\\accounts\\accounts_views_imports.py", "funcName": "<module>", "lineno": 40}
{"asctime": "2025-05-06 20:30:16,799", "levelname": "ERROR", "process": 11880, "module": "accounts_views_imports", "message": "Payment failed", "pathname": "D:\\Django Practice\\core\\accounts\\accounts_views_imports.py", "funcName": "<module>", "lineno": 41}
{"asctime": "2025-05-06 20:30:16,799", "levelname": "CRITICAL", "process": 11880, "module": "accounts_views_imports", "message": "Database down", "pathname": "D:\\Django Practice\\core\\accounts\\accounts_views_imports.py", "funcName": "<module>", "lineno": 42}
{"asctime": "2025-05-06 20:30:58,067", "levelname": "INFO", "process": 10916, "module": "views", "message": "User logged in", "pathname": "D:\\Django Practice\\core\\vege\\views.py", "funcName": "<module>", "lineno": 7}
{"asctime": "2025-05-06 20:30:58,069", "levelname": "WARNING", "process": 10916, "module": "views", "message": "API response slow", "pathname": "D:\\Django Practice\\core\\vege\\views.py", "funcName": "<module>", "lineno": 8}
{"asctime": "2025-05-06 20:30:58,070", "levelname": "ERROR", "process": 10916, "module": "views", "message": "Payment failed", "pathname": "D:\\Django Practice\\core\\vege\\views.py", "funcName": "<module>", "lineno": 9}
{"asctime": "2025-05-06 20:30:58,071", "levelname": "CRITICAL", "process": 10916, "module": "views", "message": "Database down", "pathname": "D:\\Django Practice\\core\\vege\\views.py", "funcName": "<module>", "lineno": 10}
{"asctime": "2025-05-06 20:30:58,088", "levelname": "INFO", "process": 10916, "module": "accounts_views_imports", "message": "User logged in", "pathname": "D:\\Django Practice\\core\\accounts\\accounts_views_imports.py", "funcName": "<module>", "lineno": 39}
{"asctime": "2025-05-06 20:30:58,089", "levelname": "WARNING", "process": 10916, "module": "accounts_views_imports", "message": "API response slow", "pathname": "D:\\Django Practice\\core\\accounts\\accounts_views_imports.py", "funcName": "<module>", "lineno": 40}
{"asctime": "2025-05-06 20:30:58,092", "levelname": "ERROR", "process": 10916, "module": "accounts_views_imports", "message": "Payment failed", "pathname": "D:\\Django Practice\\core\\accounts\\accounts_views_imports.py", "funcName": "<module>", "lineno": 41}
{"asctime": "2025-05-06 20:30:58,093", "levelname": "CRITICAL", "process": 10916, "module": "accounts_views_imports", "message": "Database down", "pathname": "D:\\Django Practice\\core\\accounts\\accounts_views_imports.py", "funcName": "<module>", "lineno": 42}
{"asctime": "2025-05-06 20:31:00,782", "levelname": "WARNING", "process": 10916, "module": "utils", "message": "Couldnt reverse home:home", "pathname": "D:\\Django Practice\\env_practice\\Lib\\site-packages\\jazzmin\\utils.py", "funcName": "get_custom_url", "lineno": 96}
{"asctime": "2025-05-06 20:31:00,783", "levelname": "WARNING", "process": 10916, "module": "utils", "message": "Couldnt reverse home:contact_us", "pathname": "D:\\Django Practice\\env_practice\\Lib\\site-packages\\jazzmin\\utils.py", "funcName": "get_custom_url", "lineno": 96}
{"asctime": "2025-05-06 20:31:02,110", "levelname": "WARNING", "process": 10916, "module": "utils", "message": "Couldnt reverse home:home", "pathname": "D:\\Django Practice\\env_practice\\Lib\\site-packages\\jazzmin\\utils.py", "funcName": "get_custom_url", "lineno": 96}
{"asctime": "2025-05-06 20:31:02,111", "levelname": "WARNING", "process": 10916, "module": "utils", "message": "Couldnt reverse home:contact_us", "pathname": "D:\\Django Practice\\env_practice\\Lib\\site-packages\\jazzmin\\utils.py", "funcName": "get_custom_url", "lineno": 96}
{"asctime": "2025-05-06 20:31:04,839", "levelname": "WARNING", "process": 10916, "module": "utils", "message": "Couldnt reverse home:home", "pathname": "D:\\Django Practice\\env_practice\\Lib\\site-packages\\jazzmin\\utils.py", "funcName": "get_custom_url", "lineno": 96}
{"asctime": "2025-05-06 20:31:04,840", "levelname": "WARNING", "process": 10916, "module": "utils", "message": "Couldnt reverse home:contact_us", "pathname": "D:\\Django Practice\\env_practice\\Lib\\site-packages\\jazzmin\\utils.py", "funcName": "get_custom_url", "lineno": 96}
{"asctime": "2025-05-06 20:31:18,099", "levelname": "WARNING", "process": 10916, "module": "utils", "message": "Couldnt reverse home:home", "pathname": "D:\\Django Practice\\env_practice\\Lib\\site-packages\\jazzmin\\utils.py", "funcName": "get_custom_url", "lineno": 96}
{"asctime": "2025-05-06 20:31:18,100", "levelname": "WARNING", "process": 10916, "module": "utils", "message": "Couldnt reverse home:contact_us", "pathname": "D:\\Django Practice\\env_practice\\Lib\\site-packages\\jazzmin\\utils.py", "funcName": "get_custom_url", "lineno": 96}
{"asctime": "2025-05-06 20:31:25,439", "levelname": "WARNING", "process": 10916, "module": "utils", "message": "Couldnt reverse home:home", "pathname": "D:\\Django Practice\\env_practice\\Lib\\site-packages\\jazzmin\\utils.py", "funcName": "get_custom_url", "lineno": 96}
{"asctime": "2025-05-06 20:31:25,440", "levelname": "WARNING", "process": 10916, "module": "utils", "message": "Couldnt reverse home:contact_us", "pathname": "D:\\Django Practice\\env_practice\\Lib\\site-packages\\jazzmin\\utils.py", "funcName": "get_custom_url", "lineno": 96}
{"asctime": "2025-05-06 20:31:26,945", "levelname": "WARNING", "process": 10916, "module": "utils", "message": "Couldnt reverse home:home", "pathname": "D:\\Django Practice\\env_practice\\Lib\\site-packages\\jazzmin\\utils.py", "funcName": "get_custom_url", "lineno": 96}
{"asctime": "2025-05-06 20:31:26,946", "levelname": "WARNING", "process": 10916, "module": "utils", "message": "Couldnt reverse home:contact_us", "pathname": "D:\\Django Practice\\env_practice\\Lib\\site-packages\\jazzmin\\utils.py", "funcName": "get_custom_url", "lineno": 96}
{"asctime": "2025-05-06 20:32:08,837", "levelname": "INFO", "process": 11632, "module": "views", "message": "User logged in", "pathname": "D:\\Django Practice\\core\\vege\\views.py", "funcName": "<module>", "lineno": 7}
{"asctime": "2025-05-06 20:32:08,839", "levelname": "WARNING", "process": 11632, "module": "views", "message": "API response slow", "pathname": "D:\\Django Practice\\core\\vege\\views.py", "funcName": "<module>", "lineno": 8}
{"asctime": "2025-05-06 20:32:08,840", "levelname": "ERROR", "process": 11632, "module": "views", "message": "Payment failed", "pathname": "D:\\Django Practice\\core\\vege\\views.py", "funcName": "<module>", "lineno": 9}
{"asctime": "2025-05-06 20:32:08,841", "levelname": "CRITICAL", "process": 11632, "module": "views", "message": "Database down", "pathname": "D:\\Django Practice\\core\\vege\\views.py", "funcName": "<module>", "lineno": 10}
{"asctime": "2025-05-06 20:32:08,860", "levelname": "INFO", "process": 11632, "module": "accounts_views_imports", "message": "User logged in", "pathname": "D:\\Django Practice\\core\\accounts\\accounts_views_imports.py", "funcName": "<module>", "lineno": 39}
{"asctime": "2025-05-06 20:32:08,861", "levelname": "WARNING", "process": 11632, "module": "accounts_views_imports", "message": "API response slow", "pathname": "D:\\Django Practice\\core\\accounts\\accounts_views_imports.py", "funcName": "<module>", "lineno": 40}
{"asctime": "2025-05-06 20:32:08,862", "levelname": "ERROR", "process": 11632, "module": "accounts_views_imports", "message": "Payment failed", "pathname": "D:\\Django Practice\\core\\accounts\\accounts_views_imports.py", "funcName": "<module>", "lineno": 41}
{"asctime": "2025-05-06 20:32:08,863", "levelname": "CRITICAL", "process": 11632, "module": "accounts_views_imports", "message": "Database down", "pathname": "D:\\Django Practice\\core\\accounts\\accounts_views_imports.py", "funcName": "<module>", "lineno": 42}
{"asctime": "2025-05-06 20:32:17,468", "levelname": "INFO", "process": 10156, "module": "views", "message": "User logged in", "pathname": "D:\\Django Practice\\core\\vege\\views.py", "funcName": "<module>", "lineno": 7}
{"asctime": "2025-05-06 20:32:17,470", "levelname": "WARNING", "process": 10156, "module": "views", "message": "API response slow", "pathname": "D:\\Django Practice\\core\\vege\\views.py", "funcName": "<module>", "lineno": 8}
{"asctime": "2025-05-06 20:32:17,472", "levelname": "ERROR", "process": 10156, "module": "views", "message": "Payment failed", "pathname": "D:\\Django Practice\\core\\vege\\views.py", "funcName": "<module>", "lineno": 9}
{"asctime": "2025-05-06 20:32:17,473", "levelname": "CRITICAL", "process": 10156, "module": "views", "message": "Database down", "pathname": "D:\\Django Practice\\core\\vege\\views.py", "funcName": "<module>", "lineno": 10}
{"asctime": "2025-05-06 20:32:17,490", "levelname": "INFO", "process": 10156, "module": "accounts_views_imports", "message": "User logged in", "pathname": "D:\\Django Practice\\core\\accounts\\accounts_views_imports.py", "funcName": "<module>", "lineno": 39}
{"asctime": "2025-05-06 20:32:17,491", "levelname": "WARNING", "process": 10156, "module": "accounts_views_imports", "message": "API response slow", "pathname": "D:\\Django Practice\\core\\accounts\\accounts_views_imports.py", "funcName": "<module>", "lineno": 40}
{"asctime": "2025-05-06 20:32:17,493", "levelname": "ERROR", "process": 10156, "module": "accounts_views_imports", "message": "Payment failed", "pathname": "D:\\Django Practice\\core\\accounts\\accounts_views_imports.py", "funcName": "<module>", "lineno": 41}
{"asctime": "2025-05-06 20:32:17,494", "levelname": "CRITICAL", "process": 10156, "module": "accounts_views_imports", "message": "Database down", "pathname": "D:\\Django Practice\\core\\accounts\\accounts_views_imports.py", "funcName": "<module>", "lineno": 42}
{"asctime": "2025-05-06 20:32:21,752", "levelname": "INFO", "process": 2724, "module": "views", "message": "User logged in", "pathname": "D:\\Django Practice\\core\\vege\\views.py", "funcName": "<module>", "lineno": 7}
{"asctime": "2025-05-06 20:32:21,754", "levelname": "WARNING", "process": 2724, "module": "views", "message": "API response slow", "pathname": "D:\\Django Practice\\core\\vege\\views.py", "funcName": "<module>", "lineno": 8}
{"asctime": "2025-05-06 20:32:21,755", "levelname": "ERROR", "process": 2724, "module": "views", "message": "Payment failed", "pathname": "D:\\Django Practice\\core\\vege\\views.py", "funcName": "<module>", "lineno": 9}
{"asctime": "2025-05-06 20:32:21,756", "levelname": "CRITICAL", "process": 2724, "module": "views", "message": "Database down", "pathname": "D:\\Django Practice\\core\\vege\\views.py", "funcName": "<module>", "lineno": 10}
{"asctime": "2025-05-06 20:32:21,774", "levelname": "INFO", "process": 2724, "module": "accounts_views_imports", "message": "User logged in", "pathname": "D:\\Django Practice\\core\\accounts\\accounts_views_imports.py", "funcName": "<module>", "lineno": 39}
{"asctime": "2025-05-06 20:32:21,775", "levelname": "WARNING", "process": 2724, "module": "accounts_views_imports", "message": "API response slow", "pathname": "D:\\Django Practice\\core\\accounts\\accounts_views_imports.py", "funcName": "<module>", "lineno": 40}
{"asctime": "2025-05-06 20:32:21,776", "levelname": "ERROR", "process": 2724, "module": "accounts_views_imports", "message": "Payment failed", "pathname": "D:\\Django Practice\\core\\accounts\\accounts_views_imports.py", "funcName": "<module>", "lineno": 41}
{"asctime": "2025-05-06 20:32:21,777", "levelname": "CRITICAL", "process": 2724, "module": "accounts_views_imports", "message": "Database down", "pathname": "D:\\Django Practice\\core\\accounts\\accounts_views_imports.py", "funcName": "<module>", "lineno": 42}
{"asctime": "2025-05-06 20:34:40,184", "levelname": "INFO", "process": 8284, "module": "views", "message": "User logged in", "pathname": "D:\\Django Practice\\core\\vege\\views.py", "funcName": "<module>", "lineno": 7}
{"asctime": "2025-05-06 20:34:40,186", "levelname": "WARNING", "process": 8284, "module": "views", "message": "API response slow", "pathname": "D:\\Django Practice\\core\\vege\\views.py", "funcName": "<module>", "lineno": 8}
{"asctime": "2025-05-06 20:34:40,186", "levelname": "ERROR", "process": 8284, "module": "views", "message": "Payment failed", "pathname": "D:\\Django Practice\\core\\vege\\views.py", "funcName": "<module>", "lineno": 9}
{"asctime": "2025-05-06 20:34:40,189", "levelname": "CRITICAL", "process": 8284, "module": "views", "message": "Database down", "pathname": "D:\\Django Practice\\core\\vege\\views.py", "funcName": "<module>", "lineno": 10}
{"asctime": "2025-05-06 20:34:40,207", "levelname": "INFO", "process": 8284, "module": "accounts_views_imports", "message": "User logged in", "pathname": "D:\\Django Practice\\core\\accounts\\accounts_views_imports.py", "funcName": "<module>", "lineno": 39}
{"asctime": "2025-05-06 20:34:40,208", "levelname": "WARNING", "process": 8284, "module": "accounts_views_imports", "message": "API response slow", "pathname": "D:\\Django Practice\\core\\accounts\\accounts_views_imports.py", "funcName": "<module>", "lineno": 40}
{"asctime": "2025-05-06 20:34:40,210", "levelname": "ERROR", "process": 8284, "module": "accounts_views_imports", "message": "Payment failed", "pathname": "D:\\Django Practice\\core\\accounts\\accounts_views_imports.py", "funcName": "<module>", "lineno": 41}
{"asctime": "2025-05-06 20:34:40,211", "levelname": "CRITICAL", "process": 8284, "module": "accounts_views_imports", "message": "Database down", "pathname": "D:\\Django Practice\\core\\accounts\\accounts_views_imports.py", "funcName": "<module>", "lineno": 42}
{"asctime": "2025-05-06 20:34:42,164", "levelname": "WARNING", "process": 8284, "module": "utils", "message": "Couldnt reverse home:home", "pathname": "D:\\Django Practice\\env_practice\\Lib\\site-packages\\jazzmin\\utils.py", "funcName": "get_custom_url", "lineno": 96}
{"asctime": "2025-05-06 20:34:42,165", "levelname": "WARNING", "process": 8284, "module": "utils", "message": "Couldnt reverse home:contact_us", "pathname": "D:\\Django Practice\\env_practice\\Lib\\site-packages\\jazzmin\\utils.py", "funcName": "get_custom_url", "lineno": 96}
{"asctime": "2025-05-06 20:34:43,256", "levelname": "WARNING", "process": 8284, "module": "utils", "message": "Couldnt reverse home:home", "pathname": "D:\\Django Practice\\env_practice\\Lib\\site-packages\\jazzmin\\utils.py", "funcName": "get_custom_url", "lineno": 96}
{"asctime": "2025-05-06 20:34:43,257", "levelname": "WARNING", "process": 8284, "module": "utils", "message": "Couldnt reverse home:contact_us", "pathname": "D:\\Django Practice\\env_practice\\Lib\\site-packages\\jazzmin\\utils.py", "funcName": "get_custom_url", "lineno": 96}
{"asctime": "2025-05-06 20:34:47,968", "levelname": "WARNING", "process": 8284, "module": "utils", "message": "Couldnt reverse home:home", "pathname": "D:\\Django Practice\\env_practice\\Lib\\site-packages\\jazzmin\\utils.py", "funcName": "get_custom_url", "lineno": 96}
{"asctime": "2025-05-06 20:34:47,969", "levelname": "WARNING", "process": 8284, "module": "utils", "message": "Couldnt reverse home:contact_us", "pathname": "D:\\Django Practice\\env_practice\\Lib\\site-packages\\jazzmin\\utils.py", "funcName": "get_custom_url", "lineno": 96}
{"asctime": "2025-05-06 20:34:51,770", "levelname": "WARNING", "process": 8284, "module": "utils", "message": "Couldnt reverse home:home", "pathname": "D:\\Django Practice\\env_practice\\Lib\\site-packages\\jazzmin\\utils.py", "funcName": "get_custom_url", "lineno": 96}
{"asctime": "2025-05-06 20:34:51,770", "levelname": "WARNING", "process": 8284, "module": "utils", "message": "Couldnt reverse home:contact_us", "pathname": "D:\\Django Practice\\env_practice\\Lib\\site-packages\\jazzmin\\utils.py", "funcName": "get_custom_url", "lineno": 96}
{"asctime": "2025-05-06 20:34:55,072", "levelname": "WARNING", "process": 8284, "module": "utils", "message": "Couldnt reverse home:home", "pathname": "D:\\Django Practice\\env_practice\\Lib\\site-packages\\jazzmin\\utils.py", "funcName": "get_custom_url", "lineno": 96}
{"asctime": "2025-05-06 20:34:55,073", "levelname": "WARNING", "process": 8284, "module": "utils", "message": "Couldnt reverse home:contact_us", "pathname": "D:\\Django Practice\\env_practice\\Lib\\site-packages\\jazzmin\\utils.py", "funcName": "get_custom_url", "lineno": 96}
{"asctime": "2025-05-06 20:35:17,984", "levelname": "INFO", "process": 8240, "module": "views", "message": "User logged in", "pathname": "D:\\Django Practice\\core\\vege\\views.py", "funcName": "<module>", "lineno": 7}
{"asctime": "2025-05-06 20:35:17,988", "levelname": "WARNING", "process": 8240, "module": "views", "message": "API response slow", "pathname": "D:\\Django Practice\\core\\vege\\views.py", "funcName": "<module>", "lineno": 8}
{"asctime": "2025-05-06 20:35:17,989", "levelname": "ERROR", "process": 8240, "module": "views", "message": "Payment failed", "pathname": "D:\\Django Practice\\core\\vege\\views.py", "funcName": "<module>", "lineno": 9}
{"asctime": "2025-05-06 20:35:17,990", "levelname": "CRITICAL", "process": 8240, "module": "views", "message": "Database down", "pathname": "D:\\Django Practice\\core\\vege\\views.py", "funcName": "<module>", "lineno": 10}
{"asctime": "2025-05-06 20:35:18,011", "levelname": "INFO", "process": 8240, "module": "accounts_views_imports", "message": "User logged in", "pathname": "D:\\Django Practice\\core\\accounts\\accounts_views_imports.py", "funcName": "<module>", "lineno": 39}
{"asctime": "2025-05-06 20:35:18,013", "levelname": "WARNING", "process": 8240, "module": "accounts_views_imports", "message": "API response slow", "pathname": "D:\\Django Practice\\core\\accounts\\accounts_views_imports.py", "funcName": "<module>", "lineno": 40}
{"asctime": "2025-05-06 20:35:18,014", "levelname": "ERROR", "process": 8240, "module": "accounts_views_imports", "message": "Payment failed", "pathname": "D:\\Django Practice\\core\\accounts\\accounts_views_imports.py", "funcName": "<module>", "lineno": 41}
{"asctime": "2025-05-06 20:35:18,015", "levelname": "CRITICAL", "process": 8240, "module": "accounts_views_imports", "message": "Database down", "pathname": "D:\\Django Practice\\core\\accounts\\accounts_views_imports.py", "funcName": "<module>", "lineno": 42}
{"asctime": "2025-05-06 20:36:58,350", "levelname": "INFO", "process": 7768, "module": "views", "message": "User logged in", "pathname": "D:\\Django Practice\\core\\vege\\views.py", "funcName": "<module>", "lineno": 7}
{"asctime": "2025-05-06 20:36:58,350", "levelname": "WARNING", "process": 7768, "module": "views", "message": "API response slow", "pathname": "D:\\Django Practice\\core\\vege\\views.py", "funcName": "<module>", "lineno": 8}
{"asctime": "2025-05-06 20:36:58,350", "levelname": "ERROR", "process": 7768, "module": "views", "message": "Payment failed", "pathname": "D:\\Django Practice\\core\\vege\\views.py", "funcName": "<module>", "lineno": 9}
{"asctime": "2025-05-06 20:36:58,350", "levelname": "CRITICAL", "process": 7768, "module": "views", "message": "Database down", "pathname": "D:\\Django Practice\\core\\vege\\views.py", "funcName": "<module>", "lineno": 10}
{"asctime": "2025-05-06 20:36:58,381", "levelname": "INFO", "process": 7768, "module": "accounts_views_imports", "message": "User logged in", "pathname": "D:\\Django Practice\\core\\accounts\\accounts_views_imports.py", "funcName": "<module>", "lineno": 39}
{"asctime": "2025-05-06 20:36:58,381", "levelname": "WARNING", "process": 7768, "module": "accounts_views_imports", "message": "API response slow", "pathname": "D:\\Django Practice\\core\\accounts\\accounts_views_imports.py", "funcName": "<module>", "lineno": 40}
{"asctime": "2025-05-06 20:36:58,381", "levelname": "ERROR", "process": 7768, "module": "accounts_views_imports", "message": "Payment failed", "pathname": "D:\\Django Practice\\core\\accounts\\accounts_views_imports.py", "funcName": "<module>", "lineno": 41}
{"asctime": "2025-05-06 20:36:58,381", "levelname": "CRITICAL", "process": 7768, "module": "accounts_views_imports", "message": "Database down", "pathname": "D:\\Django Practice\\core\\accounts\\accounts_views_imports.py", "funcName": "<module>", "lineno": 42}
{"asctime": "2025-05-06 20:39:10,923", "levelname": "INFO", "process": 3832, "module": "views", "message": "User logged in", "pathname": "D:\\Django Practice\\core\\vege\\views.py", "funcName": "<module>", "lineno": 7}
{"asctime": "2025-05-06 20:39:10,926", "levelname": "WARNING", "process": 3832, "module": "views", "message": "API response slow", "pathname": "D:\\Django Practice\\core\\vege\\views.py", "funcName": "<module>", "lineno": 8}
{"asctime": "2025-05-06 20:39:10,927", "levelname": "ERROR", "process": 3832, "module": "views", "message": "Payment failed", "pathname": "D:\\Django Practice\\core\\vege\\views.py", "funcName": "<module>", "lineno": 9}
{"asctime": "2025-05-06 20:39:10,928", "levelname": "CRITICAL", "process": 3832, "module": "views", "message": "Database down", "pathname": "D:\\Django Practice\\core\\vege\\views.py", "funcName": "<module>", "lineno": 10}
{"asctime": "2025-05-06 20:39:10,953", "levelname": "INFO", "process": 3832, "module": "accounts_views_imports", "message": "User logged in", "pathname": "D:\\Django Practice\\core\\accounts\\accounts_views_imports.py", "funcName": "<module>", "lineno": 39}
{"asctime": "2025-05-06 20:39:10,955", "levelname": "WARNING", "process": 3832, "module": "accounts_views_imports", "message": "API response slow", "pathname": "D:\\Django Practice\\core\\accounts\\accounts_views_imports.py", "funcName": "<module>", "lineno": 40}
{"asctime": "2025-05-06 20:39:10,957", "levelname": "ERROR", "process": 3832, "module": "accounts_views_imports", "message": "Payment failed", "pathname": "D:\\Django Practice\\core\\accounts\\accounts_views_imports.py", "funcName": "<module>", "lineno": 41}
{"asctime": "2025-05-06 20:39:10,958", "levelname": "CRITICAL", "process": 3832, "module": "accounts_views_imports", "message": "Database down", "pathname": "D:\\Django Practice\\core\\accounts\\accounts_views_imports.py", "funcName": "<module>", "lineno": 42}
{"asctime": "2025-05-06 20:39:31,798", "levelname": "INFO", "process": 5756, "module": "views", "message": "User logged in", "pathname": "D:\\Django Practice\\core\\vege\\views.py", "funcName": "<module>", "lineno": 7}
{"asctime": "2025-05-06 20:39:31,799", "levelname": "WARNING", "process": 5756, "module": "views", "message": "API response slow", "pathname": "D:\\Django Practice\\core\\vege\\views.py", "funcName": "<module>", "lineno": 8}
{"asctime": "2025-05-06 20:39:31,800", "levelname": "ERROR", "process": 5756, "module": "views", "message": "Payment failed", "pathname": "D:\\Django Practice\\core\\vege\\views.py", "funcName": "<module>", "lineno": 9}
{"asctime": "2025-05-06 20:39:31,801", "levelname": "CRITICAL", "process": 5756, "module": "views", "message": "Database down", "pathname": "D:\\Django Practice\\core\\vege\\views.py", "funcName": "<module>", "lineno": 10}
{"asctime": "2025-05-06 20:39:31,820", "levelname": "INFO", "process": 5756, "module": "accounts_views_imports", "message": "User logged in", "pathname": "D:\\Django Practice\\core\\accounts\\accounts_views_imports.py", "funcName": "<module>", "lineno": 39}
{"asctime": "2025-05-06 20:39:31,821", "levelname": "WARNING", "process": 5756, "module": "accounts_views_imports", "message": "API response slow", "pathname": "D:\\Django Practice\\core\\accounts\\accounts_views_imports.py", "funcName": "<module>", "lineno": 40}
{"asctime": "2025-05-06 20:39:31,822", "levelname": "ERROR", "process": 5756, "module": "accounts_views_imports", "message": "Payment failed", "pathname": "D:\\Django Practice\\core\\accounts\\accounts_views_imports.py", "funcName": "<module>", "lineno": 41}
{"asctime": "2025-05-06 20:39:31,823", "levelname": "CRITICAL", "process": 5756, "module": "accounts_views_imports", "message": "Database down", "pathname": "D:\\Django Practice\\core\\accounts\\accounts_views_imports.py", "funcName": "<module>", "lineno": 42}
{"asctime": "2025-05-06 20:40:29,772", "levelname": "INFO", "process": 7944, "module": "views", "message": "User logged in", "pathname": "D:\\Django Practice\\core\\vege\\views.py", "funcName": "<module>", "lineno": 7}
{"asctime": "2025-05-06 20:40:29,774", "levelname": "WARNING", "process": 7944, "module": "views", "message": "API response slow", "pathname": "D:\\Django Practice\\core\\vege\\views.py", "funcName": "<module>", "lineno": 8}
{"asctime": "2025-05-06 20:40:29,775", "levelname": "ERROR", "process": 7944, "module": "views", "message": "Payment failed", "pathname": "D:\\Django Practice\\core\\vege\\views.py", "funcName": "<module>", "lineno": 9}
{"asctime": "2025-05-06 20:40:29,776", "levelname": "CRITICAL", "process": 7944, "module": "views", "message": "Database down", "pathname": "D:\\Django Practice\\core\\vege\\views.py", "funcName": "<module>", "lineno": 10}
{"asctime": "2025-05-06 20:40:29,795", "levelname": "INFO", "process": 7944, "module": "accounts_views_imports", "message": "User logged in", "pathname": "D:\\Django Practice\\core\\accounts\\accounts_views_imports.py", "funcName": "<module>", "lineno": 39}
{"asctime": "2025-05-06 20:40:29,797", "levelname": "WARNING", "process": 7944, "module": "accounts_views_imports", "message": "API response slow", "pathname": "D:\\Django Practice\\core\\accounts\\accounts_views_imports.py", "funcName": "<module>", "lineno": 40}
{"asctime": "2025-05-06 20:40:29,798", "levelname": "ERROR", "process": 7944, "module": "accounts_views_imports", "message": "Payment failed", "pathname": "D:\\Django Practice\\core\\accounts\\accounts_views_imports.py", "funcName": "<module>", "lineno": 41}
{"asctime": "2025-05-06 20:40:29,798", "levelname": "CRITICAL", "process": 7944, "module": "accounts_views_imports", "message": "Database down", "pathname": "D:\\Django Practice\\core\\accounts\\accounts_views_imports.py", "funcName": "<module>", "lineno": 42}
{"asctime": "2025-05-06 20:40:34,476", "levelname": "INFO", "process": 9716, "module": "views", "message": "User logged in", "pathname": "D:\\Django Practice\\core\\vege\\views.py", "funcName": "<module>", "lineno": 7}
{"asctime": "2025-05-06 20:40:34,480", "levelname": "WARNING", "process": 9716, "module": "views", "message": "API response slow", "pathname": "D:\\Django Practice\\core\\vege\\views.py", "funcName": "<module>", "lineno": 8}
{"asctime": "2025-05-06 20:40:34,481", "levelname": "ERROR", "process": 9716, "module": "views", "message": "Payment failed", "pathname": "D:\\Django Practice\\core\\vege\\views.py", "funcName": "<module>", "lineno": 9}
{"asctime": "2025-05-06 20:40:34,483", "levelname": "CRITICAL", "process": 9716, "module": "views", "message": "Database down", "pathname": "D:\\Django Practice\\core\\vege\\views.py", "funcName": "<module>", "lineno": 10}
{"asctime": "2025-05-06 20:40:34,502", "levelname": "INFO", "process": 9716, "module": "accounts_views_imports", "message": "User logged in", "pathname": "D:\\Django Practice\\core\\accounts\\accounts_views_imports.py", "funcName": "<module>", "lineno": 39}
{"asctime": "2025-05-06 20:40:34,503", "levelname": "WARNING", "process": 9716, "module": "accounts_views_imports", "message": "API response slow", "pathname": "D:\\Django Practice\\core\\accounts\\accounts_views_imports.py", "funcName": "<module>", "lineno": 40}
{"asctime": "2025-05-06 20:40:34,504", "levelname": "ERROR", "process": 9716, "module": "accounts_views_imports", "message": "Payment failed", "pathname": "D:\\Django Practice\\core\\accounts\\accounts_views_imports.py", "funcName": "<module>", "lineno": 41}
{"asctime": "2025-05-06 20:40:34,505", "levelname": "CRITICAL", "process": 9716, "module": "accounts_views_imports", "message": "Database down", "pathname": "D:\\Django Practice\\core\\accounts\\accounts_views_imports.py", "funcName": "<module>", "lineno": 42}
{"asctime": "2025-05-06 20:41:22,200", "levelname": "INFO", "process": 6384, "module": "views", "message": "User logged in", "pathname": "D:\\Django Practice\\core\\vege\\views.py", "funcName": "<module>", "lineno": 7}
{"asctime": "2025-05-06 20:41:22,200", "levelname": "WARNING", "process": 6384, "module": "views", "message": "API response slow", "pathname": "D:\\Django Practice\\core\\vege\\views.py", "funcName": "<module>", "lineno": 8}
{"asctime": "2025-05-06 20:41:22,200", "levelname": "ERROR", "process": 6384, "module": "views", "message": "Payment failed", "pathname": "D:\\Django Practice\\core\\vege\\views.py", "funcName": "<module>", "lineno": 9}
{"asctime": "2025-05-06 20:41:22,200", "levelname": "CRITICAL", "process": 6384, "module": "views", "message": "Database down", "pathname": "D:\\Django Practice\\core\\vege\\views.py", "funcName": "<module>", "lineno": 10}
{"asctime": "2025-05-06 20:41:22,217", "levelname": "INFO", "process": 6384, "module": "accounts_views_imports", "message": "User logged in", "pathname": "D:\\Django Practice\\core\\accounts\\accounts_views_imports.py", "funcName": "<module>", "lineno": 39}
{"asctime": "2025-05-06 20:41:22,217", "levelname": "WARNING", "process": 6384, "module": "accounts_views_imports", "message": "API response slow", "pathname": "D:\\Django Practice\\core\\accounts\\accounts_views_imports.py", "funcName": "<module>", "lineno": 40}
{"asctime": "2025-05-06 20:41:22,234", "levelname": "ERROR", "process": 6384, "module": "accounts_views_imports", "message": "Payment failed", "pathname": "D:\\Django Practice\\core\\accounts\\accounts_views_imports.py", "funcName": "<module>", "lineno": 41}
{"asctime": "2025-05-06 20:41:22,234", "levelname": "CRITICAL", "process": 6384, "module": "accounts_views_imports", "message": "Database down", "pathname": "D:\\Django Practice\\core\\accounts\\accounts_views_imports.py", "funcName": "<module>", "lineno": 42}
{"asctime": "2025-05-06 20:41:27,774", "levelname": "INFO", "process": 11508, "module": "views", "message": "User logged in", "pathname": "D:\\Django Practice\\core\\vege\\views.py", "funcName": "<module>", "lineno": 7}
{"asctime": "2025-05-06 20:41:27,775", "levelname": "WARNING", "process": 11508, "module": "views", "message": "API response slow", "pathname": "D:\\Django Practice\\core\\vege\\views.py", "funcName": "<module>", "lineno": 8}
{"asctime": "2025-05-06 20:41:27,777", "levelname": "ERROR", "process": 11508, "module": "views", "message": "Payment failed", "pathname": "D:\\Django Practice\\core\\vege\\views.py", "funcName": "<module>", "lineno": 9}
{"asctime": "2025-05-06 20:41:27,778", "levelname": "CRITICAL", "process": 11508, "module": "views", "message": "Database down", "pathname": "D:\\Django Practice\\core\\vege\\views.py", "funcName": "<module>", "lineno": 10}
{"asctime": "2025-05-06 20:41:27,783", "levelname": "INFO", "process": 11508, "module": "accounts_views_imports", "message": "User logged in", "pathname": "D:\\Django Practice\\core\\accounts\\accounts_views_imports.py", "funcName": "<module>", "lineno": 39}
{"asctime": "2025-05-06 20:41:27,783", "levelname": "WARNING", "process": 11508, "module": "accounts_views_imports", "message": "API response slow", "pathname": "D:\\Django Practice\\core\\accounts\\accounts_views_imports.py", "funcName": "<module>", "lineno": 40}
{"asctime": "2025-05-06 20:41:27,783", "levelname": "ERROR", "process": 11508, "module": "accounts_views_imports", "message": "Payment failed", "pathname": "D:\\Django Practice\\core\\accounts\\accounts_views_imports.py", "funcName": "<module>", "lineno": 41}
{"asctime": "2025-05-06 20:41:27,783", "levelname": "CRITICAL", "process": 11508, "module": "accounts_views_imports", "message": "Database down", "pathname": "D:\\Django Practice\\core\\accounts\\accounts_views_imports.py", "funcName": "<module>", "lineno": 42}
{"asctime": "2025-05-06 20:41:38,646", "levelname": "INFO", "process": 9368, "module": "views", "message": "User logged in", "pathname": "D:\\Django Practice\\core\\vege\\views.py", "funcName": "<module>", "lineno": 7}
{"asctime": "2025-05-06 20:41:38,646", "levelname": "WARNING", "process": 9368, "module": "views", "message": "API response slow", "pathname": "D:\\Django Practice\\core\\vege\\views.py", "funcName": "<module>", "lineno": 8}
{"asctime": "2025-05-06 20:41:38,646", "levelname": "ERROR", "process": 9368, "module": "views", "message": "Payment failed", "pathname": "D:\\Django Practice\\core\\vege\\views.py", "funcName": "<module>", "lineno": 9}
{"asctime": "2025-05-06 20:41:38,646", "levelname": "CRITICAL", "process": 9368, "module": "views", "message": "Database down", "pathname": "D:\\Django Practice\\core\\vege\\views.py", "funcName": "<module>", "lineno": 10}
{"asctime": "2025-05-06 20:41:38,680", "levelname": "INFO", "process": 9368, "module": "accounts_views_imports", "message": "User logged in", "pathname": "D:\\Django Practice\\core\\accounts\\accounts_views_imports.py", "funcName": "<module>", "lineno": 39}
{"asctime": "2025-05-06 20:41:38,680", "levelname": "WARNING", "process": 9368, "module": "accounts_views_imports", "message": "API response slow", "pathname": "D:\\Django Practice\\core\\accounts\\accounts_views_imports.py", "funcName": "<module>", "lineno": 40}
{"asctime": "2025-05-06 20:41:38,680", "levelname": "ERROR", "process": 9368, "module": "accounts_views_imports", "message": "Payment failed", "pathname": "D:\\Django Practice\\core\\accounts\\accounts_views_imports.py", "funcName": "<module>", "lineno": 41}
{"asctime": "2025-05-06 20:41:38,680", "levelname": "CRITICAL", "process": 9368, "module": "accounts_views_imports", "message": "Database down", "pathname": "D:\\Django Practice\\core\\accounts\\accounts_views_imports.py", "funcName": "<module>", "lineno": 42}
{"asctime": "2025-05-06 20:41:48,192", "levelname": "INFO", "process": 11620, "module": "views", "message": "User logged in", "pathname": "D:\\Django Practice\\core\\vege\\views.py", "funcName": "<module>", "lineno": 7}
{"asctime": "2025-05-06 20:41:48,192", "levelname": "WARNING", "process": 11620, "module": "views", "message": "API response slow", "pathname": "D:\\Django Practice\\core\\vege\\views.py", "funcName": "<module>", "lineno": 8}
{"asctime": "2025-05-06 20:41:48,192", "levelname": "ERROR", "process": 11620, "module": "views", "message": "Payment failed", "pathname": "D:\\Django Practice\\core\\vege\\views.py", "funcName": "<module>", "lineno": 9}
{"asctime": "2025-05-06 20:41:48,192", "levelname": "CRITICAL", "process": 11620, "module": "views", "message": "Database down", "pathname": "D:\\Django Practice\\core\\vege\\views.py", "funcName": "<module>", "lineno": 10}
{"asctime": "2025-05-06 20:41:48,223", "levelname": "INFO", "process": 11620, "module": "accounts_views_imports", "message": "User logged in", "pathname": "D:\\Django Practice\\core\\accounts\\accounts_views_imports.py", "funcName": "<module>", "lineno": 39}
{"asctime": "2025-05-06 20:41:48,223", "levelname": "WARNING", "process": 11620, "module": "accounts_views_imports", "message": "API response slow", "pathname": "D:\\Django Practice\\core\\accounts\\accounts_views_imports.py", "funcName": "<module>", "lineno": 40}
{"asctime": "2025-05-06 20:41:48,223", "levelname": "ERROR", "process": 11620, "module": "accounts_views_imports", "message": "Payment failed", "pathname": "D:\\Django Practice\\core\\accounts\\accounts_views_imports.py", "funcName": "<module>", "lineno": 41}
{"asctime": "2025-05-06 20:41:48,239", "levelname": "CRITICAL", "process": 11620, "module": "accounts_views_imports", "message": "Database down", "pathname": "D:\\Django Practice\\core\\accounts\\accounts_views_imports.py", "funcName": "<module>", "lineno": 42}
{"asctime": "2025-05-06 20:41:52,527", "levelname": "INFO", "process": 8148, "module": "views", "message": "User logged in", "pathname": "D:\\Django Practice\\core\\vege\\views.py", "funcName": "<module>", "lineno": 7}
{"asctime": "2025-05-06 20:41:52,527", "levelname": "WARNING", "process": 8148, "module": "views", "message": "API response slow", "pathname": "D:\\Django Practice\\core\\vege\\views.py", "funcName": "<module>", "lineno": 8}
{"asctime": "2025-05-06 20:41:52,527", "levelname": "ERROR", "process": 8148, "module": "views", "message": "Payment failed", "pathname": "D:\\Django Practice\\core\\vege\\views.py", "funcName": "<module>", "lineno": 9}
{"asctime": "2025-05-06 20:41:52,527", "levelname": "CRITICAL", "process": 8148, "module": "views", "message": "Database down", "pathname": "D:\\Django Practice\\core\\vege\\views.py", "funcName": "<module>", "lineno": 10}
{"asctime": "2025-05-06 20:41:52,543", "levelname": "INFO", "process": 8148, "module": "accounts_views_imports", "message": "User logged in", "pathname": "D:\\Django Practice\\core\\accounts\\accounts_views_imports.py", "funcName": "<module>", "lineno": 39}
{"asctime": "2025-05-06 20:41:52,559", "levelname": "WARNING", "process": 8148, "module": "accounts_views_imports", "message": "API response slow", "pathname": "D:\\Django Practice\\core\\accounts\\accounts_views_imports.py", "funcName": "<module>", "lineno": 40}
{"asctime": "2025-05-06 20:41:52,560", "levelname": "ERROR", "process": 8148, "module": "accounts_views_imports", "message": "Payment failed", "pathname": "D:\\Django Practice\\core\\accounts\\accounts_views_imports.py", "funcName": "<module>", "lineno": 41}
{"asctime": "2025-05-06 20:41:52,560", "levelname": "CRITICAL", "process": 8148, "module": "accounts_views_imports", "message": "Database down", "pathname": "D:\\Django Practice\\core\\accounts\\accounts_views_imports.py", "funcName": "<module>", "lineno": 42}
{"asctime": "2025-05-06 20:42:13,255", "levelname": "INFO", "process": 10720, "module": "views", "message": "User logged in", "pathname": "D:\\Django Practice\\core\\vege\\views.py", "funcName": "<module>", "lineno": 7}
{"asctime": "2025-05-06 20:42:13,255", "levelname": "WARNING", "process": 10720, "module": "views", "message": "API response slow", "pathname": "D:\\Django Practice\\core\\vege\\views.py", "funcName": "<module>", "lineno": 8}
{"asctime": "2025-05-06 20:42:13,255", "levelname": "ERROR", "process": 10720, "module": "views", "message": "Payment failed", "pathname": "D:\\Django Practice\\core\\vege\\views.py", "funcName": "<module>", "lineno": 9}
{"asctime": "2025-05-06 20:42:13,271", "levelname": "CRITICAL", "process": 10720, "module": "views", "message": "Database down", "pathname": "D:\\Django Practice\\core\\vege\\views.py", "funcName": "<module>", "lineno": 10}
{"asctime": "2025-05-06 20:42:13,286", "levelname": "INFO", "process": 10720, "module": "accounts_views_imports", "message": "User logged in", "pathname": "D:\\Django Practice\\core\\accounts\\accounts_views_imports.py", "funcName": "<module>", "lineno": 39}
{"asctime": "2025-05-06 20:42:13,286", "levelname": "WARNING", "process": 10720, "module": "accounts_views_imports", "message": "API response slow", "pathname": "D:\\Django Practice\\core\\accounts\\accounts_views_imports.py", "funcName": "<module>", "lineno": 40}
{"asctime": "2025-05-06 20:42:13,286", "levelname": "ERROR", "process": 10720, "module": "accounts_views_imports", "message": "Payment failed", "pathname": "D:\\Django Practice\\core\\accounts\\accounts_views_imports.py", "funcName": "<module>", "lineno": 41}
{"asctime": "2025-05-06 20:42:13,286", "levelname": "CRITICAL", "process": 10720, "module": "accounts_views_imports", "message": "Database down", "pathname": "D:\\Django Practice\\core\\accounts\\accounts_views_imports.py", "funcName": "<module>", "lineno": 42}
{"asctime": "2025-05-06 20:42:18,954", "levelname": "INFO", "process": 1152, "module": "views", "message": "User logged in", "pathname": "D:\\Django Practice\\core\\vege\\views.py", "funcName": "<module>", "lineno": 7}
{"asctime": "2025-05-06 20:42:18,954", "levelname": "WARNING", "process": 1152, "module": "views", "message": "API response slow", "pathname": "D:\\Django Practice\\core\\vege\\views.py", "funcName": "<module>", "lineno": 8}
{"asctime": "2025-05-06 20:42:18,954", "levelname": "ERROR", "process": 1152, "module": "views", "message": "Payment failed", "pathname": "D:\\Django Practice\\core\\vege\\views.py", "funcName": "<module>", "lineno": 9}
{"asctime": "2025-05-06 20:42:18,954", "levelname": "CRITICAL", "process": 1152, "module": "views", "message": "Database down", "pathname": "D:\\Django Practice\\core\\vege\\views.py", "funcName": "<module>", "lineno": 10}
{"asctime": "2025-05-06 20:42:18,970", "levelname": "INFO", "process": 1152, "module": "accounts_views_imports", "message": "User logged in", "pathname": "D:\\Django Practice\\core\\accounts\\accounts_views_imports.py", "funcName": "<module>", "lineno": 39}
{"asctime": "2025-05-06 20:42:18,970", "levelname": "WARNING", "process": 1152, "module": "accounts_views_imports", "message": "API response slow", "pathname": "D:\\Django Practice\\core\\accounts\\accounts_views_imports.py", "funcName": "<module>", "lineno": 40}
{"asctime": "2025-05-06 20:42:18,970", "levelname": "ERROR", "process": 1152, "module": "accounts_views_imports", "message": "Payment failed", "pathname": "D:\\Django Practice\\core\\accounts\\accounts_views_imports.py", "funcName": "<module>", "lineno": 41}
{"asctime": "2025-05-06 20:42:18,970", "levelname": "CRITICAL", "process": 1152, "module": "accounts_views_imports", "message": "Database down", "pathname": "D:\\Django Practice\\core\\accounts\\accounts_views_imports.py", "funcName": "<module>", "lineno": 42}
{"asctime": "2025-05-06 20:42:23,663", "levelname": "INFO", "process": 2640, "module": "views", "message": "User logged in", "pathname": "D:\\Django Practice\\core\\vege\\views.py", "funcName": "<module>", "lineno": 7}
{"asctime": "2025-05-06 20:42:23,663", "levelname": "WARNING", "process": 2640, "module": "views", "message": "API response slow", "pathname": "D:\\Django Practice\\core\\vege\\views.py", "funcName": "<module>", "lineno": 8}
{"asctime": "2025-05-06 20:42:23,663", "levelname": "ERROR", "process": 2640, "module": "views", "message": "Payment failed", "pathname": "D:\\Django Practice\\core\\vege\\views.py", "funcName": "<module>", "lineno": 9}
{"asctime": "2025-05-06 20:42:23,663", "levelname": "CRITICAL", "process": 2640, "module": "views", "message": "Database down", "pathname": "D:\\Django Practice\\core\\vege\\views.py", "funcName": "<module>", "lineno": 10}
{"asctime": "2025-05-06 20:42:23,694", "levelname": "INFO", "process": 2640, "module": "accounts_views_imports", "message": "User logged in", "pathname": "D:\\Django Practice\\core\\accounts\\accounts_views_imports.py", "funcName": "<module>", "lineno": 39}
{"asctime": "2025-05-06 20:42:23,694", "levelname": "WARNING", "process": 2640, "module": "accounts_views_imports", "message": "API response slow", "pathname": "D:\\Django Practice\\core\\accounts\\accounts_views_imports.py", "funcName": "<module>", "lineno": 40}
{"asctime": "2025-05-06 20:42:23,694", "levelname": "ERROR", "process": 2640, "module": "accounts_views_imports", "message": "Payment failed", "pathname": "D:\\Django Practice\\core\\accounts\\accounts_views_imports.py", "funcName": "<module>", "lineno": 41}
{"asctime": "2025-05-06 20:42:23,694", "levelname": "CRITICAL", "process": 2640, "module": "accounts_views_imports", "message": "Database down", "pathname": "D:\\Django Practice\\core\\accounts\\accounts_views_imports.py", "funcName": "<module>", "lineno": 42}
{"asctime": "2025-05-06 20:42:28,053", "levelname": "INFO", "process": 12012, "module": "views", "message": "User logged in", "pathname": "D:\\Django Practice\\core\\vege\\views.py", "funcName": "<module>", "lineno": 7}
{"asctime": "2025-05-06 20:42:28,069", "levelname": "WARNING", "process": 12012, "module": "views", "message": "API response slow", "pathname": "D:\\Django Practice\\core\\vege\\views.py", "funcName": "<module>", "lineno": 8}
{"asctime": "2025-05-06 20:42:28,069", "levelname": "ERROR", "process": 12012, "module": "views", "message": "Payment failed", "pathname": "D:\\Django Practice\\core\\vege\\views.py", "funcName": "<module>", "lineno": 9}
{"asctime": "2025-05-06 20:42:28,069", "levelname": "CRITICAL", "process": 12012, "module": "views", "message": "Database down", "pathname": "D:\\Django Practice\\core\\vege\\views.py", "funcName": "<module>", "lineno": 10}
{"asctime": "2025-05-06 20:42:28,085", "levelname": "INFO", "process": 12012, "module": "accounts_views_imports", "message": "User logged in", "pathname": "D:\\Django Practice\\core\\accounts\\accounts_views_imports.py", "funcName": "<module>", "lineno": 39}
{"asctime": "2025-05-06 20:42:28,085", "levelname": "WARNING", "process": 12012, "module": "accounts_views_imports", "message": "API response slow", "pathname": "D:\\Django Practice\\core\\accounts\\accounts_views_imports.py", "funcName": "<module>", "lineno": 40}
{"asctime": "2025-05-06 20:42:28,085", "levelname": "ERROR", "process": 12012, "module": "accounts_views_imports", "message": "Payment failed", "pathname": "D:\\Django Practice\\core\\accounts\\accounts_views_imports.py", "funcName": "<module>", "lineno": 41}
{"asctime": "2025-05-06 20:42:28,085", "levelname": "CRITICAL", "process": 12012, "module": "accounts_views_imports", "message": "Database down", "pathname": "D:\\Django Practice\\core\\accounts\\accounts_views_imports.py", "funcName": "<module>", "lineno": 42}
{"asctime": "2025-05-06 20:42:50,375", "levelname": "INFO", "process": 10484, "module": "views", "message": "User logged in", "pathname": "D:\\Django Practice\\core\\vege\\views.py", "funcName": "<module>", "lineno": 7}
{"asctime": "2025-05-06 20:42:50,376", "levelname": "WARNING", "process": 10484, "module": "views", "message": "API response slow", "pathname": "D:\\Django Practice\\core\\vege\\views.py", "funcName": "<module>", "lineno": 8}
{"asctime": "2025-05-06 20:42:50,377", "levelname": "ERROR", "process": 10484, "module": "views", "message": "Payment failed", "pathname": "D:\\Django Practice\\core\\vege\\views.py", "funcName": "<module>", "lineno": 9}
{"asctime": "2025-05-06 20:42:50,378", "levelname": "CRITICAL", "process": 10484, "module": "views", "message": "Database down", "pathname": "D:\\Django Practice\\core\\vege\\views.py", "funcName": "<module>", "lineno": 10}
{"asctime": "2025-05-06 20:42:50,398", "levelname": "INFO", "process": 10484, "module": "accounts_views_imports", "message": "User logged in", "pathname": "D:\\Django Practice\\core\\accounts\\accounts_views_imports.py", "funcName": "<module>", "lineno": 39}
{"asctime": "2025-05-06 20:42:50,399", "levelname": "WARNING", "process": 10484, "module": "accounts_views_imports", "message": "API response slow", "pathname": "D:\\Django Practice\\core\\accounts\\accounts_views_imports.py", "funcName": "<module>", "lineno": 40}
{"asctime": "2025-05-06 20:42:50,400", "levelname": "ERROR", "process": 10484, "module": "accounts_views_imports", "message": "Payment failed", "pathname": "D:\\Django Practice\\core\\accounts\\accounts_views_imports.py", "funcName": "<module>", "lineno": 41}
{"asctime": "2025-05-06 20:42:50,401", "levelname": "CRITICAL", "process": 10484, "module": "accounts_views_imports", "message": "Database down", "pathname": "D:\\Django Practice\\core\\accounts\\accounts_views_imports.py", "funcName": "<module>", "lineno": 42}
{"asctime": "2025-05-06 20:45:31,515", "levelname": "INFO", "process": 11348, "module": "views", "message": "User logged in", "pathname": "D:\\Django Practice\\core\\vege\\views.py", "funcName": "<module>", "lineno": 7}
{"asctime": "2025-05-06 20:45:31,516", "levelname": "WARNING", "process": 11348, "module": "views", "message": "API response slow", "pathname": "D:\\Django Practice\\core\\vege\\views.py", "funcName": "<module>", "lineno": 8}
{"asctime": "2025-05-06 20:45:31,516", "levelname": "ERROR", "process": 11348, "module": "views", "message": "Payment failed", "pathname": "D:\\Django Practice\\core\\vege\\views.py", "funcName": "<module>", "lineno": 9}
{"asctime": "2025-05-06 20:45:31,517", "levelname": "CRITICAL", "process": 11348, "module": "views", "message": "Database down", "pathname": "D:\\Django Practice\\core\\vege\\views.py", "funcName": "<module>", "lineno": 10}
{"asctime": "2025-05-06 20:45:31,535", "levelname": "INFO", "process": 11348, "module": "accounts_views_imports", "message": "User logged in", "pathname": "D:\\Django Practice\\core\\accounts\\accounts_views_imports.py", "funcName": "<module>", "lineno": 39}
{"asctime": "2025-05-06 20:45:31,536", "levelname": "WARNING", "process": 11348, "module": "accounts_views_imports", "message": "API response slow", "pathname": "D:\\Django Practice\\core\\accounts\\accounts_views_imports.py", "funcName": "<module>", "lineno": 40}
{"asctime": "2025-05-06 20:45:31,537", "levelname": "ERROR", "process": 11348, "module": "accounts_views_imports", "message": "Payment failed", "pathname": "D:\\Django Practice\\core\\accounts\\accounts_views_imports.py", "funcName": "<module>", "lineno": 41}
{"asctime": "2025-05-06 20:45:31,537", "levelname": "CRITICAL", "process": 11348, "module": "accounts_views_imports", "message": "Database down", "pathname": "D:\\Django Practice\\core\\accounts\\accounts_views_imports.py", "funcName": "<module>", "lineno": 42}
{"asctime": "2025-05-06 20:46:47,963", "levelname": "INFO", "process": 11576, "module": "views", "message": "User logged in", "pathname": "D:\\Django Practice\\core\\vege\\views.py", "funcName": "<module>", "lineno": 7}
{"asctime": "2025-05-06 20:46:47,964", "levelname": "WARNING", "process": 11576, "module": "views", "message": "API response slow", "pathname": "D:\\Django Practice\\core\\vege\\views.py", "funcName": "<module>", "lineno": 8}
{"asctime": "2025-05-06 20:46:47,964", "levelname": "ERROR", "process": 11576, "module": "views", "message": "Payment failed", "pathname": "D:\\Django Practice\\core\\vege\\views.py", "funcName": "<module>", "lineno": 9}
{"asctime": "2025-05-06 20:46:47,965", "levelname": "CRITICAL", "process": 11576, "module": "views", "message": "Database down", "pathname": "D:\\Django Practice\\core\\vege\\views.py", "funcName": "<module>", "lineno": 10}
{"asctime": "2025-05-06 20:46:47,981", "levelname": "INFO", "process": 11576, "module": "accounts_views_imports", "message": "User logged in", "pathname": "D:\\Django Practice\\core\\accounts\\accounts_views_imports.py", "funcName": "<module>", "lineno": 39}
{"asctime": "2025-05-06 20:46:47,982", "levelname": "WARNING", "process": 11576, "module": "accounts_views_imports", "message": "API response slow", "pathname": "D:\\Django Practice\\core\\accounts\\accounts_views_imports.py", "funcName": "<module>", "lineno": 40}
{"asctime": "2025-05-06 20:46:47,983", "levelname": "ERROR", "process": 11576, "module": "accounts_views_imports", "message": "Payment failed", "pathname": "D:\\Django Practice\\core\\accounts\\accounts_views_imports.py", "funcName": "<module>", "lineno": 41}
{"asctime": "2025-05-06 20:46:47,983", "levelname": "CRITICAL", "process": 11576, "module": "accounts_views_imports", "message": "Database down", "pathname": "D:\\Django Practice\\core\\accounts\\accounts_views_imports.py", "funcName": "<module>", "lineno": 42}
